#,Data Owner,Source,Metric Name,Value,Unit,Time Period,Source/Survey,Notes
1,Yijie,https://fred.stlouisfed.org/series/UMCSENT,Michigan ICS – Overall,86.2,Index (1966 Q1 = 100),1952-11,Univ. of Michigan – Surveys of Consumers,Monthly final reading via FRED (UMCSENT)
2,Yijie,https://fred.stlouisfed.org/series/UMCSENT,Michigan ICS – Overall,90.7,Index (1966 Q1 = 100),1953-02,Univ. of Michigan – Surveys of Consumers,Monthly final reading via FRED (UMCSENT)
3,Yijie,https://fred.stlouisfed.org/series/UMCSENT,Michigan ICS – Overall,80.8,Index (1966 Q1 = 100),1953-08,Univ. of Michigan – Surveys of Consumers,Monthly final reading via FRED (UMCSENT)
4,Yijie,https://fred.stlouisfed.org/series/UMCSENT,Michigan ICS – Overall,80.7,Index (1966 Q1 = 100),1953-11,Univ. of Michigan – Surveys of Consumers,Monthly final reading via FRED (UMCSENT)
5,Yijie,https://fred.stlouisfed.org/series/UMCSENT,Michigan ICS – Overall,82.0,Index (1966 Q1 = 100),1954-02,Univ. of Michigan – Surveys of Consumers,Monthly final reading via FRED (UMCSENT)
6,Yijie,https://fred.stlouisfed.org/series/UMCSENT,Michigan ICS – Overall,82.9,Index (1966 Q1 = 100),1954-05,Univ. of Michigan – Surveys of Consumers,Monthly final reading via FRED (UMCSENT)
7,Yijie,https://fred.stlouisfed.org/series/UMCSENT,Michigan ICS – Overall,87.0,Index (1966 Q1 = 100),1954-11,Univ. of Michigan – Surveys of Consumers,Monthly final reading via FRED (UMCSENT)
8,Yijie,https://fred.stlouisfed.org/series/UMCSENT,Michigan ICS – Overall,95.9,Index (1966 Q1 = 100),1955-02,Univ. of Michigan – Surveys of Consumers,Monthly final reading via FRED (UMCSENT)
9,Yijie,https://fred.stlouisfed.org/series/UMCSENT,Michigan ICS – Overall,99.1,Index (1966 Q1 = 100),1955-05,Univ. of Michigan – Surveys of Consumers,Monthly final reading via FRED (UMCSENT)
10,Yijie,https://fred.stlouisfed.org/series/UMCSENT,Michigan ICS – Overall,99.7,Index (1966 Q1 = 100),1955-11,Univ. of Michigan – Surveys of Consumers,Monthly final reading via FRED (UMCSENT)
11,Yijie,https://fred.stlouisfed.org/series/UMCSENT,Michigan ICS – Overall,98.2,Index (1966 Q1 = 100),1956-05,Univ. of Michigan – Surveys of Consumers,Monthly final reading via FRED (UMCSENT)
12,Yijie,https://fred.stlouisfed.org/series/UMCSENT,Michigan ICS – Overall,99.9,Index (1966 Q1 = 100),1956-08,Univ. of Michigan – Surveys of Consumers,Monthly final reading via FRED (UMCSENT)
13,Yijie,https://fred.stlouisfed.org/series/UMCSENT,Michigan ICS – Overall,100.2,Index (1966 Q1 = 100),1956-11,Univ. of Michigan – Surveys of Consumers,Monthly final reading via FRED (UMCSENT)
14,Yijie,https://fred.stlouisfed.org/series/UMCSENT,Michigan ICS – Overall,92.9,Index (1966 Q1 = 100),1957-05,Univ. of Michigan – Surveys of Consumers,Monthly final reading via FRED (UMCSENT)
15,Yijie,https://fred.stlouisfed.org/series/UMCSENT,Michigan ICS – Overall,83.7,Index (1966 Q1 = 100),1957-11,Univ. of Michigan – Surveys of Consumers,Monthly final reading via FRED (UMCSENT)
16,Yijie,https://fred.stlouisfed.org/series/UMCSENT,Michigan ICS – Overall,78.5,Index (1966 Q1 = 100),1958-02,Univ. of Michigan – Surveys of Consumers,Monthly final reading via FRED (UMCSENT)
17,Yijie,https://fred.stlouisfed.org/series/UMCSENT,Michigan ICS – Overall,80.9,Index (1966 Q1 = 100),1958-05,Univ. of Michigan – Surveys of Consumers,Monthly final reading via FRED (UMCSENT)
18,Yijie,https://fred.stlouisfed.org/series/UMCSENT,Michigan ICS – Overall,90.8,Index (1966 Q1 = 100),1958-11,Univ. of Michigan – Surveys of Consumers,Monthly final reading via FRED (UMCSENT)
19,Yijie,https://fred.stlouisfed.org/series/UMCSENT,Michigan ICS – Overall,95.3,Index (1966 Q1 = 100),1959-05,Univ. of Michigan – Surveys of Consumers,Monthly final reading via FRED (UMCSENT)
20,Yijie,https://fred.stlouisfed.org/series/UMCSENT,Michigan ICS – Overall,93.8,Index (1966 Q1 = 100),1959-11,Univ. of Michigan – Surveys of Consumers,Monthly final reading via FRED (UMCSENT)
21,Yijie,,OECD CCI – Amplitude Adjusted,101.6328,Normalised (avg=100),1960-01,OECD via FRED – CSCICP03USM665S,Above 100 = optimism; below 100 = pessimism
22,Yijie,https://fred.stlouisfed.org/series/USACSCICP02STSAM,OECD CCI – Standardised,107.5944,Normalised (avg=100),1960-01,OECD via FRED,FRED series USACSCICP02STSAM
23,Yijie,https://fred.stlouisfed.org/series/UMCSENT,Michigan ICS – Overall,100.0,Index (1966 Q1 = 100),1960-02,Univ. of Michigan – Surveys of Consumers,Monthly final reading via FRED (UMCSENT)
24,Yijie,,OECD CCI – Amplitude Adjusted,101.3749,Normalised (avg=100),1960-02,OECD via FRED – CSCICP03USM665S,Above 100 = optimism; below 100 = pessimism
25,Yijie,https://fred.stlouisfed.org/series/USACSCICP02STSAM,OECD CCI – Standardised,105.1914,Normalised (avg=100),1960-02,OECD via FRED,FRED series USACSCICP02STSAM
26,Yijie,,OECD CCI – Amplitude Adjusted,101.1521,Normalised (avg=100),1960-03,OECD via FRED – CSCICP03USM665S,Above 100 = optimism; below 100 = pessimism
27,Yijie,https://fred.stlouisfed.org/series/USACSCICP02STSAM,OECD CCI – Standardised,102.7885,Normalised (avg=100),1960-03,OECD via FRED,FRED series USACSCICP02STSAM
28,Yijie,,OECD CCI – Amplitude Adjusted,101.0292,Normalised (avg=100),1960-04,OECD via FRED – CSCICP03USM665S,Above 100 = optimism; below 100 = pessimism
29,Yijie,https://fred.stlouisfed.org/series/USACSCICP02STSAM,OECD CCI – Standardised,100.3855,Normalised (avg=100),1960-04,OECD via FRED,FRED series USACSCICP02STSAM
30,Yijie,https://fred.stlouisfed.org/series/UMCSENT,Michigan ICS – Overall,93.3,Index (1966 Q1 = 100),1960-05,Univ. of Michigan – Surveys of Consumers,Monthly final reading via FRED (UMCSENT)
31,Yijie,,OECD CCI – Amplitude Adjusted,101.0603,Normalised (avg=100),1960-05,OECD via FRED – CSCICP03USM665S,Above 100 = optimism; below 100 = pessimism
32,Yijie,https://fred.stlouisfed.org/series/USACSCICP02STSAM,OECD CCI – Standardised,101.7843,Normalised (avg=100),1960-05,OECD via FRED,FRED series USACSCICP02STSAM
33,Yijie,,OECD CCI – Amplitude Adjusted,101.1481,Normalised (avg=100),1960-06,OECD via FRED – CSCICP03USM665S,Above 100 = optimism; below 100 = pessimism
34,Yijie,https://fred.stlouisfed.org/series/USACSCICP02STSAM,OECD CCI – Standardised,103.183,Normalised (avg=100),1960-06,OECD via FRED,FRED series USACSCICP02STSAM
35,Yijie,,OECD CCI – Amplitude Adjusted,101.1666,Normalised (avg=100),1960-07,OECD via FRED – CSCICP03USM665S,Above 100 = optimism; below 100 = pessimism
36,Yijie,https://fred.stlouisfed.org/series/USACSCICP02STSAM,OECD CCI – Standardised,104.5817,Normalised (avg=100),1960-07,OECD via FRED,FRED series USACSCICP02STSAM
37,Yijie,https://fred.stlouisfed.org/series/UMCSENT,Michigan ICS – Overall,97.2,Index (1966 Q1 = 100),1960-08,Univ. of Michigan – Surveys of Consumers,Monthly final reading via FRED (UMCSENT)
38,Yijie,,OECD CCI – Amplitude Adjusted,101.0264,Normalised (avg=100),1960-08,OECD via FRED – CSCICP03USM665S,Above 100 = optimism; below 100 = pessimism
39,Yijie,https://fred.stlouisfed.org/series/USACSCICP02STSAM,OECD CCI – Standardised,102.0353,Normalised (avg=100),1960-08,OECD via FRED,FRED series USACSCICP02STSAM
40,Yijie,,OECD CCI – Amplitude Adjusted,100.8089,Normalised (avg=100),1960-09,OECD via FRED – CSCICP03USM665S,Above 100 = optimism; below 100 = pessimism
41,Yijie,https://fred.stlouisfed.org/series/USACSCICP02STSAM,OECD CCI – Standardised,99.48893,Normalised (avg=100),1960-09,OECD via FRED,FRED series USACSCICP02STSAM
42,Yijie,,OECD CCI – Amplitude Adjusted,100.6283,Normalised (avg=100),1960-10,OECD via FRED – CSCICP03USM665S,Above 100 = optimism; below 100 = pessimism
43,Yijie,https://fred.stlouisfed.org/series/USACSCICP02STSAM,OECD CCI – Standardised,96.94253,Normalised (avg=100),1960-10,OECD via FRED,FRED series USACSCICP02STSAM
44,Yijie,https://fred.stlouisfed.org/series/UMCSENT,Michigan ICS – Overall,90.1,Index (1966 Q1 = 100),1960-11,Univ. of Michigan – Surveys of Consumers,Monthly final reading via FRED (UMCSENT)
45,Yijie,,OECD CCI – Amplitude Adjusted,100.5697,Normalised (avg=100),1960-11,OECD via FRED – CSCICP03USM665S,Above 100 = optimism; below 100 = pessimism
46,Yijie,https://fred.stlouisfed.org/series/USACSCICP02STSAM,OECD CCI – Standardised,97.4805,Normalised (avg=100),1960-11,OECD via FRED,FRED series USACSCICP02STSAM
47,Yijie,,OECD CCI – Amplitude Adjusted,100.5908,Normalised (avg=100),1960-12,OECD via FRED – CSCICP03USM665S,Above 100 = optimism; below 100 = pessimism
48,Yijie,https://fred.stlouisfed.org/series/USACSCICP02STSAM,OECD CCI – Standardised,98.01847,Normalised (avg=100),1960-12,OECD via FRED,FRED series USACSCICP02STSAM
49,Yijie,,OECD CCI – Amplitude Adjusted,100.6394,Normalised (avg=100),1961-01,OECD via FRED – CSCICP03USM665S,Above 100 = optimism; below 100 = pessimism
50,Yijie,https://fred.stlouisfed.org/series/USACSCICP02STSAM,OECD CCI – Standardised,98.55644,Normalised (avg=100),1961-01,OECD via FRED,FRED series USACSCICP02STSAM
51,Yijie,https://fred.stlouisfed.org/series/UMCSENT,Michigan ICS – Overall,91.6,Index (1966 Q1 = 100),1961-02,Univ. of Michigan – Surveys of Consumers,Monthly final reading via FRED (UMCSENT)
52,Yijie,,OECD CCI – Amplitude Adjusted,100.6912,Normalised (avg=100),1961-02,OECD via FRED – CSCICP03USM665S,Above 100 = optimism; below 100 = pessimism
53,Yijie,https://fred.stlouisfed.org/series/USACSCICP02STSAM,OECD CCI – Standardised,98.87923,Normalised (avg=100),1961-02,OECD via FRED,FRED series USACSCICP02STSAM
54,Yijie,,OECD CCI – Amplitude Adjusted,100.7601,Normalised (avg=100),1961-03,OECD via FRED – CSCICP03USM665S,Above 100 = optimism; below 100 = pessimism
55,Yijie,https://fred.stlouisfed.org/series/USACSCICP02STSAM,OECD CCI – Standardised,99.20201,Normalised (avg=100),1961-03,OECD via FRED,FRED series USACSCICP02STSAM
56,Yijie,,OECD CCI – Amplitude Adjusted,100.882,Normalised (avg=100),1961-04,OECD via FRED – CSCICP03USM665S,Above 100 = optimism; below 100 = pessimism
57,Yijie,https://fred.stlouisfed.org/series/USACSCICP02STSAM,OECD CCI – Standardised,99.52479,Normalised (avg=100),1961-04,OECD via FRED,FRED series USACSCICP02STSAM
58,Yijie,https://fred.stlouisfed.org/series/UMCSENT,Michigan ICS – Overall,92.5,Index (1966 Q1 = 100),1961-05,Univ. of Michigan – Surveys of Consumers,Monthly final reading via FRED (UMCSENT)
59,Yijie,,OECD CCI – Amplitude Adjusted,101.0809,Normalised (avg=100),1961-05,OECD via FRED – CSCICP03USM665S,Above 100 = optimism; below 100 = pessimism
60,Yijie,https://fred.stlouisfed.org/series/USACSCICP02STSAM,OECD CCI – Standardised,101.9277,Normalised (avg=100),1961-05,OECD via FRED,FRED series USACSCICP02STSAM
61,Yijie,,OECD CCI – Amplitude Adjusted,101.2828,Normalised (avg=100),1961-06,OECD via FRED – CSCICP03USM665S,Above 100 = optimism; below 100 = pessimism
62,Yijie,https://fred.stlouisfed.org/series/USACSCICP02STSAM,OECD CCI – Standardised,104.3307,Normalised (avg=100),1961-06,OECD via FRED,FRED series USACSCICP02STSAM
63,Yijie,,OECD CCI – Amplitude Adjusted,101.3798,Normalised (avg=100),1961-07,OECD via FRED – CSCICP03USM665S,Above 100 = optimism; below 100 = pessimism
64,Yijie,https://fred.stlouisfed.org/series/USACSCICP02STSAM,OECD CCI – Standardised,106.7336,Normalised (avg=100),1961-07,OECD via FRED,FRED series USACSCICP02STSAM
65,Yijie,https://fred.stlouisfed.org/series/UMCSENT,Michigan ICS – Overall,99.2,Index (1966 Q1 = 100),1961-08,Univ. of Michigan – Surveys of Consumers,Monthly final reading via FRED (UMCSENT)
66,Yijie,,OECD CCI – Amplitude Adjusted,101.2913,Normalised (avg=100),1961-08,OECD via FRED – CSCICP03USM665S,Above 100 = optimism; below 100 = pessimism
67,Yijie,https://fred.stlouisfed.org/series/USACSCICP02STSAM,OECD CCI – Standardised,104.51,Normalised (avg=100),1961-08,OECD via FRED,FRED series USACSCICP02STSAM
68,Yijie,,OECD CCI – Amplitude Adjusted,101.1308,Normalised (avg=100),1961-09,OECD via FRED – CSCICP03USM665S,Above 100 = optimism; below 100 = pessimism
69,Yijie,https://fred.stlouisfed.org/series/USACSCICP02STSAM,OECD CCI – Standardised,102.2864,Normalised (avg=100),1961-09,OECD via FRED,FRED series USACSCICP02STSAM
70,Yijie,,OECD CCI – Amplitude Adjusted,101.0503,Normalised (avg=100),1961-10,OECD via FRED – CSCICP03USM665S,Above 100 = optimism; below 100 = pessimism
71,Yijie,https://fred.stlouisfed.org/series/USACSCICP02STSAM,OECD CCI – Standardised,100.0628,Normalised (avg=100),1961-10,OECD via FRED,FRED series USACSCICP02STSAM
72,Yijie,https://fred.stlouisfed.org/series/UMCSENT,Michigan ICS – Overall,93.0,Index (1966 Q1 = 100),1961-11,Univ. of Michigan – Surveys of Consumers,Monthly final reading via FRED (UMCSENT)
73,Yijie,,OECD CCI – Amplitude Adjusted,101.1574,Normalised (avg=100),1961-11,OECD via FRED – CSCICP03USM665S,Above 100 = optimism; below 100 = pessimism
74,Yijie,https://fred.stlouisfed.org/series/USACSCICP02STSAM,OECD CCI – Standardised,102.5374,Normalised (avg=100),1961-11,OECD via FRED,FRED series USACSCICP02STSAM
75,Yijie,,OECD CCI – Amplitude Adjusted,101.3521,Normalised (avg=100),1961-12,OECD via FRED – CSCICP03USM665S,Above 100 = optimism; below 100 = pessimism
76,Yijie,https://fred.stlouisfed.org/series/USACSCICP02STSAM,OECD CCI – Standardised,105.0121,Normalised (avg=100),1961-12,OECD via FRED,FRED series USACSCICP02STSAM
77,Yijie,,OECD CCI – Amplitude Adjusted,101.4912,Normalised (avg=100),1962-01,OECD via FRED – CSCICP03USM665S,Above 100 = optimism; below 100 = pessimism
78,Yijie,https://fred.stlouisfed.org/series/USACSCICP02STSAM,OECD CCI – Standardised,107.4868,Normalised (avg=100),1962-01,OECD via FRED,FRED series USACSCICP02STSAM
79,Yijie,https://fred.stlouisfed.org/series/UMCSENT,Michigan ICS – Overall,99.9,Index (1966 Q1 = 100),1962-02,Univ. of Michigan – Surveys of Consumers,Monthly final reading via FRED (UMCSENT)
80,Yijie,,OECD CCI – Amplitude Adjusted,101.4639,Normalised (avg=100),1962-02,OECD via FRED – CSCICP03USM665S,Above 100 = optimism; below 100 = pessimism
81,Yijie,https://fred.stlouisfed.org/series/USACSCICP02STSAM,OECD CCI – Standardised,105.8729,Normalised (avg=100),1962-02,OECD via FRED,FRED series USACSCICP02STSAM
82,Yijie,,OECD CCI – Amplitude Adjusted,101.3246,Normalised (avg=100),1962-03,OECD via FRED – CSCICP03USM665S,Above 100 = optimism; below 100 = pessimism
83,Yijie,https://fred.stlouisfed.org/series/USACSCICP02STSAM,OECD CCI – Standardised,104.2589,Normalised (avg=100),1962-03,OECD via FRED,FRED series USACSCICP02STSAM
84,Yijie,,OECD CCI – Amplitude Adjusted,101.1431,Normalised (avg=100),1962-04,OECD via FRED – CSCICP03USM665S,Above 100 = optimism; below 100 = pessimism
85,Yijie,https://fred.stlouisfed.org/series/USACSCICP02STSAM,OECD CCI – Standardised,102.645,Normalised (avg=100),1962-04,OECD via FRED,FRED series USACSCICP02STSAM
86,Yijie,https://fred.stlouisfed.org/series/UMCSENT,Michigan ICS – Overall,95.4,Index (1966 Q1 = 100),1962-05,Univ. of Michigan – Surveys of Consumers,Monthly final reading via FRED (UMCSENT)
87,Yijie,,OECD CCI – Amplitude Adjusted,100.9669,Normalised (avg=100),1962-05,OECD via FRED – CSCICP03USM665S,Above 100 = optimism; below 100 = pessimism
88,Yijie,https://fred.stlouisfed.org/series/USACSCICP02STSAM,OECD CCI – Standardised,101.2822,Normalised (avg=100),1962-05,OECD via FRED,FRED series USACSCICP02STSAM
89,Yijie,,OECD CCI – Amplitude Adjusted,100.8264,Normalised (avg=100),1962-06,OECD via FRED – CSCICP03USM665S,Above 100 = optimism; below 100 = pessimism
90,Yijie,https://fred.stlouisfed.org/series/USACSCICP02STSAM,OECD CCI – Standardised,99.9193,Normalised (avg=100),1962-06,OECD via FRED,FRED series USACSCICP02STSAM
91,Yijie,,OECD CCI – Amplitude Adjusted,100.7613,Normalised (avg=100),1962-07,OECD via FRED – CSCICP03USM665S,Above 100 = optimism; below 100 = pessimism
92,Yijie,https://fred.stlouisfed.org/series/USACSCICP02STSAM,OECD CCI – Standardised,98.55644,Normalised (avg=100),1962-07,OECD via FRED,FRED series USACSCICP02STSAM
93,Yijie,https://fred.stlouisfed.org/series/UMCSENT,Michigan ICS – Overall,91.6,Index (1966 Q1 = 100),1962-08,Univ. of Michigan – Surveys of Consumers,Monthly final reading via FRED (UMCSENT)
94,Yijie,,OECD CCI – Amplitude Adjusted,100.8116,Normalised (avg=100),1962-08,OECD via FRED – CSCICP03USM665S,Above 100 = optimism; below 100 = pessimism
95,Yijie,https://fred.stlouisfed.org/series/USACSCICP02STSAM,OECD CCI – Standardised,99.77585,Normalised (avg=100),1962-08,OECD via FRED,FRED series USACSCICP02STSAM
96,Yijie,,OECD CCI – Amplitude Adjusted,100.934,Normalised (avg=100),1962-09,OECD via FRED – CSCICP03USM665S,Above 100 = optimism; below 100 = pessimism
97,Yijie,https://fred.stlouisfed.org/series/USACSCICP02STSAM,OECD CCI – Standardised,100.9952,Normalised (avg=100),1962-09,OECD via FRED,FRED series USACSCICP02STSAM
98,Yijie,,OECD CCI – Amplitude Adjusted,101.0849,Normalised (avg=100),1962-10,OECD via FRED – CSCICP03USM665S,Above 100 = optimism; below 100 = pessimism
99,Yijie,https://fred.stlouisfed.org/series/USACSCICP02STSAM,OECD CCI – Standardised,102.2147,Normalised (avg=100),1962-10,OECD via FRED,FRED series USACSCICP02STSAM
100,Yijie,https://fred.stlouisfed.org/series/UMCSENT,Michigan ICS – Overall,95.0,Index (1966 Q1 = 100),1962-11,Univ. of Michigan – Surveys of Consumers,Monthly final reading via FRED (UMCSENT)
101,Yijie,,OECD CCI – Amplitude Adjusted,101.2314,Normalised (avg=100),1962-11,OECD via FRED – CSCICP03USM665S,Above 100 = optimism; below 100 = pessimism
102,Yijie,https://fred.stlouisfed.org/series/USACSCICP02STSAM,OECD CCI – Standardised,103.4341,Normalised (avg=100),1962-11,OECD via FRED,FRED series USACSCICP02STSAM
103,Yijie,,OECD CCI – Amplitude Adjusted,101.3343,Normalised (avg=100),1962-12,OECD via FRED – CSCICP03USM665S,Above 100 = optimism; below 100 = pessimism
104,Yijie,https://fred.stlouisfed.org/series/USACSCICP02STSAM,OECD CCI – Standardised,104.6535,Normalised (avg=100),1962-12,OECD via FRED,FRED series USACSCICP02STSAM
105,Yijie,,OECD CCI – Amplitude Adjusted,101.3353,Normalised (avg=100),1963-01,OECD via FRED – CSCICP03USM665S,Above 100 = optimism; below 100 = pessimism
106,Yijie,https://fred.stlouisfed.org/series/USACSCICP02STSAM,OECD CCI – Standardised,105.8729,Normalised (avg=100),1963-01,OECD via FRED,FRED series USACSCICP02STSAM
107,Yijie,https://fred.stlouisfed.org/series/UMCSENT,Michigan ICS – Overall,98.4,Index (1966 Q1 = 100),1963-02,Univ. of Michigan – Surveys of Consumers,Monthly final reading via FRED (UMCSENT)
108,Yijie,,OECD CCI – Amplitude Adjusted,101.1873,Normalised (avg=100),1963-02,OECD via FRED – CSCICP03USM665S,Above 100 = optimism; below 100 = pessimism
109,Yijie,https://fred.stlouisfed.org/series/USACSCICP02STSAM,OECD CCI – Standardised,103.4699,Normalised (avg=100),1963-02,OECD via FRED,FRED series USACSCICP02STSAM
110,Yijie,,OECD CCI – Amplitude Adjusted,100.9873,Normalised (avg=100),1963-03,OECD via FRED – CSCICP03USM665S,Above 100 = optimism; below 100 = pessimism
111,Yijie,https://fred.stlouisfed.org/series/USACSCICP02STSAM,OECD CCI – Standardised,101.067,Normalised (avg=100),1963-03,OECD via FRED,FRED series USACSCICP02STSAM
112,Yijie,,OECD CCI – Amplitude Adjusted,100.8609,Normalised (avg=100),1963-04,OECD via FRED – CSCICP03USM665S,Above 100 = optimism; below 100 = pessimism
113,Yijie,https://fred.stlouisfed.org/series/USACSCICP02STSAM,OECD CCI – Standardised,98.66404,Normalised (avg=100),1963-04,OECD via FRED,FRED series USACSCICP02STSAM
114,Yijie,https://fred.stlouisfed.org/series/UMCSENT,Michigan ICS – Overall,91.7,Index (1966 Q1 = 100),1963-05,Univ. of Michigan – Surveys of Consumers,Monthly final reading via FRED (UMCSENT)
115,Yijie,,OECD CCI – Amplitude Adjusted,100.8994,Normalised (avg=100),1963-05,OECD via FRED – CSCICP03USM665S,Above 100 = optimism; below 100 = pessimism
116,Yijie,https://fred.stlouisfed.org/series/USACSCICP02STSAM,OECD CCI – Standardised,100.3497,Normalised (avg=100),1963-05,OECD via FRED,FRED series USACSCICP02STSAM
117,Yijie,,OECD CCI – Amplitude Adjusted,101.0223,Normalised (avg=100),1963-06,OECD via FRED – CSCICP03USM665S,Above 100 = optimism; below 100 = pessimism
118,Yijie,https://fred.stlouisfed.org/series/USACSCICP02STSAM,OECD CCI – Standardised,102.0353,Normalised (avg=100),1963-06,OECD via FRED,FRED series USACSCICP02STSAM
119,Yijie,,OECD CCI – Amplitude Adjusted,101.124,Normalised (avg=100),1963-07,OECD via FRED – CSCICP03USM665S,Above 100 = optimism; below 100 = pessimism
120,Yijie,https://fred.stlouisfed.org/series/USACSCICP02STSAM,OECD CCI – Standardised,103.721,Normalised (avg=100),1963-07,OECD via FRED,FRED series USACSCICP02STSAM
121,Yijie,https://fred.stlouisfed.org/series/UMCSENT,Michigan ICS – Overall,96.4,Index (1966 Q1 = 100),1963-08,Univ. of Michigan – Surveys of Consumers,Monthly final reading via FRED (UMCSENT)
122,Yijie,,OECD CCI – Amplitude Adjusted,101.1356,Normalised (avg=100),1963-08,OECD via FRED – CSCICP03USM665S,Above 100 = optimism; below 100 = pessimism
123,Yijie,https://fred.stlouisfed.org/series/USACSCICP02STSAM,OECD CCI – Standardised,103.0037,Normalised (avg=100),1963-08,OECD via FRED,FRED series USACSCICP02STSAM
124,Yijie,,OECD CCI – Amplitude Adjusted,101.1075,Normalised (avg=100),1963-09,OECD via FRED – CSCICP03USM665S,Above 100 = optimism; below 100 = pessimism
125,Yijie,https://fred.stlouisfed.org/series/USACSCICP02STSAM,OECD CCI – Standardised,102.2864,Normalised (avg=100),1963-09,OECD via FRED,FRED series USACSCICP02STSAM
126,Yijie,,OECD CCI – Amplitude Adjusted,101.1198,Normalised (avg=100),1963-10,OECD via FRED – CSCICP03USM665S,Above 100 = optimism; below 100 = pessimism
127,Yijie,https://fred.stlouisfed.org/series/USACSCICP02STSAM,OECD CCI – Standardised,101.5691,Normalised (avg=100),1963-10,OECD via FRED,FRED series USACSCICP02STSAM
128,Yijie,https://fred.stlouisfed.org/series/UMCSENT,Michigan ICS – Overall,94.4,Index (1966 Q1 = 100),1963-11,Univ. of Michigan – Surveys of Consumers,Monthly final reading via FRED (UMCSENT)
129,Yijie,,OECD CCI – Amplitude Adjusted,101.231,Normalised (avg=100),1963-11,OECD via FRED – CSCICP03USM665S,Above 100 = optimism; below 100 = pessimism
130,Yijie,https://fred.stlouisfed.org/series/USACSCICP02STSAM,OECD CCI – Standardised,103.3982,Normalised (avg=100),1963-11,OECD via FRED,FRED series USACSCICP02STSAM
131,Yijie,,OECD CCI – Amplitude Adjusted,101.3881,Normalised (avg=100),1963-12,OECD via FRED – CSCICP03USM665S,Above 100 = optimism; below 100 = pessimism
132,Yijie,https://fred.stlouisfed.org/series/USACSCICP02STSAM,OECD CCI – Standardised,105.2273,Normalised (avg=100),1963-12,OECD via FRED,FRED series USACSCICP02STSAM
133,Yijie,,OECD CCI – Amplitude Adjusted,101.5147,Normalised (avg=100),1964-01,OECD via FRED – CSCICP03USM665S,Above 100 = optimism; below 100 = pessimism
134,Yijie,https://fred.stlouisfed.org/series/USACSCICP02STSAM,OECD CCI – Standardised,107.0564,Normalised (avg=100),1964-01,OECD via FRED,FRED series USACSCICP02STSAM
135,Yijie,https://fred.stlouisfed.org/series/UMCSENT,Michigan ICS – Overall,99.5,Index (1966 Q1 = 100),1964-02,Univ. of Michigan – Surveys of Consumers,Monthly final reading via FRED (UMCSENT)
136,Yijie,,OECD CCI – Amplitude Adjusted,101.5552,Normalised (avg=100),1964-02,OECD via FRED – CSCICP03USM665S,Above 100 = optimism; below 100 = pessimism
137,Yijie,https://fred.stlouisfed.org/series/USACSCICP02STSAM,OECD CCI – Standardised,106.6977,Normalised (avg=100),1964-02,OECD via FRED,FRED series USACSCICP02STSAM
138,Yijie,,OECD CCI – Amplitude Adjusted,101.5483,Normalised (avg=100),1964-03,OECD via FRED – CSCICP03USM665S,Above 100 = optimism; below 100 = pessimism
139,Yijie,https://fred.stlouisfed.org/series/USACSCICP02STSAM,OECD CCI – Standardised,106.3391,Normalised (avg=100),1964-03,OECD via FRED,FRED series USACSCICP02STSAM
140,Yijie,,OECD CCI – Amplitude Adjusted,101.5471,Normalised (avg=100),1964-04,OECD via FRED – CSCICP03USM665S,Above 100 = optimism; below 100 = pessimism
141,Yijie,https://fred.stlouisfed.org/series/USACSCICP02STSAM,OECD CCI – Standardised,105.9805,Normalised (avg=100),1964-04,OECD via FRED,FRED series USACSCICP02STSAM
142,Yijie,https://fred.stlouisfed.org/series/UMCSENT,Michigan ICS – Overall,98.5,Index (1966 Q1 = 100),1964-05,Univ. of Michigan – Surveys of Consumers,Monthly final reading via FRED (UMCSENT)
143,Yijie,,OECD CCI – Amplitude Adjusted,101.5869,Normalised (avg=100),1964-05,OECD via FRED – CSCICP03USM665S,Above 100 = optimism; below 100 = pessimism
144,Yijie,https://fred.stlouisfed.org/series/USACSCICP02STSAM,OECD CCI – Standardised,106.7336,Normalised (avg=100),1964-05,OECD via FRED,FRED series USACSCICP02STSAM
145,Yijie,,OECD CCI – Amplitude Adjusted,101.6468,Normalised (avg=100),1964-06,OECD via FRED – CSCICP03USM665S,Above 100 = optimism; below 100 = pessimism
146,Yijie,https://fred.stlouisfed.org/series/USACSCICP02STSAM,OECD CCI – Standardised,107.4868,Normalised (avg=100),1964-06,OECD via FRED,FRED series USACSCICP02STSAM
147,Yijie,,OECD CCI – Amplitude Adjusted,101.6927,Normalised (avg=100),1964-07,OECD via FRED – CSCICP03USM665S,Above 100 = optimism; below 100 = pessimism
148,Yijie,https://fred.stlouisfed.org/series/USACSCICP02STSAM,OECD CCI – Standardised,108.2399,Normalised (avg=100),1964-07,OECD via FRED,FRED series USACSCICP02STSAM
149,Yijie,https://fred.stlouisfed.org/series/UMCSENT,Michigan ICS – Overall,100.6,Index (1966 Q1 = 100),1964-08,Univ. of Michigan – Surveys of Consumers,Monthly final reading via FRED (UMCSENT)
150,Yijie,,OECD CCI – Amplitude Adjusted,101.6996,Normalised (avg=100),1964-08,OECD via FRED – CSCICP03USM665S,Above 100 = optimism; below 100 = pessimism
151,Yijie,https://fred.stlouisfed.org/series/USACSCICP02STSAM,OECD CCI – Standardised,107.9889,Normalised (avg=100),1964-08,OECD via FRED,FRED series USACSCICP02STSAM
152,Yijie,,OECD CCI – Amplitude Adjusted,101.6886,Normalised (avg=100),1964-09,OECD via FRED – CSCICP03USM665S,Above 100 = optimism; below 100 = pessimism
153,Yijie,https://fred.stlouisfed.org/series/USACSCICP02STSAM,OECD CCI – Standardised,107.7378,Normalised (avg=100),1964-09,OECD via FRED,FRED series USACSCICP02STSAM
154,Yijie,,OECD CCI – Amplitude Adjusted,101.6924,Normalised (avg=100),1964-10,OECD via FRED – CSCICP03USM665S,Above 100 = optimism; below 100 = pessimism
155,Yijie,https://fred.stlouisfed.org/series/USACSCICP02STSAM,OECD CCI – Standardised,107.4868,Normalised (avg=100),1964-10,OECD via FRED,FRED series USACSCICP02STSAM
156,Yijie,https://fred.stlouisfed.org/series/UMCSENT,Michigan ICS – Overall,99.9,Index (1966 Q1 = 100),1964-11,Univ. of Michigan – Surveys of Consumers,Monthly final reading via FRED (UMCSENT)
157,Yijie,,OECD CCI – Amplitude Adjusted,101.7387,Normalised (avg=100),1964-11,OECD via FRED – CSCICP03USM665S,Above 100 = optimism; below 100 = pessimism
158,Yijie,https://fred.stlouisfed.org/series/USACSCICP02STSAM,OECD CCI – Standardised,108.2399,Normalised (avg=100),1964-11,OECD via FRED,FRED series USACSCICP02STSAM
159,Yijie,,OECD CCI – Amplitude Adjusted,101.819,Normalised (avg=100),1964-12,OECD via FRED – CSCICP03USM665S,Above 100 = optimism; below 100 = pessimism
160,Yijie,https://fred.stlouisfed.org/series/USACSCICP02STSAM,OECD CCI – Standardised,108.9931,Normalised (avg=100),1964-12,OECD via FRED,FRED series USACSCICP02STSAM
161,Yijie,,OECD CCI – Amplitude Adjusted,101.9246,Normalised (avg=100),1965-01,OECD via FRED – CSCICP03USM665S,Above 100 = optimism; below 100 = pessimism
162,Yijie,https://fred.stlouisfed.org/series/USACSCICP02STSAM,OECD CCI – Standardised,109.7463,Normalised (avg=100),1965-01,OECD via FRED,FRED series USACSCICP02STSAM
163,Yijie,https://fred.stlouisfed.org/series/UMCSENT,Michigan ICS – Overall,102.0,Index (1966 Q1 = 100),1965-02,Univ. of Michigan – Surveys of Consumers,Monthly final reading via FRED (UMCSENT)
164,Yijie,,OECD CCI – Amplitude Adjusted,102.0492,Normalised (avg=100),1965-02,OECD via FRED – CSCICP03USM665S,Above 100 = optimism; below 100 = pessimism
165,Yijie,https://fred.stlouisfed.org/series/USACSCICP02STSAM,OECD CCI – Standardised,110.9657,Normalised (avg=100),1965-02,OECD via FRED,FRED series USACSCICP02STSAM
166,Yijie,,OECD CCI – Amplitude Adjusted,102.1655,Normalised (avg=100),1965-03,OECD via FRED – CSCICP03USM665S,Above 100 = optimism; below 100 = pessimism
167,Yijie,https://fred.stlouisfed.org/series/USACSCICP02STSAM,OECD CCI – Standardised,112.1851,Normalised (avg=100),1965-03,OECD via FRED,FRED series USACSCICP02STSAM
168,Yijie,,OECD CCI – Amplitude Adjusted,102.2342,Normalised (avg=100),1965-04,OECD via FRED – CSCICP03USM665S,Above 100 = optimism; below 100 = pessimism
169,Yijie,https://fred.stlouisfed.org/series/USACSCICP02STSAM,OECD CCI – Standardised,113.4045,Normalised (avg=100),1965-04,OECD via FRED,FRED series USACSCICP02STSAM
170,Yijie,https://fred.stlouisfed.org/series/UMCSENT,Michigan ICS – Overall,105.4,Index (1966 Q1 = 100),1965-05,Univ. of Michigan – Surveys of Consumers,Monthly final reading via FRED (UMCSENT)
171,Yijie,,OECD CCI – Amplitude Adjusted,102.2217,Normalised (avg=100),1965-05,OECD via FRED – CSCICP03USM665S,Above 100 = optimism; below 100 = pessimism
172,Yijie,https://fred.stlouisfed.org/series/USACSCICP02STSAM,OECD CCI – Standardised,112.6872,Normalised (avg=100),1965-05,OECD via FRED,FRED series USACSCICP02STSAM
173,Yijie,,OECD CCI – Amplitude Adjusted,102.1644,Normalised (avg=100),1965-06,OECD via FRED – CSCICP03USM665S,Above 100 = optimism; below 100 = pessimism
174,Yijie,https://fred.stlouisfed.org/series/USACSCICP02STSAM,OECD CCI – Standardised,111.9699,Normalised (avg=100),1965-06,OECD via FRED,FRED series USACSCICP02STSAM
175,Yijie,,OECD CCI – Amplitude Adjusted,102.103,Normalised (avg=100),1965-07,OECD via FRED – CSCICP03USM665S,Above 100 = optimism; below 100 = pessimism
176,Yijie,https://fred.stlouisfed.org/series/USACSCICP02STSAM,OECD CCI – Standardised,111.2526,Normalised (avg=100),1965-07,OECD via FRED,FRED series USACSCICP02STSAM
177,Yijie,https://fred.stlouisfed.org/series/UMCSENT,Michigan ICS – Overall,103.4,Index (1966 Q1 = 100),1965-08,Univ. of Michigan – Surveys of Consumers,Monthly final reading via FRED (UMCSENT)
178,Yijie,,OECD CCI – Amplitude Adjusted,102.0611,Normalised (avg=100),1965-08,OECD via FRED – CSCICP03USM665S,Above 100 = optimism; below 100 = pessimism
179,Yijie,https://fred.stlouisfed.org/series/USACSCICP02STSAM,OECD CCI – Standardised,111.0733,Normalised (avg=100),1965-08,OECD via FRED,FRED series USACSCICP02STSAM
180,Yijie,,OECD CCI – Amplitude Adjusted,102.0279,Normalised (avg=100),1965-09,OECD via FRED – CSCICP03USM665S,Above 100 = optimism; below 100 = pessimism
181,Yijie,https://fred.stlouisfed.org/series/USACSCICP02STSAM,OECD CCI – Standardised,110.8939,Normalised (avg=100),1965-09,OECD via FRED,FRED series USACSCICP02STSAM
182,Yijie,,OECD CCI – Amplitude Adjusted,101.9807,Normalised (avg=100),1965-10,OECD via FRED – CSCICP03USM665S,Above 100 = optimism; below 100 = pessimism
183,Yijie,https://fred.stlouisfed.org/series/USACSCICP02STSAM,OECD CCI – Standardised,110.7146,Normalised (avg=100),1965-10,OECD via FRED,FRED series USACSCICP02STSAM
184,Yijie,https://fred.stlouisfed.org/series/UMCSENT,Michigan ICS – Overall,102.9,Index (1966 Q1 = 100),1965-11,Univ. of Michigan – Surveys of Consumers,Monthly final reading via FRED (UMCSENT)
185,Yijie,,OECD CCI – Amplitude Adjusted,101.8983,Normalised (avg=100),1965-11,OECD via FRED – CSCICP03USM665S,Above 100 = optimism; below 100 = pessimism
186,Yijie,https://fred.stlouisfed.org/series/USACSCICP02STSAM,OECD CCI – Standardised,109.6745,Normalised (avg=100),1965-11,OECD via FRED,FRED series USACSCICP02STSAM
187,Yijie,,OECD CCI – Amplitude Adjusted,101.7886,Normalised (avg=100),1965-12,OECD via FRED – CSCICP03USM665S,Above 100 = optimism; below 100 = pessimism
188,Yijie,https://fred.stlouisfed.org/series/USACSCICP02STSAM,OECD CCI – Standardised,108.6344,Normalised (avg=100),1965-12,OECD via FRED,FRED series USACSCICP02STSAM
189,Yijie,,OECD CCI – Amplitude Adjusted,101.657,Normalised (avg=100),1966-01,OECD via FRED – CSCICP03USM665S,Above 100 = optimism; below 100 = pessimism
190,Yijie,https://fred.stlouisfed.org/series/USACSCICP02STSAM,OECD CCI – Standardised,107.5944,Normalised (avg=100),1966-01,OECD via FRED,FRED series USACSCICP02STSAM
191,Yijie,https://fred.stlouisfed.org/series/UMCSENT,Michigan ICS – Overall,100.0,Index (1966 Q1 = 100),1966-02,Univ. of Michigan – Surveys of Consumers,Monthly final reading via FRED (UMCSENT)
192,Yijie,,OECD CCI – Amplitude Adjusted,101.5022,Normalised (avg=100),1966-02,OECD via FRED – CSCICP03USM665S,Above 100 = optimism; below 100 = pessimism
193,Yijie,https://fred.stlouisfed.org/series/USACSCICP02STSAM,OECD CCI – Standardised,106.0522,Normalised (avg=100),1966-02,OECD via FRED,FRED series USACSCICP02STSAM
194,Yijie,,OECD CCI – Amplitude Adjusted,101.3339,Normalised (avg=100),1966-03,OECD via FRED – CSCICP03USM665S,Above 100 = optimism; below 100 = pessimism
195,Yijie,https://fred.stlouisfed.org/series/USACSCICP02STSAM,OECD CCI – Standardised,104.51,Normalised (avg=100),1966-03,OECD via FRED,FRED series USACSCICP02STSAM
196,Yijie,,OECD CCI – Amplitude Adjusted,101.1585,Normalised (avg=100),1966-04,OECD via FRED – CSCICP03USM665S,Above 100 = optimism; below 100 = pessimism
197,Yijie,https://fred.stlouisfed.org/series/USACSCICP02STSAM,OECD CCI – Standardised,102.9678,Normalised (avg=100),1966-04,OECD via FRED,FRED series USACSCICP02STSAM
198,Yijie,https://fred.stlouisfed.org/series/UMCSENT,Michigan ICS – Overall,95.7,Index (1966 Q1 = 100),1966-05,Univ. of Michigan – Surveys of Consumers,Monthly final reading via FRED (UMCSENT)
199,Yijie,,OECD CCI – Amplitude Adjusted,100.9787,Normalised (avg=100),1966-05,OECD via FRED – CSCICP03USM665S,Above 100 = optimism; below 100 = pessimism
200,Yijie,https://fred.stlouisfed.org/series/USACSCICP02STSAM,OECD CCI – Standardised,101.3539,Normalised (avg=100),1966-05,OECD via FRED,FRED series USACSCICP02STSAM
201,Yijie,,OECD CCI – Amplitude Adjusted,100.7995,Normalised (avg=100),1966-06,OECD via FRED – CSCICP03USM665S,Above 100 = optimism; below 100 = pessimism
202,Yijie,https://fred.stlouisfed.org/series/USACSCICP02STSAM,OECD CCI – Standardised,99.73998,Normalised (avg=100),1966-06,OECD via FRED,FRED series USACSCICP02STSAM
203,Yijie,,OECD CCI – Amplitude Adjusted,100.6314,Normalised (avg=100),1966-07,OECD via FRED – CSCICP03USM665S,Above 100 = optimism; below 100 = pessimism
204,Yijie,https://fred.stlouisfed.org/series/USACSCICP02STSAM,OECD CCI – Standardised,98.12607,Normalised (avg=100),1966-07,OECD via FRED,FRED series USACSCICP02STSAM
205,Yijie,https://fred.stlouisfed.org/series/UMCSENT,Michigan ICS – Overall,91.2,Index (1966 Q1 = 100),1966-08,Univ. of Michigan – Surveys of Consumers,Monthly final reading via FRED (UMCSENT)
206,Yijie,,OECD CCI – Amplitude Adjusted,100.4926,Normalised (avg=100),1966-08,OECD via FRED – CSCICP03USM665S,Above 100 = optimism; below 100 = pessimism
207,Yijie,https://fred.stlouisfed.org/series/USACSCICP02STSAM,OECD CCI – Standardised,97.08598,Normalised (avg=100),1966-08,OECD via FRED,FRED series USACSCICP02STSAM
208,Yijie,,OECD CCI – Amplitude Adjusted,100.4007,Normalised (avg=100),1966-09,OECD via FRED – CSCICP03USM665S,Above 100 = optimism; below 100 = pessimism
209,Yijie,https://fred.stlouisfed.org/series/USACSCICP02STSAM,OECD CCI – Standardised,96.04591,Normalised (avg=100),1966-09,OECD via FRED,FRED series USACSCICP02STSAM
210,Yijie,,OECD CCI – Amplitude Adjusted,100.3971,Normalised (avg=100),1966-10,OECD via FRED – CSCICP03USM665S,Above 100 = optimism; below 100 = pessimism
211,Yijie,https://fred.stlouisfed.org/series/USACSCICP02STSAM,OECD CCI – Standardised,95.00583,Normalised (avg=100),1966-10,OECD via FRED,FRED series USACSCICP02STSAM
212,Yijie,https://fred.stlouisfed.org/series/UMCSENT,Michigan ICS – Overall,88.3,Index (1966 Q1 = 100),1966-11,Univ. of Michigan – Surveys of Consumers,Monthly final reading via FRED (UMCSENT)
213,Yijie,,OECD CCI – Amplitude Adjusted,100.5253,Normalised (avg=100),1966-11,OECD via FRED – CSCICP03USM665S,Above 100 = optimism; below 100 = pessimism
214,Yijie,https://fred.stlouisfed.org/series/USACSCICP02STSAM,OECD CCI – Standardised,97.08598,Normalised (avg=100),1966-11,OECD via FRED,FRED series USACSCICP02STSAM
215,Yijie,,OECD CCI – Amplitude Adjusted,100.7201,Normalised (avg=100),1966-12,OECD via FRED – CSCICP03USM665S,Above 100 = optimism; below 100 = pessimism
216,Yijie,https://fred.stlouisfed.org/series/USACSCICP02STSAM,OECD CCI – Standardised,99.16615,Normalised (avg=100),1966-12,OECD via FRED,FRED series USACSCICP02STSAM
217,Yijie,,OECD CCI – Amplitude Adjusted,100.9079,Normalised (avg=100),1967-01,OECD via FRED – CSCICP03USM665S,Above 100 = optimism; below 100 = pessimism
218,Yijie,https://fred.stlouisfed.org/series/USACSCICP02STSAM,OECD CCI – Standardised,101.2463,Normalised (avg=100),1967-01,OECD via FRED,FRED series USACSCICP02STSAM
219,Yijie,https://fred.stlouisfed.org/series/UMCSENT,Michigan ICS – Overall,94.1,Index (1966 Q1 = 100),1967-02,Univ. of Michigan – Surveys of Consumers,Monthly final reading via FRED (UMCSENT)
220,Yijie,,OECD CCI – Amplitude Adjusted,101.0392,Normalised (avg=100),1967-02,OECD via FRED – CSCICP03USM665S,Above 100 = optimism; below 100 = pessimism
221,Yijie,https://fred.stlouisfed.org/series/USACSCICP02STSAM,OECD CCI – Standardised,101.8919,Normalised (avg=100),1967-02,OECD via FRED,FRED series USACSCICP02STSAM
222,Yijie,,OECD CCI – Amplitude Adjusted,101.1291,Normalised (avg=100),1967-03,OECD via FRED – CSCICP03USM665S,Above 100 = optimism; below 100 = pessimism
223,Yijie,https://fred.stlouisfed.org/series/USACSCICP02STSAM,OECD CCI – Standardised,102.5374,Normalised (avg=100),1967-03,OECD via FRED,FRED series USACSCICP02STSAM
224,Yijie,,OECD CCI – Amplitude Adjusted,101.1964,Normalised (avg=100),1967-04,OECD via FRED – CSCICP03USM665S,Above 100 = optimism; below 100 = pessimism
225,Yijie,https://fred.stlouisfed.org/series/USACSCICP02STSAM,OECD CCI – Standardised,103.183,Normalised (avg=100),1967-04,OECD via FRED,FRED series USACSCICP02STSAM
226,Yijie,https://fred.stlouisfed.org/series/UMCSENT,Michigan ICS – Overall,95.9,Index (1966 Q1 = 100),1967-05,Univ. of Michigan – Surveys of Consumers,Monthly final reading via FRED (UMCSENT)
227,Yijie,,OECD CCI – Amplitude Adjusted,101.2449,Normalised (avg=100),1967-05,OECD via FRED – CSCICP03USM665S,Above 100 = optimism; below 100 = pessimism
228,Yijie,https://fred.stlouisfed.org/series/USACSCICP02STSAM,OECD CCI – Standardised,103.5775,Normalised (avg=100),1967-05,OECD via FRED,FRED series USACSCICP02STSAM
229,Yijie,,OECD CCI – Amplitude Adjusted,101.2663,Normalised (avg=100),1967-06,OECD via FRED – CSCICP03USM665S,Above 100 = optimism; below 100 = pessimism
230,Yijie,https://fred.stlouisfed.org/series/USACSCICP02STSAM,OECD CCI – Standardised,103.972,Normalised (avg=100),1967-06,OECD via FRED,FRED series USACSCICP02STSAM
231,Yijie,,OECD CCI – Amplitude Adjusted,101.2357,Normalised (avg=100),1967-07,OECD via FRED – CSCICP03USM665S,Above 100 = optimism; below 100 = pessimism
232,Yijie,https://fred.stlouisfed.org/series/USACSCICP02STSAM,OECD CCI – Standardised,104.3665,Normalised (avg=100),1967-07,OECD via FRED,FRED series USACSCICP02STSAM
233,Yijie,https://fred.stlouisfed.org/series/UMCSENT,Michigan ICS – Overall,97.0,Index (1966 Q1 = 100),1967-08,Univ. of Michigan – Surveys of Consumers,Monthly final reading via FRED (UMCSENT)
234,Yijie,,OECD CCI – Amplitude Adjusted,101.1324,Normalised (avg=100),1967-08,OECD via FRED – CSCICP03USM665S,Above 100 = optimism; below 100 = pessimism
235,Yijie,https://fred.stlouisfed.org/series/USACSCICP02STSAM,OECD CCI – Standardised,102.8961,Normalised (avg=100),1967-08,OECD via FRED,FRED series USACSCICP02STSAM
236,Yijie,,OECD CCI – Amplitude Adjusted,101.0146,Normalised (avg=100),1967-09,OECD via FRED – CSCICP03USM665S,Above 100 = optimism; below 100 = pessimism
237,Yijie,https://fred.stlouisfed.org/series/USACSCICP02STSAM,OECD CCI – Standardised,101.4256,Normalised (avg=100),1967-09,OECD via FRED,FRED series USACSCICP02STSAM
238,Yijie,,OECD CCI – Amplitude Adjusted,100.9611,Normalised (avg=100),1967-10,OECD via FRED – CSCICP03USM665S,Above 100 = optimism; below 100 = pessimism
239,Yijie,https://fred.stlouisfed.org/series/USACSCICP02STSAM,OECD CCI – Standardised,99.95517,Normalised (avg=100),1967-10,OECD via FRED,FRED series USACSCICP02STSAM
240,Yijie,https://fred.stlouisfed.org/series/UMCSENT,Michigan ICS – Overall,92.9,Index (1966 Q1 = 100),1967-11,Univ. of Michigan – Surveys of Consumers,Monthly final reading via FRED (UMCSENT)
241,Yijie,,OECD CCI – Amplitude Adjusted,101.0284,Normalised (avg=100),1967-11,OECD via FRED – CSCICP03USM665S,Above 100 = optimism; below 100 = pessimism
242,Yijie,https://fred.stlouisfed.org/series/USACSCICP02STSAM,OECD CCI – Standardised,101.4974,Normalised (avg=100),1967-11,OECD via FRED,FRED series USACSCICP02STSAM
243,Yijie,,OECD CCI – Amplitude Adjusted,101.1427,Normalised (avg=100),1967-12,OECD via FRED – CSCICP03USM665S,Above 100 = optimism; below 100 = pessimism
244,Yijie,https://fred.stlouisfed.org/series/USACSCICP02STSAM,OECD CCI – Standardised,103.0395,Normalised (avg=100),1967-12,OECD via FRED,FRED series USACSCICP02STSAM
245,Yijie,,OECD CCI – Amplitude Adjusted,101.2016,Normalised (avg=100),1968-01,OECD via FRED – CSCICP03USM665S,Above 100 = optimism; below 100 = pessimism
246,Yijie,https://fred.stlouisfed.org/series/USACSCICP02STSAM,OECD CCI – Standardised,104.5817,Normalised (avg=100),1968-01,OECD via FRED,FRED series USACSCICP02STSAM
247,Yijie,https://fred.stlouisfed.org/series/UMCSENT,Michigan ICS – Overall,97.2,Index (1966 Q1 = 100),1968-02,Univ. of Michigan – Surveys of Consumers,Monthly final reading via FRED (UMCSENT)
248,Yijie,,OECD CCI – Amplitude Adjusted,101.129,Normalised (avg=100),1968-02,OECD via FRED – CSCICP03USM665S,Above 100 = optimism; below 100 = pessimism
249,Yijie,https://fred.stlouisfed.org/series/USACSCICP02STSAM,OECD CCI – Standardised,102.8602,Normalised (avg=100),1968-02,OECD via FRED,FRED series USACSCICP02STSAM
250,Yijie,,OECD CCI – Amplitude Adjusted,100.9851,Normalised (avg=100),1968-03,OECD via FRED – CSCICP03USM665S,Above 100 = optimism; below 100 = pessimism
251,Yijie,https://fred.stlouisfed.org/series/USACSCICP02STSAM,OECD CCI – Standardised,101.1387,Normalised (avg=100),1968-03,OECD via FRED,FRED series USACSCICP02STSAM
252,Yijie,,OECD CCI – Amplitude Adjusted,100.8503,Normalised (avg=100),1968-04,OECD via FRED – CSCICP03USM665S,Above 100 = optimism; below 100 = pessimism
253,Yijie,https://fred.stlouisfed.org/series/USACSCICP02STSAM,OECD CCI – Standardised,99.4172,Normalised (avg=100),1968-04,OECD via FRED,FRED series USACSCICP02STSAM
254,Yijie,https://fred.stlouisfed.org/series/UMCSENT,Michigan ICS – Overall,92.4,Index (1966 Q1 = 100),1968-05,Univ. of Michigan – Surveys of Consumers,Monthly final reading via FRED (UMCSENT)
255,Yijie,,OECD CCI – Amplitude Adjusted,100.7804,Normalised (avg=100),1968-05,OECD via FRED – CSCICP03USM665S,Above 100 = optimism; below 100 = pessimism
256,Yijie,https://fred.stlouisfed.org/series/USACSCICP02STSAM,OECD CCI – Standardised,99.4172,Normalised (avg=100),1968-05,OECD via FRED,FRED series USACSCICP02STSAM
257,Yijie,,OECD CCI – Amplitude Adjusted,100.753,Normalised (avg=100),1968-06,OECD via FRED – CSCICP03USM665S,Above 100 = optimism; below 100 = pessimism
258,Yijie,https://fred.stlouisfed.org/series/USACSCICP02STSAM,OECD CCI – Standardised,99.4172,Normalised (avg=100),1968-06,OECD via FRED,FRED series USACSCICP02STSAM
259,Yijie,,OECD CCI – Amplitude Adjusted,100.7374,Normalised (avg=100),1968-07,OECD via FRED – CSCICP03USM665S,Above 100 = optimism; below 100 = pessimism
260,Yijie,https://fred.stlouisfed.org/series/USACSCICP02STSAM,OECD CCI – Standardised,99.4172,Normalised (avg=100),1968-07,OECD via FRED,FRED series USACSCICP02STSAM
261,Yijie,https://fred.stlouisfed.org/series/UMCSENT,Michigan ICS – Overall,92.4,Index (1966 Q1 = 100),1968-08,Univ. of Michigan – Surveys of Consumers,Monthly final reading via FRED (UMCSENT)
262,Yijie,,OECD CCI – Amplitude Adjusted,100.7217,Normalised (avg=100),1968-08,OECD via FRED – CSCICP03USM665S,Above 100 = optimism; below 100 = pessimism
263,Yijie,https://fred.stlouisfed.org/series/USACSCICP02STSAM,OECD CCI – Standardised,99.16615,Normalised (avg=100),1968-08,OECD via FRED,FRED series USACSCICP02STSAM
264,Yijie,,OECD CCI – Amplitude Adjusted,100.7289,Normalised (avg=100),1968-09,OECD via FRED – CSCICP03USM665S,Above 100 = optimism; below 100 = pessimism
265,Yijie,https://fred.stlouisfed.org/series/USACSCICP02STSAM,OECD CCI – Standardised,98.91509,Normalised (avg=100),1968-09,OECD via FRED,FRED series USACSCICP02STSAM
266,Yijie,,OECD CCI – Amplitude Adjusted,100.8045,Normalised (avg=100),1968-10,OECD via FRED – CSCICP03USM665S,Above 100 = optimism; below 100 = pessimism
267,Yijie,https://fred.stlouisfed.org/series/USACSCICP02STSAM,OECD CCI – Standardised,98.66404,Normalised (avg=100),1968-10,OECD via FRED,FRED series USACSCICP02STSAM
268,Yijie,https://fred.stlouisfed.org/series/UMCSENT,Michigan ICS – Overall,91.7,Index (1966 Q1 = 100),1968-11,Univ. of Michigan – Surveys of Consumers,Monthly final reading via FRED (UMCSENT)
269,Yijie,,OECD CCI – Amplitude Adjusted,100.9821,Normalised (avg=100),1968-11,OECD via FRED – CSCICP03USM665S,Above 100 = optimism; below 100 = pessimism
270,Yijie,https://fred.stlouisfed.org/series/USACSCICP02STSAM,OECD CCI – Standardised,100.9952,Normalised (avg=100),1968-11,OECD via FRED,FRED series USACSCICP02STSAM
271,Yijie,,OECD CCI – Amplitude Adjusted,101.1802,Normalised (avg=100),1968-12,OECD via FRED – CSCICP03USM665S,Above 100 = optimism; below 100 = pessimism
272,Yijie,https://fred.stlouisfed.org/series/USACSCICP02STSAM,OECD CCI – Standardised,103.3265,Normalised (avg=100),1968-12,OECD via FRED,FRED series USACSCICP02STSAM
273,Yijie,,OECD CCI – Amplitude Adjusted,101.2801,Normalised (avg=100),1969-01,OECD via FRED – CSCICP03USM665S,Above 100 = optimism; below 100 = pessimism
274,Yijie,https://fred.stlouisfed.org/series/USACSCICP02STSAM,OECD CCI – Standardised,105.6577,Normalised (avg=100),1969-01,OECD via FRED,FRED series USACSCICP02STSAM
275,Yijie,https://fred.stlouisfed.org/series/UMCSENT,Michigan ICS – Overall,98.2,Index (1966 Q1 = 100),1969-02,Univ. of Michigan – Surveys of Consumers,Monthly final reading via FRED (UMCSENT)
276,Yijie,,OECD CCI – Amplitude Adjusted,101.1833,Normalised (avg=100),1969-02,OECD via FRED – CSCICP03USM665S,Above 100 = optimism; below 100 = pessimism
277,Yijie,https://fred.stlouisfed.org/series/USACSCICP02STSAM,OECD CCI – Standardised,103.2547,Normalised (avg=100),1969-02,OECD via FRED,FRED series USACSCICP02STSAM
278,Yijie,,OECD CCI – Amplitude Adjusted,100.9668,Normalised (avg=100),1969-03,OECD via FRED – CSCICP03USM665S,Above 100 = optimism; below 100 = pessimism
279,Yijie,https://fred.stlouisfed.org/series/USACSCICP02STSAM,OECD CCI – Standardised,100.8518,Normalised (avg=100),1969-03,OECD via FRED,FRED series USACSCICP02STSAM
280,Yijie,,OECD CCI – Amplitude Adjusted,100.7167,Normalised (avg=100),1969-04,OECD via FRED – CSCICP03USM665S,Above 100 = optimism; below 100 = pessimism
281,Yijie,https://fred.stlouisfed.org/series/USACSCICP02STSAM,OECD CCI – Standardised,98.44884,Normalised (avg=100),1969-04,OECD via FRED,FRED series USACSCICP02STSAM
282,Yijie,https://fred.stlouisfed.org/series/UMCSENT,Michigan ICS – Overall,91.5,Index (1966 Q1 = 100),1969-05,Univ. of Michigan – Surveys of Consumers,Monthly final reading via FRED (UMCSENT)
283,Yijie,,OECD CCI – Amplitude Adjusted,100.4815,Normalised (avg=100),1969-05,OECD via FRED – CSCICP03USM665S,Above 100 = optimism; below 100 = pessimism
284,Yijie,https://fred.stlouisfed.org/series/USACSCICP02STSAM,OECD CCI – Standardised,96.61974,Normalised (avg=100),1969-05,OECD via FRED,FRED series USACSCICP02STSAM
285,Yijie,,OECD CCI – Amplitude Adjusted,100.2591,Normalised (avg=100),1969-06,OECD via FRED – CSCICP03USM665S,Above 100 = optimism; below 100 = pessimism
286,Yijie,https://fred.stlouisfed.org/series/USACSCICP02STSAM,OECD CCI – Standardised,94.79064,Normalised (avg=100),1969-06,OECD via FRED,FRED series USACSCICP02STSAM
287,Yijie,,OECD CCI – Amplitude Adjusted,100.031,Normalised (avg=100),1969-07,OECD via FRED – CSCICP03USM665S,Above 100 = optimism; below 100 = pessimism
288,Yijie,https://fred.stlouisfed.org/series/USACSCICP02STSAM,OECD CCI – Standardised,92.96153,Normalised (avg=100),1969-07,OECD via FRED,FRED series USACSCICP02STSAM
289,Yijie,https://fred.stlouisfed.org/series/UMCSENT,Michigan ICS – Overall,86.4,Index (1966 Q1 = 100),1969-08,Univ. of Michigan – Surveys of Consumers,Monthly final reading via FRED (UMCSENT)
290,Yijie,,OECD CCI – Amplitude Adjusted,99.78498,Normalised (avg=100),1969-08,OECD via FRED – CSCICP03USM665S,Above 100 = optimism; below 100 = pessimism
291,Yijie,https://fred.stlouisfed.org/series/USACSCICP02STSAM,OECD CCI – Standardised,90.55859,Normalised (avg=100),1969-08,OECD via FRED,FRED series USACSCICP02STSAM
292,Yijie,,OECD CCI – Amplitude Adjusted,99.54243,Normalised (avg=100),1969-09,OECD via FRED – CSCICP03USM665S,Above 100 = optimism; below 100 = pessimism
293,Yijie,https://fred.stlouisfed.org/series/USACSCICP02STSAM,OECD CCI – Standardised,88.15565,Normalised (avg=100),1969-09,OECD via FRED,FRED series USACSCICP02STSAM
294,Yijie,,OECD CCI – Amplitude Adjusted,99.34116,Normalised (avg=100),1969-10,OECD via FRED – CSCICP03USM665S,Above 100 = optimism; below 100 = pessimism
295,Yijie,https://fred.stlouisfed.org/series/USACSCICP02STSAM,OECD CCI – Standardised,85.75272,Normalised (avg=100),1969-10,OECD via FRED,FRED series USACSCICP02STSAM
296,Yijie,https://fred.stlouisfed.org/series/UMCSENT,Michigan ICS – Overall,79.7,Index (1966 Q1 = 100),1969-11,Univ. of Michigan – Surveys of Consumers,Monthly final reading via FRED (UMCSENT)
297,Yijie,,OECD CCI – Amplitude Adjusted,99.21465,Normalised (avg=100),1969-11,OECD via FRED – CSCICP03USM665S,Above 100 = optimism; below 100 = pessimism
298,Yijie,https://fred.stlouisfed.org/series/USACSCICP02STSAM,OECD CCI – Standardised,85.17888,Normalised (avg=100),1969-11,OECD via FRED,FRED series USACSCICP02STSAM
299,Yijie,,OECD CCI – Amplitude Adjusted,99.13007,Normalised (avg=100),1969-12,OECD via FRED – CSCICP03USM665S,Above 100 = optimism; below 100 = pessimism
300,Yijie,https://fred.stlouisfed.org/series/USACSCICP02STSAM,OECD CCI – Standardised,84.60504,Normalised (avg=100),1969-12,OECD via FRED,FRED series USACSCICP02STSAM
301,Yijie,,OECD CCI – Amplitude Adjusted,99.0519,Normalised (avg=100),1970-01,OECD via FRED – CSCICP03USM665S,Above 100 = optimism; below 100 = pessimism
302,Yijie,https://fred.stlouisfed.org/series/USACSCICP02STSAM,OECD CCI – Standardised,84.0312,Normalised (avg=100),1970-01,OECD via FRED,FRED series USACSCICP02STSAM
303,Yijie,https://fred.stlouisfed.org/series/UMCSENT,Michigan ICS – Overall,78.1,Index (1966 Q1 = 100),1970-02,Univ. of Michigan – Surveys of Consumers,Monthly final reading via FRED (UMCSENT)
304,Yijie,,OECD CCI – Amplitude Adjusted,98.96368,Normalised (avg=100),1970-02,OECD via FRED – CSCICP03USM665S,Above 100 = optimism; below 100 = pessimism
305,Yijie,https://fred.stlouisfed.org/series/USACSCICP02STSAM,OECD CCI – Standardised,83.06285,Normalised (avg=100),1970-02,OECD via FRED,FRED series USACSCICP02STSAM
306,Yijie,,OECD CCI – Amplitude Adjusted,98.88327,Normalised (avg=100),1970-03,OECD via FRED – CSCICP03USM665S,Above 100 = optimism; below 100 = pessimism
307,Yijie,https://fred.stlouisfed.org/series/USACSCICP02STSAM,OECD CCI – Standardised,82.09451,Normalised (avg=100),1970-03,OECD via FRED,FRED series USACSCICP02STSAM
308,Yijie,,OECD CCI – Amplitude Adjusted,98.84496,Normalised (avg=100),1970-04,OECD via FRED – CSCICP03USM665S,Above 100 = optimism; below 100 = pessimism
309,Yijie,https://fred.stlouisfed.org/series/USACSCICP02STSAM,OECD CCI – Standardised,81.12615,Normalised (avg=100),1970-04,OECD via FRED,FRED series USACSCICP02STSAM
310,Yijie,https://fred.stlouisfed.org/series/UMCSENT,Michigan ICS – Overall,75.4,Index (1966 Q1 = 100),1970-05,Univ. of Michigan – Surveys of Consumers,Monthly final reading via FRED (UMCSENT)
311,Yijie,,OECD CCI – Amplitude Adjusted,98.87383,Normalised (avg=100),1970-05,OECD via FRED – CSCICP03USM665S,Above 100 = optimism; below 100 = pessimism
312,Yijie,https://fred.stlouisfed.org/series/USACSCICP02STSAM,OECD CCI – Standardised,81.91518,Normalised (avg=100),1970-05,OECD via FRED,FRED series USACSCICP02STSAM
313,Yijie,,OECD CCI – Amplitude Adjusted,98.91792,Normalised (avg=100),1970-06,OECD via FRED – CSCICP03USM665S,Above 100 = optimism; below 100 = pessimism
314,Yijie,https://fred.stlouisfed.org/series/USACSCICP02STSAM,OECD CCI – Standardised,82.70421,Normalised (avg=100),1970-06,OECD via FRED,FRED series USACSCICP02STSAM
315,Yijie,,OECD CCI – Amplitude Adjusted,98.9058,Normalised (avg=100),1970-07,OECD via FRED – CSCICP03USM665S,Above 100 = optimism; below 100 = pessimism
316,Yijie,https://fred.stlouisfed.org/series/USACSCICP02STSAM,OECD CCI – Standardised,83.49323,Normalised (avg=100),1970-07,OECD via FRED,FRED series USACSCICP02STSAM
317,Yijie,https://fred.stlouisfed.org/series/UMCSENT,Michigan ICS – Overall,77.6,Index (1966 Q1 = 100),1970-08,Univ. of Michigan – Surveys of Consumers,Monthly final reading via FRED (UMCSENT)
318,Yijie,,OECD CCI – Amplitude Adjusted,98.78902,Normalised (avg=100),1970-08,OECD via FRED – CSCICP03USM665S,Above 100 = optimism; below 100 = pessimism
319,Yijie,https://fred.stlouisfed.org/series/USACSCICP02STSAM,OECD CCI – Standardised,81.62826,Normalised (avg=100),1970-08,OECD via FRED,FRED series USACSCICP02STSAM
320,Yijie,,OECD CCI – Amplitude Adjusted,98.64056,Normalised (avg=100),1970-09,OECD via FRED – CSCICP03USM665S,Above 100 = optimism; below 100 = pessimism
321,Yijie,https://fred.stlouisfed.org/series/USACSCICP02STSAM,OECD CCI – Standardised,79.76329,Normalised (avg=100),1970-09,OECD via FRED,FRED series USACSCICP02STSAM
322,Yijie,,OECD CCI – Amplitude Adjusted,98.56737,Normalised (avg=100),1970-10,OECD via FRED – CSCICP03USM665S,Above 100 = optimism; below 100 = pessimism
323,Yijie,https://fred.stlouisfed.org/series/USACSCICP02STSAM,OECD CCI – Standardised,77.89832,Normalised (avg=100),1970-10,OECD via FRED,FRED series USACSCICP02STSAM
324,Yijie,https://fred.stlouisfed.org/series/UMCSENT,Michigan ICS – Overall,72.4,Index (1966 Q1 = 100),1970-11,Univ. of Michigan – Surveys of Consumers,Monthly final reading via FRED (UMCSENT)
325,Yijie,,OECD CCI – Amplitude Adjusted,98.65442,Normalised (avg=100),1970-11,OECD via FRED – CSCICP03USM665S,Above 100 = optimism; below 100 = pessimism
326,Yijie,https://fred.stlouisfed.org/series/USACSCICP02STSAM,OECD CCI – Standardised,79.94262,Normalised (avg=100),1970-11,OECD via FRED,FRED series USACSCICP02STSAM
327,Yijie,,OECD CCI – Amplitude Adjusted,98.83361,Normalised (avg=100),1970-12,OECD via FRED – CSCICP03USM665S,Above 100 = optimism; below 100 = pessimism
328,Yijie,https://fred.stlouisfed.org/series/USACSCICP02STSAM,OECD CCI – Standardised,81.98691,Normalised (avg=100),1970-12,OECD via FRED,FRED series USACSCICP02STSAM
329,Yijie,,OECD CCI – Amplitude Adjusted,99.0207,Normalised (avg=100),1971-01,OECD via FRED – CSCICP03USM665S,Above 100 = optimism; below 100 = pessimism
330,Yijie,https://fred.stlouisfed.org/series/USACSCICP02STSAM,OECD CCI – Standardised,84.0312,Normalised (avg=100),1971-01,OECD via FRED,FRED series USACSCICP02STSAM
331,Yijie,https://fred.stlouisfed.org/series/UMCSENT,Michigan ICS – Overall,78.1,Index (1966 Q1 = 100),1971-02,Univ. of Michigan – Surveys of Consumers,Monthly final reading via FRED (UMCSENT)
332,Yijie,,OECD CCI – Amplitude Adjusted,99.16006,Normalised (avg=100),1971-02,OECD via FRED – CSCICP03USM665S,Above 100 = optimism; below 100 = pessimism
333,Yijie,https://fred.stlouisfed.org/series/USACSCICP02STSAM,OECD CCI – Standardised,84.78436,Normalised (avg=100),1971-02,OECD via FRED,FRED series USACSCICP02STSAM
334,Yijie,,OECD CCI – Amplitude Adjusted,99.2616,Normalised (avg=100),1971-03,OECD via FRED – CSCICP03USM665S,Above 100 = optimism; below 100 = pessimism
335,Yijie,https://fred.stlouisfed.org/series/USACSCICP02STSAM,OECD CCI – Standardised,85.53752,Normalised (avg=100),1971-03,OECD via FRED,FRED series USACSCICP02STSAM
336,Yijie,,OECD CCI – Amplitude Adjusted,99.34393,Normalised (avg=100),1971-04,OECD via FRED – CSCICP03USM665S,Above 100 = optimism; below 100 = pessimism
337,Yijie,https://fred.stlouisfed.org/series/USACSCICP02STSAM,OECD CCI – Standardised,86.29069,Normalised (avg=100),1971-04,OECD via FRED,FRED series USACSCICP02STSAM
338,Yijie,https://fred.stlouisfed.org/series/UMCSENT,Michigan ICS – Overall,80.2,Index (1966 Q1 = 100),1971-05,Univ. of Michigan – Surveys of Consumers,Monthly final reading via FRED (UMCSENT)
339,Yijie,,OECD CCI – Amplitude Adjusted,99.41532,Normalised (avg=100),1971-05,OECD via FRED – CSCICP03USM665S,Above 100 = optimism; below 100 = pessimism
340,Yijie,https://fred.stlouisfed.org/series/USACSCICP02STSAM,OECD CCI – Standardised,86.97211,Normalised (avg=100),1971-05,OECD via FRED,FRED series USACSCICP02STSAM
341,Yijie,,OECD CCI – Amplitude Adjusted,99.47388,Normalised (avg=100),1971-06,OECD via FRED – CSCICP03USM665S,Above 100 = optimism; below 100 = pessimism
342,Yijie,https://fred.stlouisfed.org/series/USACSCICP02STSAM,OECD CCI – Standardised,87.65355,Normalised (avg=100),1971-06,OECD via FRED,FRED series USACSCICP02STSAM
343,Yijie,,OECD CCI – Amplitude Adjusted,99.51089,Normalised (avg=100),1971-07,OECD via FRED – CSCICP03USM665S,Above 100 = optimism; below 100 = pessimism
344,Yijie,https://fred.stlouisfed.org/series/USACSCICP02STSAM,OECD CCI – Standardised,88.33498,Normalised (avg=100),1971-07,OECD via FRED,FRED series USACSCICP02STSAM
345,Yijie,https://fred.stlouisfed.org/series/UMCSENT,Michigan ICS – Overall,82.1,Index (1966 Q1 = 100),1971-08,Univ. of Michigan – Surveys of Consumers,Monthly final reading via FRED (UMCSENT)
346,Yijie,,OECD CCI – Amplitude Adjusted,99.52679,Normalised (avg=100),1971-08,OECD via FRED – CSCICP03USM665S,Above 100 = optimism; below 100 = pessimism
347,Yijie,https://fred.stlouisfed.org/series/USACSCICP02STSAM,OECD CCI – Standardised,88.29911,Normalised (avg=100),1971-08,OECD via FRED,FRED series USACSCICP02STSAM
348,Yijie,,OECD CCI – Amplitude Adjusted,99.56897,Normalised (avg=100),1971-09,OECD via FRED – CSCICP03USM665S,Above 100 = optimism; below 100 = pessimism
349,Yijie,https://fred.stlouisfed.org/series/USACSCICP02STSAM,OECD CCI – Standardised,88.26324,Normalised (avg=100),1971-09,OECD via FRED,FRED series USACSCICP02STSAM
350,Yijie,,OECD CCI – Amplitude Adjusted,99.7118,Normalised (avg=100),1971-10,OECD via FRED – CSCICP03USM665S,Above 100 = optimism; below 100 = pessimism
351,Yijie,https://fred.stlouisfed.org/series/USACSCICP02STSAM,OECD CCI – Standardised,88.22739,Normalised (avg=100),1971-10,OECD via FRED,FRED series USACSCICP02STSAM
352,Yijie,https://fred.stlouisfed.org/series/UMCSENT,Michigan ICS – Overall,82.0,Index (1966 Q1 = 100),1971-11,Univ. of Michigan – Surveys of Consumers,Monthly final reading via FRED (UMCSENT)
353,Yijie,,OECD CCI – Amplitude Adjusted,100.0106,Normalised (avg=100),1971-11,OECD via FRED – CSCICP03USM665S,Above 100 = optimism; below 100 = pessimism
354,Yijie,https://fred.stlouisfed.org/series/USACSCICP02STSAM,OECD CCI – Standardised,92.10078,Normalised (avg=100),1971-11,OECD via FRED,FRED series USACSCICP02STSAM
355,Yijie,,OECD CCI – Amplitude Adjusted,100.355,Normalised (avg=100),1971-12,OECD via FRED – CSCICP03USM665S,Above 100 = optimism; below 100 = pessimism
356,Yijie,https://fred.stlouisfed.org/series/USACSCICP02STSAM,OECD CCI – Standardised,95.97417,Normalised (avg=100),1971-12,OECD via FRED,FRED series USACSCICP02STSAM
357,Yijie,,OECD CCI – Amplitude Adjusted,100.5941,Normalised (avg=100),1972-01,OECD via FRED – CSCICP03USM665S,Above 100 = optimism; below 100 = pessimism
358,Yijie,https://fred.stlouisfed.org/series/USACSCICP02STSAM,OECD CCI – Standardised,99.84757,Normalised (avg=100),1972-01,OECD via FRED,FRED series USACSCICP02STSAM
359,Yijie,https://fred.stlouisfed.org/series/UMCSENT,Michigan ICS – Overall,92.8,Index (1966 Q1 = 100),1972-02,Univ. of Michigan – Surveys of Consumers,Monthly final reading via FRED (UMCSENT)
360,Yijie,,OECD CCI – Amplitude Adjusted,100.617,Normalised (avg=100),1972-02,OECD via FRED – CSCICP03USM665S,Above 100 = optimism; below 100 = pessimism
361,Yijie,https://fred.stlouisfed.org/series/USACSCICP02STSAM,OECD CCI – Standardised,98.34126,Normalised (avg=100),1972-02,OECD via FRED,FRED series USACSCICP02STSAM
362,Yijie,,OECD CCI – Amplitude Adjusted,100.5379,Normalised (avg=100),1972-03,OECD via FRED – CSCICP03USM665S,Above 100 = optimism; below 100 = pessimism
363,Yijie,https://fred.stlouisfed.org/series/USACSCICP02STSAM,OECD CCI – Standardised,96.83493,Normalised (avg=100),1972-03,OECD via FRED,FRED series USACSCICP02STSAM
364,Yijie,,OECD CCI – Amplitude Adjusted,100.5079,Normalised (avg=100),1972-04,OECD via FRED – CSCICP03USM665S,Above 100 = optimism; below 100 = pessimism
365,Yijie,https://fred.stlouisfed.org/series/USACSCICP02STSAM,OECD CCI – Standardised,95.32861,Normalised (avg=100),1972-04,OECD via FRED,FRED series USACSCICP02STSAM
366,Yijie,https://fred.stlouisfed.org/series/UMCSENT,Michigan ICS – Overall,88.6,Index (1966 Q1 = 100),1972-05,Univ. of Michigan – Surveys of Consumers,Monthly final reading via FRED (UMCSENT)
367,Yijie,,OECD CCI – Amplitude Adjusted,100.6295,Normalised (avg=100),1972-05,OECD via FRED – CSCICP03USM665S,Above 100 = optimism; below 100 = pessimism
368,Yijie,https://fred.stlouisfed.org/series/USACSCICP02STSAM,OECD CCI – Standardised,97.69569,Normalised (avg=100),1972-05,OECD via FRED,FRED series USACSCICP02STSAM
369,Yijie,,OECD CCI – Amplitude Adjusted,100.8214,Normalised (avg=100),1972-06,OECD via FRED – CSCICP03USM665S,Above 100 = optimism; below 100 = pessimism
370,Yijie,https://fred.stlouisfed.org/series/USACSCICP02STSAM,OECD CCI – Standardised,100.0628,Normalised (avg=100),1972-06,OECD via FRED,FRED series USACSCICP02STSAM
371,Yijie,,OECD CCI – Amplitude Adjusted,100.9558,Normalised (avg=100),1972-07,OECD via FRED – CSCICP03USM665S,Above 100 = optimism; below 100 = pessimism
372,Yijie,https://fred.stlouisfed.org/series/USACSCICP02STSAM,OECD CCI – Standardised,102.4298,Normalised (avg=100),1972-07,OECD via FRED,FRED series USACSCICP02STSAM
373,Yijie,https://fred.stlouisfed.org/series/UMCSENT,Michigan ICS – Overall,95.2,Index (1966 Q1 = 100),1972-08,Univ. of Michigan – Surveys of Consumers,Monthly final reading via FRED (UMCSENT)
374,Yijie,,OECD CCI – Amplitude Adjusted,100.9265,Normalised (avg=100),1972-08,OECD via FRED – CSCICP03USM665S,Above 100 = optimism; below 100 = pessimism
375,Yijie,https://fred.stlouisfed.org/series/USACSCICP02STSAM,OECD CCI – Standardised,100.8159,Normalised (avg=100),1972-08,OECD via FRED,FRED series USACSCICP02STSAM
376,Yijie,,OECD CCI – Amplitude Adjusted,100.7737,Normalised (avg=100),1972-09,OECD via FRED – CSCICP03USM665S,Above 100 = optimism; below 100 = pessimism
377,Yijie,https://fred.stlouisfed.org/series/USACSCICP02STSAM,OECD CCI – Standardised,99.20201,Normalised (avg=100),1972-09,OECD via FRED,FRED series USACSCICP02STSAM
378,Yijie,,OECD CCI – Amplitude Adjusted,100.536,Normalised (avg=100),1972-10,OECD via FRED – CSCICP03USM665S,Above 100 = optimism; below 100 = pessimism
379,Yijie,https://fred.stlouisfed.org/series/USACSCICP02STSAM,OECD CCI – Standardised,97.5881,Normalised (avg=100),1972-10,OECD via FRED,FRED series USACSCICP02STSAM
380,Yijie,https://fred.stlouisfed.org/series/UMCSENT,Michigan ICS – Overall,90.7,Index (1966 Q1 = 100),1972-11,Univ. of Michigan – Surveys of Consumers,Monthly final reading via FRED (UMCSENT)
381,Yijie,,OECD CCI – Amplitude Adjusted,100.227,Normalised (avg=100),1972-11,OECD via FRED – CSCICP03USM665S,Above 100 = optimism; below 100 = pessimism
382,Yijie,https://fred.stlouisfed.org/series/USACSCICP02STSAM,OECD CCI – Standardised,94.43199,Normalised (avg=100),1972-11,OECD via FRED,FRED series USACSCICP02STSAM
383,Yijie,,OECD CCI – Amplitude Adjusted,99.89554,Normalised (avg=100),1972-12,OECD via FRED – CSCICP03USM665S,Above 100 = optimism; below 100 = pessimism
384,Yijie,https://fred.stlouisfed.org/series/USACSCICP02STSAM,OECD CCI – Standardised,91.27589,Normalised (avg=100),1972-12,OECD via FRED,FRED series USACSCICP02STSAM
385,Yijie,,OECD CCI – Amplitude Adjusted,99.58959,Normalised (avg=100),1973-01,OECD via FRED – CSCICP03USM665S,Above 100 = optimism; below 100 = pessimism
386,Yijie,https://fred.stlouisfed.org/series/USACSCICP02STSAM,OECD CCI – Standardised,88.11979,Normalised (avg=100),1973-01,OECD via FRED,FRED series USACSCICP02STSAM
387,Yijie,https://fred.stlouisfed.org/series/UMCSENT,Michigan ICS – Overall,81.9,Index (1966 Q1 = 100),1973-02,Univ. of Michigan – Surveys of Consumers,Monthly final reading via FRED (UMCSENT)
388,Yijie,,OECD CCI – Amplitude Adjusted,99.34142,Normalised (avg=100),1973-02,OECD via FRED – CSCICP03USM665S,Above 100 = optimism; below 100 = pessimism
389,Yijie,https://fred.stlouisfed.org/series/USACSCICP02STSAM,OECD CCI – Standardised,86.36241,Normalised (avg=100),1973-02,OECD via FRED,FRED series USACSCICP02STSAM
390,Yijie,,OECD CCI – Amplitude Adjusted,99.12789,Normalised (avg=100),1973-03,OECD via FRED – CSCICP03USM665S,Above 100 = optimism; below 100 = pessimism
391,Yijie,https://fred.stlouisfed.org/series/USACSCICP02STSAM,OECD CCI – Standardised,84.60504,Normalised (avg=100),1973-03,OECD via FRED,FRED series USACSCICP02STSAM
392,Yijie,,OECD CCI – Amplitude Adjusted,98.92616,Normalised (avg=100),1973-04,OECD via FRED – CSCICP03USM665S,Above 100 = optimism; below 100 = pessimism
393,Yijie,https://fred.stlouisfed.org/series/USACSCICP02STSAM,OECD CCI – Standardised,82.84766,Normalised (avg=100),1973-04,OECD via FRED,FRED series USACSCICP02STSAM
394,Yijie,https://fred.stlouisfed.org/series/UMCSENT,Michigan ICS – Overall,77.0,Index (1966 Q1 = 100),1973-05,Univ. of Michigan – Surveys of Consumers,Monthly final reading via FRED (UMCSENT)
395,Yijie,,OECD CCI – Amplitude Adjusted,98.73454,Normalised (avg=100),1973-05,OECD via FRED – CSCICP03USM665S,Above 100 = optimism; below 100 = pessimism
396,Yijie,https://fred.stlouisfed.org/series/USACSCICP02STSAM,OECD CCI – Standardised,81.05443,Normalised (avg=100),1973-05,OECD via FRED,FRED series USACSCICP02STSAM
397,Yijie,,OECD CCI – Amplitude Adjusted,98.58174,Normalised (avg=100),1973-06,OECD via FRED – CSCICP03USM665S,Above 100 = optimism; below 100 = pessimism
398,Yijie,https://fred.stlouisfed.org/series/USACSCICP02STSAM,OECD CCI – Standardised,79.26118,Normalised (avg=100),1973-06,OECD via FRED,FRED series USACSCICP02STSAM
399,Yijie,,OECD CCI – Amplitude Adjusted,98.52205,Normalised (avg=100),1973-07,OECD via FRED – CSCICP03USM665S,Above 100 = optimism; below 100 = pessimism
400,Yijie,https://fred.stlouisfed.org/series/USACSCICP02STSAM,OECD CCI – Standardised,77.46795,Normalised (avg=100),1973-07,OECD via FRED,FRED series USACSCICP02STSAM
401,Yijie,https://fred.stlouisfed.org/series/UMCSENT,Michigan ICS – Overall,72.0,Index (1966 Q1 = 100),1973-08,Univ. of Michigan – Surveys of Consumers,Monthly final reading via FRED (UMCSENT)
402,Yijie,,OECD CCI – Amplitude Adjusted,98.59159,Normalised (avg=100),1973-08,OECD via FRED – CSCICP03USM665S,Above 100 = optimism; below 100 = pessimism
403,Yijie,https://fred.stlouisfed.org/series/USACSCICP02STSAM,OECD CCI – Standardised,79.08186,Normalised (avg=100),1973-08,OECD via FRED,FRED series USACSCICP02STSAM
404,Yijie,,OECD CCI – Amplitude Adjusted,98.67157,Normalised (avg=100),1973-09,OECD via FRED – CSCICP03USM665S,Above 100 = optimism; below 100 = pessimism
405,Yijie,https://fred.stlouisfed.org/series/USACSCICP02STSAM,OECD CCI – Standardised,80.69578,Normalised (avg=100),1973-09,OECD via FRED,FRED series USACSCICP02STSAM
406,Yijie,,OECD CCI – Amplitude Adjusted,98.59557,Normalised (avg=100),1973-10,OECD via FRED – CSCICP03USM665S,Above 100 = optimism; below 100 = pessimism
407,Yijie,https://fred.stlouisfed.org/series/USACSCICP02STSAM,OECD CCI – Standardised,82.30969,Normalised (avg=100),1973-10,OECD via FRED,FRED series USACSCICP02STSAM
408,Yijie,https://fred.stlouisfed.org/series/UMCSENT,Michigan ICS – Overall,76.5,Index (1966 Q1 = 100),1973-11,Univ. of Michigan – Surveys of Consumers,Monthly final reading via FRED (UMCSENT)
409,Yijie,,OECD CCI – Amplitude Adjusted,98.24638,Normalised (avg=100),1973-11,OECD via FRED – CSCICP03USM665S,Above 100 = optimism; below 100 = pessimism
410,Yijie,https://fred.stlouisfed.org/series/USACSCICP02STSAM,OECD CCI – Standardised,77.03757,Normalised (avg=100),1973-11,OECD via FRED,FRED series USACSCICP02STSAM
411,Yijie,,OECD CCI – Amplitude Adjusted,97.80881,Normalised (avg=100),1973-12,OECD via FRED – CSCICP03USM665S,Above 100 = optimism; below 100 = pessimism
412,Yijie,https://fred.stlouisfed.org/series/USACSCICP02STSAM,OECD CCI – Standardised,71.76544,Normalised (avg=100),1973-12,OECD via FRED,FRED series USACSCICP02STSAM
413,Yijie,,OECD CCI – Amplitude Adjusted,97.54128,Normalised (avg=100),1974-01,OECD via FRED – CSCICP03USM665S,Above 100 = optimism; below 100 = pessimism
414,Yijie,https://fred.stlouisfed.org/series/USACSCICP02STSAM,OECD CCI – Standardised,66.49332,Normalised (avg=100),1974-01,OECD via FRED,FRED series USACSCICP02STSAM
415,Yijie,https://fred.stlouisfed.org/series/UMCSENT,Michigan ICS – Overall,61.8,Index (1966 Q1 = 100),1974-02,Univ. of Michigan – Surveys of Consumers,Monthly final reading via FRED (UMCSENT)
416,Yijie,,OECD CCI – Amplitude Adjusted,97.63576,Normalised (avg=100),1974-02,OECD via FRED – CSCICP03USM665S,Above 100 = optimism; below 100 = pessimism
417,Yijie,https://fred.stlouisfed.org/series/USACSCICP02STSAM,OECD CCI – Standardised,70.18739,Normalised (avg=100),1974-02,OECD via FRED,FRED series USACSCICP02STSAM
418,Yijie,,OECD CCI – Amplitude Adjusted,97.90758,Normalised (avg=100),1974-03,OECD via FRED – CSCICP03USM665S,Above 100 = optimism; below 100 = pessimism
419,Yijie,https://fred.stlouisfed.org/series/USACSCICP02STSAM,OECD CCI – Standardised,73.88147,Normalised (avg=100),1974-03,OECD via FRED,FRED series USACSCICP02STSAM
420,Yijie,,OECD CCI – Amplitude Adjusted,98.10578,Normalised (avg=100),1974-04,OECD via FRED – CSCICP03USM665S,Above 100 = optimism; below 100 = pessimism
421,Yijie,https://fred.stlouisfed.org/series/USACSCICP02STSAM,OECD CCI – Standardised,77.57554,Normalised (avg=100),1974-04,OECD via FRED,FRED series USACSCICP02STSAM
422,Yijie,https://fred.stlouisfed.org/series/UMCSENT,Michigan ICS – Overall,72.1,Index (1966 Q1 = 100),1974-05,Univ. of Michigan – Surveys of Consumers,Monthly final reading via FRED (UMCSENT)
423,Yijie,,OECD CCI – Amplitude Adjusted,98.046,Normalised (avg=100),1974-05,OECD via FRED – CSCICP03USM665S,Above 100 = optimism; below 100 = pessimism
424,Yijie,https://fred.stlouisfed.org/series/USACSCICP02STSAM,OECD CCI – Standardised,74.81395,Normalised (avg=100),1974-05,OECD via FRED,FRED series USACSCICP02STSAM
425,Yijie,,OECD CCI – Amplitude Adjusted,97.81698,Normalised (avg=100),1974-06,OECD via FRED – CSCICP03USM665S,Above 100 = optimism; below 100 = pessimism
426,Yijie,https://fred.stlouisfed.org/series/USACSCICP02STSAM,OECD CCI – Standardised,72.05236,Normalised (avg=100),1974-06,OECD via FRED,FRED series USACSCICP02STSAM
427,Yijie,,OECD CCI – Amplitude Adjusted,97.53783,Normalised (avg=100),1974-07,OECD via FRED – CSCICP03USM665S,Above 100 = optimism; below 100 = pessimism
428,Yijie,https://fred.stlouisfed.org/series/USACSCICP02STSAM,OECD CCI – Standardised,69.29077,Normalised (avg=100),1974-07,OECD via FRED,FRED series USACSCICP02STSAM
429,Yijie,https://fred.stlouisfed.org/series/UMCSENT,Michigan ICS – Overall,64.4,Index (1966 Q1 = 100),1974-08,Univ. of Michigan – Surveys of Consumers,Monthly final reading via FRED (UMCSENT)
430,Yijie,,OECD CCI – Amplitude Adjusted,97.28444,Normalised (avg=100),1974-08,OECD via FRED – CSCICP03USM665S,Above 100 = optimism; below 100 = pessimism
431,Yijie,https://fred.stlouisfed.org/series/USACSCICP02STSAM,OECD CCI – Standardised,67.5334,Normalised (avg=100),1974-08,OECD via FRED,FRED series USACSCICP02STSAM
432,Yijie,,OECD CCI – Amplitude Adjusted,97.06608,Normalised (avg=100),1974-09,OECD via FRED – CSCICP03USM665S,Above 100 = optimism; below 100 = pessimism
433,Yijie,https://fred.stlouisfed.org/series/USACSCICP02STSAM,OECD CCI – Standardised,65.77602,Normalised (avg=100),1974-09,OECD via FRED,FRED series USACSCICP02STSAM
434,Yijie,,OECD CCI – Amplitude Adjusted,96.88621,Normalised (avg=100),1974-10,OECD via FRED – CSCICP03USM665S,Above 100 = optimism; below 100 = pessimism
435,Yijie,https://fred.stlouisfed.org/series/USACSCICP02STSAM,OECD CCI – Standardised,64.01865,Normalised (avg=100),1974-10,OECD via FRED,FRED series USACSCICP02STSAM
436,Yijie,https://fred.stlouisfed.org/series/UMCSENT,Michigan ICS – Overall,59.5,Index (1966 Q1 = 100),1974-11,Univ. of Michigan – Surveys of Consumers,Monthly final reading via FRED (UMCSENT)
437,Yijie,,OECD CCI – Amplitude Adjusted,96.76833,Normalised (avg=100),1974-11,OECD via FRED – CSCICP03USM665S,Above 100 = optimism; below 100 = pessimism
438,Yijie,https://fred.stlouisfed.org/series/USACSCICP02STSAM,OECD CCI – Standardised,63.33722,Normalised (avg=100),1974-11,OECD via FRED,FRED series USACSCICP02STSAM
439,Yijie,,OECD CCI – Amplitude Adjusted,96.7433,Normalised (avg=100),1974-12,OECD via FRED – CSCICP03USM665S,Above 100 = optimism; below 100 = pessimism
440,Yijie,https://fred.stlouisfed.org/series/USACSCICP02STSAM,OECD CCI – Standardised,62.65579,Normalised (avg=100),1974-12,OECD via FRED,FRED series USACSCICP02STSAM
441,Yijie,,OECD CCI – Amplitude Adjusted,96.89253,Normalised (avg=100),1975-01,OECD via FRED – CSCICP03USM665S,Above 100 = optimism; below 100 = pessimism
442,Yijie,https://fred.stlouisfed.org/series/USACSCICP02STSAM,OECD CCI – Standardised,61.97436,Normalised (avg=100),1975-01,OECD via FRED,FRED series USACSCICP02STSAM
443,Yijie,https://fred.stlouisfed.org/series/UMCSENT,Michigan ICS – Overall,57.6,Index (1966 Q1 = 100),1975-02,Univ. of Michigan – Surveys of Consumers,Monthly final reading via FRED (UMCSENT)
444,Yijie,,OECD CCI – Amplitude Adjusted,97.29836,Normalised (avg=100),1975-02,OECD via FRED – CSCICP03USM665S,Above 100 = optimism; below 100 = pessimism
445,Yijie,https://fred.stlouisfed.org/series/USACSCICP02STSAM,OECD CCI – Standardised,67.4258,Normalised (avg=100),1975-02,OECD via FRED,FRED series USACSCICP02STSAM
446,Yijie,,OECD CCI – Amplitude Adjusted,97.82019,Normalised (avg=100),1975-03,OECD via FRED – CSCICP03USM665S,Above 100 = optimism; below 100 = pessimism
447,Yijie,https://fred.stlouisfed.org/series/USACSCICP02STSAM,OECD CCI – Standardised,72.87725,Normalised (avg=100),1975-03,OECD via FRED,FRED series USACSCICP02STSAM
448,Yijie,,OECD CCI – Amplitude Adjusted,98.2859,Normalised (avg=100),1975-04,OECD via FRED – CSCICP03USM665S,Above 100 = optimism; below 100 = pessimism
449,Yijie,https://fred.stlouisfed.org/series/USACSCICP02STSAM,OECD CCI – Standardised,78.3287,Normalised (avg=100),1975-04,OECD via FRED,FRED series USACSCICP02STSAM
450,Yijie,https://fred.stlouisfed.org/series/UMCSENT,Michigan ICS – Overall,72.8,Index (1966 Q1 = 100),1975-05,Univ. of Michigan – Surveys of Consumers,Monthly final reading via FRED (UMCSENT)
451,Yijie,,OECD CCI – Amplitude Adjusted,98.56734,Normalised (avg=100),1975-05,OECD via FRED – CSCICP03USM665S,Above 100 = optimism; below 100 = pessimism
452,Yijie,https://fred.stlouisfed.org/series/USACSCICP02STSAM,OECD CCI – Standardised,79.36878,Normalised (avg=100),1975-05,OECD via FRED,FRED series USACSCICP02STSAM
453,Yijie,,OECD CCI – Amplitude Adjusted,98.71187,Normalised (avg=100),1975-06,OECD via FRED – CSCICP03USM665S,Above 100 = optimism; below 100 = pessimism
454,Yijie,https://fred.stlouisfed.org/series/USACSCICP02STSAM,OECD CCI – Standardised,80.40886,Normalised (avg=100),1975-06,OECD via FRED,FRED series USACSCICP02STSAM
455,Yijie,,OECD CCI – Amplitude Adjusted,98.77493,Normalised (avg=100),1975-07,OECD via FRED – CSCICP03USM665S,Above 100 = optimism; below 100 = pessimism
456,Yijie,https://fred.stlouisfed.org/series/USACSCICP02STSAM,OECD CCI – Standardised,81.44894,Normalised (avg=100),1975-07,OECD via FRED,FRED series USACSCICP02STSAM
457,Yijie,https://fred.stlouisfed.org/series/UMCSENT,Michigan ICS – Overall,75.7,Index (1966 Q1 = 100),1975-08,Univ. of Michigan – Surveys of Consumers,Monthly final reading via FRED (UMCSENT)
458,Yijie,,OECD CCI – Amplitude Adjusted,98.7894,Normalised (avg=100),1975-08,OECD via FRED – CSCICP03USM665S,Above 100 = optimism; below 100 = pessimism
459,Yijie,https://fred.stlouisfed.org/series/USACSCICP02STSAM,OECD CCI – Standardised,81.41307,Normalised (avg=100),1975-08,OECD via FRED,FRED series USACSCICP02STSAM
460,Yijie,,OECD CCI – Amplitude Adjusted,98.81657,Normalised (avg=100),1975-09,OECD via FRED – CSCICP03USM665S,Above 100 = optimism; below 100 = pessimism
461,Yijie,https://fred.stlouisfed.org/series/USACSCICP02STSAM,OECD CCI – Standardised,81.3772,Normalised (avg=100),1975-09,OECD via FRED,FRED series USACSCICP02STSAM
462,Yijie,,OECD CCI – Amplitude Adjusted,98.9277,Normalised (avg=100),1975-10,OECD via FRED – CSCICP03USM665S,Above 100 = optimism; below 100 = pessimism
463,Yijie,https://fred.stlouisfed.org/series/USACSCICP02STSAM,OECD CCI – Standardised,81.34135,Normalised (avg=100),1975-10,OECD via FRED,FRED series USACSCICP02STSAM
464,Yijie,https://fred.stlouisfed.org/series/UMCSENT,Michigan ICS – Overall,75.6,Index (1966 Q1 = 100),1975-11,Univ. of Michigan – Surveys of Consumers,Monthly final reading via FRED (UMCSENT)
465,Yijie,,OECD CCI – Amplitude Adjusted,99.17293,Normalised (avg=100),1975-11,OECD via FRED – CSCICP03USM665S,Above 100 = optimism; below 100 = pessimism
466,Yijie,https://fred.stlouisfed.org/series/USACSCICP02STSAM,OECD CCI – Standardised,84.56918,Normalised (avg=100),1975-11,OECD via FRED,FRED series USACSCICP02STSAM
467,Yijie,,OECD CCI – Amplitude Adjusted,99.46616,Normalised (avg=100),1975-12,OECD via FRED – CSCICP03USM665S,Above 100 = optimism; below 100 = pessimism
468,Yijie,https://fred.stlouisfed.org/series/USACSCICP02STSAM,OECD CCI – Standardised,87.797,Normalised (avg=100),1975-12,OECD via FRED,FRED series USACSCICP02STSAM
469,Yijie,,OECD CCI – Amplitude Adjusted,99.69358,Normalised (avg=100),1976-01,OECD via FRED – CSCICP03USM665S,Above 100 = optimism; below 100 = pessimism
470,Yijie,https://fred.stlouisfed.org/series/USACSCICP02STSAM,OECD CCI – Standardised,91.02483,Normalised (avg=100),1976-01,OECD via FRED,FRED series USACSCICP02STSAM
471,Yijie,https://fred.stlouisfed.org/series/UMCSENT,Michigan ICS – Overall,84.6,Index (1966 Q1 = 100),1976-02,Univ. of Michigan – Surveys of Consumers,Monthly final reading via FRED (UMCSENT)
472,Yijie,,OECD CCI – Amplitude Adjusted,99.77404,Normalised (avg=100),1976-02,OECD via FRED – CSCICP03USM665S,Above 100 = optimism; below 100 = pessimism
473,Yijie,https://fred.stlouisfed.org/series/USACSCICP02STSAM,OECD CCI – Standardised,90.55859,Normalised (avg=100),1976-02,OECD via FRED,FRED series USACSCICP02STSAM
474,Yijie,,OECD CCI – Amplitude Adjusted,99.78529,Normalised (avg=100),1976-03,OECD via FRED – CSCICP03USM665S,Above 100 = optimism; below 100 = pessimism
475,Yijie,https://fred.stlouisfed.org/series/USACSCICP02STSAM,OECD CCI – Standardised,90.09235,Normalised (avg=100),1976-03,OECD via FRED,FRED series USACSCICP02STSAM
476,Yijie,,OECD CCI – Amplitude Adjusted,99.83242,Normalised (avg=100),1976-04,OECD via FRED – CSCICP03USM665S,Above 100 = optimism; below 100 = pessimism
477,Yijie,https://fred.stlouisfed.org/series/USACSCICP02STSAM,OECD CCI – Standardised,89.62611,Normalised (avg=100),1976-04,OECD via FRED,FRED series USACSCICP02STSAM
478,Yijie,https://fred.stlouisfed.org/series/UMCSENT,Michigan ICS – Overall,83.3,Index (1966 Q1 = 100),1976-05,Univ. of Michigan – Surveys of Consumers,Monthly final reading via FRED (UMCSENT)
479,Yijie,,OECD CCI – Amplitude Adjusted,99.98558,Normalised (avg=100),1976-05,OECD via FRED – CSCICP03USM665S,Above 100 = optimism; below 100 = pessimism
480,Yijie,https://fred.stlouisfed.org/series/USACSCICP02STSAM,OECD CCI – Standardised,91.92146,Normalised (avg=100),1976-05,OECD via FRED,FRED series USACSCICP02STSAM
481,Yijie,,OECD CCI – Amplitude Adjusted,100.1817,Normalised (avg=100),1976-06,OECD via FRED – CSCICP03USM665S,Above 100 = optimism; below 100 = pessimism
482,Yijie,https://fred.stlouisfed.org/series/USACSCICP02STSAM,OECD CCI – Standardised,94.2168,Normalised (avg=100),1976-06,OECD via FRED,FRED series USACSCICP02STSAM
483,Yijie,,OECD CCI – Amplitude Adjusted,100.323,Normalised (avg=100),1976-07,OECD via FRED – CSCICP03USM665S,Above 100 = optimism; below 100 = pessimism
484,Yijie,https://fred.stlouisfed.org/series/USACSCICP02STSAM,OECD CCI – Standardised,96.51215,Normalised (avg=100),1976-07,OECD via FRED,FRED series USACSCICP02STSAM
485,Yijie,https://fred.stlouisfed.org/series/UMCSENT,Michigan ICS – Overall,89.7,Index (1966 Q1 = 100),1976-08,Univ. of Michigan – Surveys of Consumers,Monthly final reading via FRED (UMCSENT)
486,Yijie,,OECD CCI – Amplitude Adjusted,100.3318,Normalised (avg=100),1976-08,OECD via FRED – CSCICP03USM665S,Above 100 = optimism; below 100 = pessimism
487,Yijie,https://fred.stlouisfed.org/series/USACSCICP02STSAM,OECD CCI – Standardised,95.5438,Normalised (avg=100),1976-08,OECD via FRED,FRED series USACSCICP02STSAM
488,Yijie,,OECD CCI – Amplitude Adjusted,100.2616,Normalised (avg=100),1976-09,OECD via FRED – CSCICP03USM665S,Above 100 = optimism; below 100 = pessimism
489,Yijie,https://fred.stlouisfed.org/series/USACSCICP02STSAM,OECD CCI – Standardised,94.57545,Normalised (avg=100),1976-09,OECD via FRED,FRED series USACSCICP02STSAM
490,Yijie,,OECD CCI – Amplitude Adjusted,100.1814,Normalised (avg=100),1976-10,OECD via FRED – CSCICP03USM665S,Above 100 = optimism; below 100 = pessimism
491,Yijie,https://fred.stlouisfed.org/series/USACSCICP02STSAM,OECD CCI – Standardised,93.6071,Normalised (avg=100),1976-10,OECD via FRED,FRED series USACSCICP02STSAM
492,Yijie,https://fred.stlouisfed.org/series/UMCSENT,Michigan ICS – Overall,87.0,Index (1966 Q1 = 100),1976-11,Univ. of Michigan – Surveys of Consumers,Monthly final reading via FRED (UMCSENT)
493,Yijie,,OECD CCI – Amplitude Adjusted,100.1403,Normalised (avg=100),1976-11,OECD via FRED – CSCICP03USM665S,Above 100 = optimism; below 100 = pessimism
494,Yijie,https://fred.stlouisfed.org/series/USACSCICP02STSAM,OECD CCI – Standardised,93.64297,Normalised (avg=100),1976-11,OECD via FRED,FRED series USACSCICP02STSAM
495,Yijie,,OECD CCI – Amplitude Adjusted,100.141,Normalised (avg=100),1976-12,OECD via FRED – CSCICP03USM665S,Above 100 = optimism; below 100 = pessimism
496,Yijie,https://fred.stlouisfed.org/series/USACSCICP02STSAM,OECD CCI – Standardised,93.67883,Normalised (avg=100),1976-12,OECD via FRED,FRED series USACSCICP02STSAM
497,Yijie,,OECD CCI – Amplitude Adjusted,100.1856,Normalised (avg=100),1977-01,OECD via FRED – CSCICP03USM665S,Above 100 = optimism; below 100 = pessimism
498,Yijie,https://fred.stlouisfed.org/series/USACSCICP02STSAM,OECD CCI – Standardised,93.7147,Normalised (avg=100),1977-01,OECD via FRED,FRED series USACSCICP02STSAM
499,Yijie,https://fred.stlouisfed.org/series/UMCSENT,Michigan ICS – Overall,87.1,Index (1966 Q1 = 100),1977-02,Univ. of Michigan – Surveys of Consumers,Monthly final reading via FRED (UMCSENT)
500,Yijie,,OECD CCI – Amplitude Adjusted,100.2784,Normalised (avg=100),1977-02,OECD via FRED – CSCICP03USM665S,Above 100 = optimism; below 100 = pessimism
501,Yijie,https://fred.stlouisfed.org/series/USACSCICP02STSAM,OECD CCI – Standardised,94.82651,Normalised (avg=100),1977-02,OECD via FRED,FRED series USACSCICP02STSAM
502,Yijie,,OECD CCI – Amplitude Adjusted,100.3852,Normalised (avg=100),1977-03,OECD via FRED – CSCICP03USM665S,Above 100 = optimism; below 100 = pessimism
503,Yijie,https://fred.stlouisfed.org/series/USACSCICP02STSAM,OECD CCI – Standardised,95.93832,Normalised (avg=100),1977-03,OECD via FRED,FRED series USACSCICP02STSAM
504,Yijie,,OECD CCI – Amplitude Adjusted,100.4625,Normalised (avg=100),1977-04,OECD via FRED – CSCICP03USM665S,Above 100 = optimism; below 100 = pessimism
505,Yijie,https://fred.stlouisfed.org/series/USACSCICP02STSAM,OECD CCI – Standardised,97.05012,Normalised (avg=100),1977-04,OECD via FRED,FRED series USACSCICP02STSAM
506,Yijie,https://fred.stlouisfed.org/series/UMCSENT,Michigan ICS – Overall,90.2,Index (1966 Q1 = 100),1977-05,Univ. of Michigan – Surveys of Consumers,Monthly final reading via FRED (UMCSENT)
507,Yijie,,OECD CCI – Amplitude Adjusted,100.4725,Normalised (avg=100),1977-05,OECD via FRED – CSCICP03USM665S,Above 100 = optimism; below 100 = pessimism
508,Yijie,https://fred.stlouisfed.org/series/USACSCICP02STSAM,OECD CCI – Standardised,96.61974,Normalised (avg=100),1977-05,OECD via FRED,FRED series USACSCICP02STSAM
509,Yijie,,OECD CCI – Amplitude Adjusted,100.4276,Normalised (avg=100),1977-06,OECD via FRED – CSCICP03USM665S,Above 100 = optimism; below 100 = pessimism
510,Yijie,https://fred.stlouisfed.org/series/USACSCICP02STSAM,OECD CCI – Standardised,96.18937,Normalised (avg=100),1977-06,OECD via FRED,FRED series USACSCICP02STSAM
511,Yijie,,OECD CCI – Amplitude Adjusted,100.333,Normalised (avg=100),1977-07,OECD via FRED – CSCICP03USM665S,Above 100 = optimism; below 100 = pessimism
512,Yijie,https://fred.stlouisfed.org/series/USACSCICP02STSAM,OECD CCI – Standardised,95.75899,Normalised (avg=100),1977-07,OECD via FRED,FRED series USACSCICP02STSAM
513,Yijie,https://fred.stlouisfed.org/series/UMCSENT,Michigan ICS – Overall,89.0,Index (1966 Q1 = 100),1977-08,Univ. of Michigan – Surveys of Consumers,Monthly final reading via FRED (UMCSENT)
514,Yijie,,OECD CCI – Amplitude Adjusted,100.1848,Normalised (avg=100),1977-08,OECD via FRED – CSCICP03USM665S,Above 100 = optimism; below 100 = pessimism
515,Yijie,https://fred.stlouisfed.org/series/USACSCICP02STSAM,OECD CCI – Standardised,94.10921,Normalised (avg=100),1977-08,OECD via FRED,FRED series USACSCICP02STSAM
516,Yijie,,OECD CCI – Amplitude Adjusted,100.0172,Normalised (avg=100),1977-09,OECD via FRED – CSCICP03USM665S,Above 100 = optimism; below 100 = pessimism
517,Yijie,https://fred.stlouisfed.org/series/USACSCICP02STSAM,OECD CCI – Standardised,92.45943,Normalised (avg=100),1977-09,OECD via FRED,FRED series USACSCICP02STSAM
518,Yijie,,OECD CCI – Amplitude Adjusted,99.87012,Normalised (avg=100),1977-10,OECD via FRED – CSCICP03USM665S,Above 100 = optimism; below 100 = pessimism
519,Yijie,https://fred.stlouisfed.org/series/USACSCICP02STSAM,OECD CCI – Standardised,90.80965,Normalised (avg=100),1977-10,OECD via FRED,FRED series USACSCICP02STSAM
520,Yijie,https://fred.stlouisfed.org/series/UMCSENT,Michigan ICS – Overall,84.4,Index (1966 Q1 = 100),1977-11,Univ. of Michigan – Surveys of Consumers,Monthly final reading via FRED (UMCSENT)
521,Yijie,,OECD CCI – Amplitude Adjusted,99.77582,Normalised (avg=100),1977-11,OECD via FRED – CSCICP03USM665S,Above 100 = optimism; below 100 = pessimism
522,Yijie,https://fred.stlouisfed.org/series/USACSCICP02STSAM,OECD CCI – Standardised,90.16408,Normalised (avg=100),1977-11,OECD via FRED,FRED series USACSCICP02STSAM
523,Yijie,,OECD CCI – Amplitude Adjusted,99.72543,Normalised (avg=100),1977-12,OECD via FRED – CSCICP03USM665S,Above 100 = optimism; below 100 = pessimism
524,Yijie,https://fred.stlouisfed.org/series/USACSCICP02STSAM,OECD CCI – Standardised,89.51852,Normalised (avg=100),1977-12,OECD via FRED,FRED series USACSCICP02STSAM
525,Yijie,https://fred.stlouisfed.org/series/UMCSENT,Michigan ICS – Overall,83.7,Index (1966 Q1 = 100),1978-01,Univ. of Michigan – Surveys of Consumers,Monthly final reading via FRED (UMCSENT)
526,Yijie,https://fred.stlouisfed.org/series/MICH,Michigan – 1yr Inflation Expectations,5.2,Percent (%),1978-01,University of Michigan – Surveys of Consumers,FRED series MICH
527,Yijie,,OECD CCI – Amplitude Adjusted,99.69241,Normalised (avg=100),1978-01,OECD via FRED – CSCICP03USM665S,Above 100 = optimism; below 100 = pessimism
528,Yijie,https://fred.stlouisfed.org/series/USACSCICP02STSAM,OECD CCI – Standardised,90.05649,Normalised (avg=100),1978-01,OECD via FRED,FRED series USACSCICP02STSAM
529,Yijie,https://fred.stlouisfed.org/series/UMCSENT,Michigan ICS – Overall,84.3,Index (1966 Q1 = 100),1978-02,Univ. of Michigan – Surveys of Consumers,Monthly final reading via FRED (UMCSENT)
530,Yijie,https://fred.stlouisfed.org/series/MICH,Michigan – 1yr Inflation Expectations,6.4,Percent (%),1978-02,University of Michigan – Surveys of Consumers,FRED series MICH
531,Yijie,,OECD CCI – Amplitude Adjusted,99.61221,Normalised (avg=100),1978-02,OECD via FRED – CSCICP03USM665S,Above 100 = optimism; below 100 = pessimism
532,Yijie,https://fred.stlouisfed.org/series/USACSCICP02STSAM,OECD CCI – Standardised,90.70206,Normalised (avg=100),1978-02,OECD via FRED,FRED series USACSCICP02STSAM
533,Yijie,https://fred.stlouisfed.org/series/UMCSENT,Michigan ICS – Overall,78.8,Index (1966 Q1 = 100),1978-03,Univ. of Michigan – Surveys of Consumers,Monthly final reading via FRED (UMCSENT)
534,Yijie,https://fred.stlouisfed.org/series/MICH,Michigan – 1yr Inflation Expectations,6.3,Percent (%),1978-03,University of Michigan – Surveys of Consumers,FRED series MICH
535,Yijie,,OECD CCI – Amplitude Adjusted,99.47431,Normalised (avg=100),1978-03,OECD via FRED – CSCICP03USM665S,Above 100 = optimism; below 100 = pessimism
536,Yijie,https://fred.stlouisfed.org/series/USACSCICP02STSAM,OECD CCI – Standardised,84.78436,Normalised (avg=100),1978-03,OECD via FRED,FRED series USACSCICP02STSAM
537,Yijie,https://fred.stlouisfed.org/series/UMCSENT,Michigan ICS – Overall,81.6,Index (1966 Q1 = 100),1978-04,Univ. of Michigan – Surveys of Consumers,Monthly final reading via FRED (UMCSENT)
538,Yijie,https://fred.stlouisfed.org/series/MICH,Michigan – 1yr Inflation Expectations,6.7,Percent (%),1978-04,University of Michigan – Surveys of Consumers,FRED series MICH
539,Yijie,,OECD CCI – Amplitude Adjusted,99.47305,Normalised (avg=100),1978-04,OECD via FRED – CSCICP03USM665S,Above 100 = optimism; below 100 = pessimism
540,Yijie,https://fred.stlouisfed.org/series/USACSCICP02STSAM,OECD CCI – Standardised,87.797,Normalised (avg=100),1978-04,OECD via FRED,FRED series USACSCICP02STSAM
541,Yijie,https://fred.stlouisfed.org/series/UMCSENT,Michigan ICS – Overall,82.9,Index (1966 Q1 = 100),1978-05,Univ. of Michigan – Surveys of Consumers,Monthly final reading via FRED (UMCSENT)
542,Yijie,https://fred.stlouisfed.org/series/MICH,Michigan – 1yr Inflation Expectations,6.9,Percent (%),1978-05,University of Michigan – Surveys of Consumers,FRED series MICH
543,Yijie,,OECD CCI – Amplitude Adjusted,99.49724,Normalised (avg=100),1978-05,OECD via FRED – CSCICP03USM665S,Above 100 = optimism; below 100 = pessimism
544,Yijie,https://fred.stlouisfed.org/series/USACSCICP02STSAM,OECD CCI – Standardised,89.19573,Normalised (avg=100),1978-05,OECD via FRED,FRED series USACSCICP02STSAM
545,Yijie,https://fred.stlouisfed.org/series/UMCSENT,Michigan ICS – Overall,80.0,Index (1966 Q1 = 100),1978-06,Univ. of Michigan – Surveys of Consumers,Monthly final reading via FRED (UMCSENT)
546,Yijie,https://fred.stlouisfed.org/series/MICH,Michigan – 1yr Inflation Expectations,6.5,Percent (%),1978-06,University of Michigan – Surveys of Consumers,FRED series MICH
547,Yijie,,OECD CCI – Amplitude Adjusted,99.46143,Normalised (avg=100),1978-06,OECD via FRED – CSCICP03USM665S,Above 100 = optimism; below 100 = pessimism
548,Yijie,https://fred.stlouisfed.org/series/USACSCICP02STSAM,OECD CCI – Standardised,86.07549,Normalised (avg=100),1978-06,OECD via FRED,FRED series USACSCICP02STSAM
549,Yijie,https://fred.stlouisfed.org/series/UMCSENT,Michigan ICS – Overall,82.4,Index (1966 Q1 = 100),1978-07,Univ. of Michigan – Surveys of Consumers,Monthly final reading via FRED (UMCSENT)
550,Yijie,https://fred.stlouisfed.org/series/MICH,Michigan – 1yr Inflation Expectations,6.6,Percent (%),1978-07,University of Michigan – Surveys of Consumers,FRED series MICH
551,Yijie,,OECD CCI – Amplitude Adjusted,99.43506,Normalised (avg=100),1978-07,OECD via FRED – CSCICP03USM665S,Above 100 = optimism; below 100 = pessimism
552,Yijie,https://fred.stlouisfed.org/series/USACSCICP02STSAM,OECD CCI – Standardised,88.65776,Normalised (avg=100),1978-07,OECD via FRED,FRED series USACSCICP02STSAM
553,Yijie,https://fred.stlouisfed.org/series/UMCSENT,Michigan ICS – Overall,78.4,Index (1966 Q1 = 100),1978-08,Univ. of Michigan – Surveys of Consumers,Monthly final reading via FRED (UMCSENT)
554,Yijie,https://fred.stlouisfed.org/series/MICH,Michigan – 1yr Inflation Expectations,8.7,Percent (%),1978-08,University of Michigan – Surveys of Consumers,FRED series MICH
555,Yijie,,OECD CCI – Amplitude Adjusted,99.33629,Normalised (avg=100),1978-08,OECD via FRED – CSCICP03USM665S,Above 100 = optimism; below 100 = pessimism
556,Yijie,https://fred.stlouisfed.org/series/USACSCICP02STSAM,OECD CCI – Standardised,84.35399,Normalised (avg=100),1978-08,OECD via FRED,FRED series USACSCICP02STSAM
557,Yijie,https://fred.stlouisfed.org/series/UMCSENT,Michigan ICS – Overall,80.4,Index (1966 Q1 = 100),1978-09,Univ. of Michigan – Surveys of Consumers,Monthly final reading via FRED (UMCSENT)
558,Yijie,https://fred.stlouisfed.org/series/MICH,Michigan – 1yr Inflation Expectations,6.9,Percent (%),1978-09,University of Michigan – Surveys of Consumers,FRED series MICH
559,Yijie,,OECD CCI – Amplitude Adjusted,99.24139,Normalised (avg=100),1978-09,OECD via FRED – CSCICP03USM665S,Above 100 = optimism; below 100 = pessimism
560,Yijie,https://fred.stlouisfed.org/series/USACSCICP02STSAM,OECD CCI – Standardised,86.50587,Normalised (avg=100),1978-09,OECD via FRED,FRED series USACSCICP02STSAM
561,Yijie,https://fred.stlouisfed.org/series/UMCSENT,Michigan ICS – Overall,79.3,Index (1966 Q1 = 100),1978-10,Univ. of Michigan – Surveys of Consumers,Monthly final reading via FRED (UMCSENT)
562,Yijie,https://fred.stlouisfed.org/series/MICH,Michigan – 1yr Inflation Expectations,7.4,Percent (%),1978-10,University of Michigan – Surveys of Consumers,FRED series MICH
563,Yijie,,OECD CCI – Amplitude Adjusted,99.01192,Normalised (avg=100),1978-10,OECD via FRED – CSCICP03USM665S,Above 100 = optimism; below 100 = pessimism
564,Yijie,https://fred.stlouisfed.org/series/USACSCICP02STSAM,OECD CCI – Standardised,85.32233,Normalised (avg=100),1978-10,OECD via FRED,FRED series USACSCICP02STSAM
565,Yijie,https://fred.stlouisfed.org/series/UMCSENT,Michigan ICS – Overall,75.0,Index (1966 Q1 = 100),1978-11,Univ. of Michigan – Surveys of Consumers,Monthly final reading via FRED (UMCSENT)
566,Yijie,https://fred.stlouisfed.org/series/MICH,Michigan – 1yr Inflation Expectations,7.5,Percent (%),1978-11,University of Michigan – Surveys of Consumers,FRED series MICH
567,Yijie,,OECD CCI – Amplitude Adjusted,98.62542,Normalised (avg=100),1978-11,OECD via FRED – CSCICP03USM665S,Above 100 = optimism; below 100 = pessimism
568,Yijie,https://fred.stlouisfed.org/series/USACSCICP02STSAM,OECD CCI – Standardised,80.69578,Normalised (avg=100),1978-11,OECD via FRED,FRED series USACSCICP02STSAM
569,Yijie,https://fred.stlouisfed.org/series/UMCSENT,Michigan ICS – Overall,66.1,Index (1966 Q1 = 100),1978-12,Univ. of Michigan – Surveys of Consumers,Monthly final reading via FRED (UMCSENT)
570,Yijie,https://fred.stlouisfed.org/series/MICH,Michigan – 1yr Inflation Expectations,7.3,Percent (%),1978-12,University of Michigan – Surveys of Consumers,FRED series MICH
571,Yijie,,OECD CCI – Amplitude Adjusted,98.27516,Normalised (avg=100),1978-12,OECD via FRED – CSCICP03USM665S,Above 100 = optimism; below 100 = pessimism
572,Yijie,https://fred.stlouisfed.org/series/USACSCICP02STSAM,OECD CCI – Standardised,71.11988,Normalised (avg=100),1978-12,OECD via FRED,FRED series USACSCICP02STSAM
573,Yijie,https://fred.stlouisfed.org/series/UMCSENT,Michigan ICS – Overall,72.1,Index (1966 Q1 = 100),1979-01,Univ. of Michigan – Surveys of Consumers,Monthly final reading via FRED (UMCSENT)
574,Yijie,https://fred.stlouisfed.org/series/MICH,Michigan – 1yr Inflation Expectations,7.8,Percent (%),1979-01,University of Michigan – Surveys of Consumers,FRED series MICH
575,Yijie,,OECD CCI – Amplitude Adjusted,98.24982,Normalised (avg=100),1979-01,OECD via FRED – CSCICP03USM665S,Above 100 = optimism; below 100 = pessimism
576,Yijie,https://fred.stlouisfed.org/series/USACSCICP02STSAM,OECD CCI – Standardised,77.57554,Normalised (avg=100),1979-01,OECD via FRED,FRED series USACSCICP02STSAM
577,Yijie,https://fred.stlouisfed.org/series/UMCSENT,Michigan ICS – Overall,73.9,Index (1966 Q1 = 100),1979-02,Univ. of Michigan – Surveys of Consumers,Monthly final reading via FRED (UMCSENT)
578,Yijie,https://fred.stlouisfed.org/series/MICH,Michigan – 1yr Inflation Expectations,9.3,Percent (%),1979-02,University of Michigan – Surveys of Consumers,FRED series MICH
579,Yijie,,OECD CCI – Amplitude Adjusted,98.23451,Normalised (avg=100),1979-02,OECD via FRED – CSCICP03USM665S,Above 100 = optimism; below 100 = pessimism
580,Yijie,https://fred.stlouisfed.org/series/USACSCICP02STSAM,OECD CCI – Standardised,79.51224,Normalised (avg=100),1979-02,OECD via FRED,FRED series USACSCICP02STSAM
581,Yijie,https://fred.stlouisfed.org/series/UMCSENT,Michigan ICS – Overall,68.4,Index (1966 Q1 = 100),1979-03,Univ. of Michigan – Surveys of Consumers,Monthly final reading via FRED (UMCSENT)
582,Yijie,https://fred.stlouisfed.org/series/MICH,Michigan – 1yr Inflation Expectations,8.8,Percent (%),1979-03,University of Michigan – Surveys of Consumers,FRED series MICH
583,Yijie,,OECD CCI – Amplitude Adjusted,98.0434,Normalised (avg=100),1979-03,OECD via FRED – CSCICP03USM665S,Above 100 = optimism; below 100 = pessimism
584,Yijie,https://fred.stlouisfed.org/series/USACSCICP02STSAM,OECD CCI – Standardised,73.59455,Normalised (avg=100),1979-03,OECD via FRED,FRED series USACSCICP02STSAM
585,Yijie,https://fred.stlouisfed.org/series/UMCSENT,Michigan ICS – Overall,66.0,Index (1966 Q1 = 100),1979-04,Univ. of Michigan – Surveys of Consumers,Monthly final reading via FRED (UMCSENT)
586,Yijie,https://fred.stlouisfed.org/series/MICH,Michigan – 1yr Inflation Expectations,9.7,Percent (%),1979-04,University of Michigan – Surveys of Consumers,FRED series MICH
587,Yijie,,OECD CCI – Amplitude Adjusted,97.84727,Normalised (avg=100),1979-04,OECD via FRED – CSCICP03USM665S,Above 100 = optimism; below 100 = pessimism
588,Yijie,https://fred.stlouisfed.org/series/USACSCICP02STSAM,OECD CCI – Standardised,71.01228,Normalised (avg=100),1979-04,OECD via FRED,FRED series USACSCICP02STSAM
589,Yijie,https://fred.stlouisfed.org/series/UMCSENT,Michigan ICS – Overall,68.1,Index (1966 Q1 = 100),1979-05,Univ. of Michigan – Surveys of Consumers,Monthly final reading via FRED (UMCSENT)
590,Yijie,https://fred.stlouisfed.org/series/MICH,Michigan – 1yr Inflation Expectations,9.8,Percent (%),1979-05,University of Michigan – Surveys of Consumers,FRED series MICH
591,Yijie,,OECD CCI – Amplitude Adjusted,97.71627,Normalised (avg=100),1979-05,OECD via FRED – CSCICP03USM665S,Above 100 = optimism; below 100 = pessimism
592,Yijie,https://fred.stlouisfed.org/series/USACSCICP02STSAM,OECD CCI – Standardised,73.27177,Normalised (avg=100),1979-05,OECD via FRED,FRED series USACSCICP02STSAM
593,Yijie,https://fred.stlouisfed.org/series/UMCSENT,Michigan ICS – Overall,65.8,Index (1966 Q1 = 100),1979-06,Univ. of Michigan – Surveys of Consumers,Monthly final reading via FRED (UMCSENT)
594,Yijie,https://fred.stlouisfed.org/series/MICH,Michigan – 1yr Inflation Expectations,9.9,Percent (%),1979-06,University of Michigan – Surveys of Consumers,FRED series MICH
595,Yijie,,OECD CCI – Amplitude Adjusted,97.53304,Normalised (avg=100),1979-06,OECD via FRED – CSCICP03USM665S,Above 100 = optimism; below 100 = pessimism
596,Yijie,https://fred.stlouisfed.org/series/USACSCICP02STSAM,OECD CCI – Standardised,70.7971,Normalised (avg=100),1979-06,OECD via FRED,FRED series USACSCICP02STSAM
597,Yijie,https://fred.stlouisfed.org/series/UMCSENT,Michigan ICS – Overall,60.4,Index (1966 Q1 = 100),1979-07,Univ. of Michigan – Surveys of Consumers,Monthly final reading via FRED (UMCSENT)
598,Yijie,https://fred.stlouisfed.org/series/MICH,Michigan – 1yr Inflation Expectations,9.9,Percent (%),1979-07,University of Michigan – Surveys of Consumers,FRED series MICH
599,Yijie,,OECD CCI – Amplitude Adjusted,97.37135,Normalised (avg=100),1979-07,OECD via FRED – CSCICP03USM665S,Above 100 = optimism; below 100 = pessimism
600,Yijie,https://fred.stlouisfed.org/series/USACSCICP02STSAM,OECD CCI – Standardised,64.987,Normalised (avg=100),1979-07,OECD via FRED,FRED series USACSCICP02STSAM
601,Yijie,https://fred.stlouisfed.org/series/UMCSENT,Michigan ICS – Overall,64.5,Index (1966 Q1 = 100),1979-08,Univ. of Michigan – Surveys of Consumers,Monthly final reading via FRED (UMCSENT)
602,Yijie,https://fred.stlouisfed.org/series/MICH,Michigan – 1yr Inflation Expectations,9.9,Percent (%),1979-08,University of Michigan – Surveys of Consumers,FRED series MICH
603,Yijie,,OECD CCI – Amplitude Adjusted,97.40817,Normalised (avg=100),1979-08,OECD via FRED – CSCICP03USM665S,Above 100 = optimism; below 100 = pessimism
604,Yijie,https://fred.stlouisfed.org/series/USACSCICP02STSAM,OECD CCI – Standardised,69.39837,Normalised (avg=100),1979-08,OECD via FRED,FRED series USACSCICP02STSAM
605,Yijie,https://fred.stlouisfed.org/series/UMCSENT,Michigan ICS – Overall,66.7,Index (1966 Q1 = 100),1979-09,Univ. of Michigan – Surveys of Consumers,Monthly final reading via FRED (UMCSENT)
606,Yijie,https://fred.stlouisfed.org/series/MICH,Michigan – 1yr Inflation Expectations,9.6,Percent (%),1979-09,University of Michigan – Surveys of Consumers,FRED series MICH
607,Yijie,,OECD CCI – Amplitude Adjusted,97.44877,Normalised (avg=100),1979-09,OECD via FRED – CSCICP03USM665S,Above 100 = optimism; below 100 = pessimism
608,Yijie,https://fred.stlouisfed.org/series/USACSCICP02STSAM,OECD CCI – Standardised,71.76544,Normalised (avg=100),1979-09,OECD via FRED,FRED series USACSCICP02STSAM
609,Yijie,https://fred.stlouisfed.org/series/UMCSENT,Michigan ICS – Overall,62.1,Index (1966 Q1 = 100),1979-10,Univ. of Michigan – Surveys of Consumers,Monthly final reading via FRED (UMCSENT)
610,Yijie,https://fred.stlouisfed.org/series/MICH,Michigan – 1yr Inflation Expectations,9.0,Percent (%),1979-10,University of Michigan – Surveys of Consumers,FRED series MICH
611,Yijie,,OECD CCI – Amplitude Adjusted,97.37322,Normalised (avg=100),1979-10,OECD via FRED – CSCICP03USM665S,Above 100 = optimism; below 100 = pessimism
612,Yijie,https://fred.stlouisfed.org/series/USACSCICP02STSAM,OECD CCI – Standardised,66.8161,Normalised (avg=100),1979-10,OECD via FRED,FRED series USACSCICP02STSAM
613,Yijie,https://fred.stlouisfed.org/series/UMCSENT,Michigan ICS – Overall,63.3,Index (1966 Q1 = 100),1979-11,Univ. of Michigan – Surveys of Consumers,Monthly final reading via FRED (UMCSENT)
614,Yijie,https://fred.stlouisfed.org/series/MICH,Michigan – 1yr Inflation Expectations,10.0,Percent (%),1979-11,University of Michigan – Surveys of Consumers,FRED series MICH
615,Yijie,,OECD CCI – Amplitude Adjusted,97.35517,Normalised (avg=100),1979-11,OECD via FRED – CSCICP03USM665S,Above 100 = optimism; below 100 = pessimism
616,Yijie,https://fred.stlouisfed.org/series/USACSCICP02STSAM,OECD CCI – Standardised,68.10724,Normalised (avg=100),1979-11,OECD via FRED,FRED series USACSCICP02STSAM
617,Yijie,https://fred.stlouisfed.org/series/UMCSENT,Michigan ICS – Overall,61.0,Index (1966 Q1 = 100),1979-12,Univ. of Michigan – Surveys of Consumers,Monthly final reading via FRED (UMCSENT)
618,Yijie,https://fred.stlouisfed.org/series/MICH,Michigan – 1yr Inflation Expectations,9.9,Percent (%),1979-12,University of Michigan – Surveys of Consumers,FRED series MICH
619,Yijie,,OECD CCI – Amplitude Adjusted,97.39511,Normalised (avg=100),1979-12,OECD via FRED – CSCICP03USM665S,Above 100 = optimism; below 100 = pessimism
620,Yijie,https://fred.stlouisfed.org/series/USACSCICP02STSAM,OECD CCI – Standardised,65.63257,Normalised (avg=100),1979-12,OECD via FRED,FRED series USACSCICP02STSAM
621,Yijie,https://fred.stlouisfed.org/series/UMCSENT,Michigan ICS – Overall,67.0,Index (1966 Q1 = 100),1980-01,Univ. of Michigan – Surveys of Consumers,Monthly final reading via FRED (UMCSENT)
622,Yijie,https://fred.stlouisfed.org/series/MICH,Michigan – 1yr Inflation Expectations,10.4,Percent (%),1980-01,University of Michigan – Surveys of Consumers,FRED series MICH
623,Yijie,,OECD CCI – Amplitude Adjusted,97.47986,Normalised (avg=100),1980-01,OECD via FRED – CSCICP03USM665S,Above 100 = optimism; below 100 = pessimism
624,Yijie,https://fred.stlouisfed.org/series/USACSCICP02STSAM,OECD CCI – Standardised,72.08823,Normalised (avg=100),1980-01,OECD via FRED,FRED series USACSCICP02STSAM
625,Yijie,https://fred.stlouisfed.org/series/UMCSENT,Michigan ICS – Overall,66.9,Index (1966 Q1 = 100),1980-02,Univ. of Michigan – Surveys of Consumers,Monthly final reading via FRED (UMCSENT)
626,Yijie,https://fred.stlouisfed.org/series/MICH,Michigan – 1yr Inflation Expectations,10.0,Percent (%),1980-02,University of Michigan – Surveys of Consumers,FRED series MICH
627,Yijie,,OECD CCI – Amplitude Adjusted,97.27154,Normalised (avg=100),1980-02,OECD via FRED – CSCICP03USM665S,Above 100 = optimism; below 100 = pessimism
628,Yijie,https://fred.stlouisfed.org/series/USACSCICP02STSAM,OECD CCI – Standardised,71.98064,Normalised (avg=100),1980-02,OECD via FRED,FRED series USACSCICP02STSAM
629,Yijie,https://fred.stlouisfed.org/series/UMCSENT,Michigan ICS – Overall,56.5,Index (1966 Q1 = 100),1980-03,Univ. of Michigan – Surveys of Consumers,Monthly final reading via FRED (UMCSENT)
630,Yijie,https://fred.stlouisfed.org/series/MICH,Michigan – 1yr Inflation Expectations,10.2,Percent (%),1980-03,University of Michigan – Surveys of Consumers,FRED series MICH
631,Yijie,,OECD CCI – Amplitude Adjusted,96.73009,Normalised (avg=100),1980-03,OECD via FRED – CSCICP03USM665S,Above 100 = optimism; below 100 = pessimism
632,Yijie,https://fred.stlouisfed.org/series/USACSCICP02STSAM,OECD CCI – Standardised,60.79082,Normalised (avg=100),1980-03,OECD via FRED,FRED series USACSCICP02STSAM
633,Yijie,https://fred.stlouisfed.org/series/UMCSENT,Michigan ICS – Overall,52.7,Index (1966 Q1 = 100),1980-04,Univ. of Michigan – Surveys of Consumers,Monthly final reading via FRED (UMCSENT)
634,Yijie,https://fred.stlouisfed.org/series/MICH,Michigan – 1yr Inflation Expectations,10.1,Percent (%),1980-04,University of Michigan – Surveys of Consumers,FRED series MICH
635,Yijie,,OECD CCI – Amplitude Adjusted,96.30981,Normalised (avg=100),1980-04,OECD via FRED – CSCICP03USM665S,Above 100 = optimism; below 100 = pessimism
636,Yijie,https://fred.stlouisfed.org/series/USACSCICP02STSAM,OECD CCI – Standardised,56.70223,Normalised (avg=100),1980-04,OECD via FRED,FRED series USACSCICP02STSAM
637,Yijie,https://fred.stlouisfed.org/series/UMCSENT,Michigan ICS – Overall,51.7,Index (1966 Q1 = 100),1980-05,Univ. of Michigan – Surveys of Consumers,Monthly final reading via FRED (UMCSENT)
638,Yijie,https://fred.stlouisfed.org/series/MICH,Michigan – 1yr Inflation Expectations,8.6,Percent (%),1980-05,University of Michigan – Surveys of Consumers,FRED series MICH
639,Yijie,,OECD CCI – Amplitude Adjusted,96.27487,Normalised (avg=100),1980-05,OECD via FRED – CSCICP03USM665S,Above 100 = optimism; below 100 = pessimism
640,Yijie,https://fred.stlouisfed.org/series/USACSCICP02STSAM,OECD CCI – Standardised,55.62629,Normalised (avg=100),1980-05,OECD via FRED,FRED series USACSCICP02STSAM
641,Yijie,https://fred.stlouisfed.org/series/UMCSENT,Michigan ICS – Overall,58.7,Index (1966 Q1 = 100),1980-06,Univ. of Michigan – Surveys of Consumers,Monthly final reading via FRED (UMCSENT)
642,Yijie,https://fred.stlouisfed.org/series/MICH,Michigan – 1yr Inflation Expectations,8.5,Percent (%),1980-06,University of Michigan – Surveys of Consumers,FRED series MICH
643,Yijie,,OECD CCI – Amplitude Adjusted,96.67149,Normalised (avg=100),1980-06,OECD via FRED – CSCICP03USM665S,Above 100 = optimism; below 100 = pessimism
644,Yijie,https://fred.stlouisfed.org/series/USACSCICP02STSAM,OECD CCI – Standardised,63.15789,Normalised (avg=100),1980-06,OECD via FRED,FRED series USACSCICP02STSAM
645,Yijie,https://fred.stlouisfed.org/series/UMCSENT,Michigan ICS – Overall,62.3,Index (1966 Q1 = 100),1980-07,Univ. of Michigan – Surveys of Consumers,Monthly final reading via FRED (UMCSENT)
646,Yijie,https://fred.stlouisfed.org/series/MICH,Michigan – 1yr Inflation Expectations,9.6,Percent (%),1980-07,University of Michigan – Surveys of Consumers,FRED series MICH
647,Yijie,,OECD CCI – Amplitude Adjusted,97.24512,Normalised (avg=100),1980-07,OECD via FRED – CSCICP03USM665S,Above 100 = optimism; below 100 = pessimism
648,Yijie,https://fred.stlouisfed.org/series/USACSCICP02STSAM,OECD CCI – Standardised,67.0313,Normalised (avg=100),1980-07,OECD via FRED,FRED series USACSCICP02STSAM
649,Yijie,https://fred.stlouisfed.org/series/UMCSENT,Michigan ICS – Overall,67.3,Index (1966 Q1 = 100),1980-08,Univ. of Michigan – Surveys of Consumers,Monthly final reading via FRED (UMCSENT)
650,Yijie,https://fred.stlouisfed.org/series/MICH,Michigan – 1yr Inflation Expectations,7.6,Percent (%),1980-08,University of Michigan – Surveys of Consumers,FRED series MICH
651,Yijie,,OECD CCI – Amplitude Adjusted,97.86894,Normalised (avg=100),1980-08,OECD via FRED – CSCICP03USM665S,Above 100 = optimism; below 100 = pessimism
652,Yijie,https://fred.stlouisfed.org/series/USACSCICP02STSAM,OECD CCI – Standardised,72.41101,Normalised (avg=100),1980-08,OECD via FRED,FRED series USACSCICP02STSAM
653,Yijie,https://fred.stlouisfed.org/series/UMCSENT,Michigan ICS – Overall,73.7,Index (1966 Q1 = 100),1980-09,Univ. of Michigan – Surveys of Consumers,Monthly final reading via FRED (UMCSENT)
654,Yijie,https://fred.stlouisfed.org/series/MICH,Michigan – 1yr Inflation Expectations,9.1,Percent (%),1980-09,University of Michigan – Surveys of Consumers,FRED series MICH
655,Yijie,,OECD CCI – Amplitude Adjusted,98.39467,Normalised (avg=100),1980-09,OECD via FRED – CSCICP03USM665S,Above 100 = optimism; below 100 = pessimism
656,Yijie,https://fred.stlouisfed.org/series/USACSCICP02STSAM,OECD CCI – Standardised,79.29705,Normalised (avg=100),1980-09,OECD via FRED,FRED series USACSCICP02STSAM
657,Yijie,https://fred.stlouisfed.org/series/UMCSENT,Michigan ICS – Overall,75.0,Index (1966 Q1 = 100),1980-10,Univ. of Michigan – Surveys of Consumers,Monthly final reading via FRED (UMCSENT)
658,Yijie,https://fred.stlouisfed.org/series/MICH,Michigan – 1yr Inflation Expectations,9.6,Percent (%),1980-10,University of Michigan – Surveys of Consumers,FRED series MICH
659,Yijie,,OECD CCI – Amplitude Adjusted,98.61813,Normalised (avg=100),1980-10,OECD via FRED – CSCICP03USM665S,Above 100 = optimism; below 100 = pessimism
660,Yijie,https://fred.stlouisfed.org/series/USACSCICP02STSAM,OECD CCI – Standardised,80.69578,Normalised (avg=100),1980-10,OECD via FRED,FRED series USACSCICP02STSAM
661,Yijie,https://fred.stlouisfed.org/series/UMCSENT,Michigan ICS – Overall,76.7,Index (1966 Q1 = 100),1980-11,Univ. of Michigan – Surveys of Consumers,Monthly final reading via FRED (UMCSENT)
662,Yijie,https://fred.stlouisfed.org/series/MICH,Michigan – 1yr Inflation Expectations,8.6,Percent (%),1980-11,University of Michigan – Surveys of Consumers,FRED series MICH
663,Yijie,,OECD CCI – Amplitude Adjusted,98.50801,Normalised (avg=100),1980-11,OECD via FRED – CSCICP03USM665S,Above 100 = optimism; below 100 = pessimism
664,Yijie,https://fred.stlouisfed.org/series/USACSCICP02STSAM,OECD CCI – Standardised,82.52488,Normalised (avg=100),1980-11,OECD via FRED,FRED series USACSCICP02STSAM
665,Yijie,https://fred.stlouisfed.org/series/UMCSENT,Michigan ICS – Overall,64.5,Index (1966 Q1 = 100),1980-12,Univ. of Michigan – Surveys of Consumers,Monthly final reading via FRED (UMCSENT)
666,Yijie,https://fred.stlouisfed.org/series/MICH,Michigan – 1yr Inflation Expectations,9.7,Percent (%),1980-12,University of Michigan – Surveys of Consumers,FRED series MICH
667,Yijie,,OECD CCI – Amplitude Adjusted,98.13569,Normalised (avg=100),1980-12,OECD via FRED – CSCICP03USM665S,Above 100 = optimism; below 100 = pessimism
668,Yijie,https://fred.stlouisfed.org/series/USACSCICP02STSAM,OECD CCI – Standardised,69.39837,Normalised (avg=100),1980-12,OECD via FRED,FRED series USACSCICP02STSAM
669,Yijie,https://fred.stlouisfed.org/series/UMCSENT,Michigan ICS – Overall,71.4,Index (1966 Q1 = 100),1981-01,Univ. of Michigan – Surveys of Consumers,Monthly final reading via FRED (UMCSENT)
670,Yijie,https://fred.stlouisfed.org/series/MICH,Michigan – 1yr Inflation Expectations,9.5,Percent (%),1981-01,University of Michigan – Surveys of Consumers,FRED series MICH
671,Yijie,,OECD CCI – Amplitude Adjusted,97.98567,Normalised (avg=100),1981-01,OECD via FRED – CSCICP03USM665S,Above 100 = optimism; below 100 = pessimism
672,Yijie,https://fred.stlouisfed.org/series/USACSCICP02STSAM,OECD CCI – Standardised,76.82238,Normalised (avg=100),1981-01,OECD via FRED,FRED series USACSCICP02STSAM
673,Yijie,https://fred.stlouisfed.org/series/UMCSENT,Michigan ICS – Overall,66.9,Index (1966 Q1 = 100),1981-02,Univ. of Michigan – Surveys of Consumers,Monthly final reading via FRED (UMCSENT)
674,Yijie,https://fred.stlouisfed.org/series/MICH,Michigan – 1yr Inflation Expectations,8.6,Percent (%),1981-02,University of Michigan – Surveys of Consumers,FRED series MICH
675,Yijie,,OECD CCI – Amplitude Adjusted,97.88979,Normalised (avg=100),1981-02,OECD via FRED – CSCICP03USM665S,Above 100 = optimism; below 100 = pessimism
676,Yijie,https://fred.stlouisfed.org/series/USACSCICP02STSAM,OECD CCI – Standardised,71.98064,Normalised (avg=100),1981-02,OECD via FRED,FRED series USACSCICP02STSAM
677,Yijie,https://fred.stlouisfed.org/series/UMCSENT,Michigan ICS – Overall,66.5,Index (1966 Q1 = 100),1981-03,Univ. of Michigan – Surveys of Consumers,Monthly final reading via FRED (UMCSENT)
678,Yijie,https://fred.stlouisfed.org/series/MICH,Michigan – 1yr Inflation Expectations,7.2,Percent (%),1981-03,University of Michigan – Surveys of Consumers,FRED series MICH
679,Yijie,,OECD CCI – Amplitude Adjusted,97.99059,Normalised (avg=100),1981-03,OECD via FRED – CSCICP03USM665S,Above 100 = optimism; below 100 = pessimism
680,Yijie,https://fred.stlouisfed.org/series/USACSCICP02STSAM,OECD CCI – Standardised,71.55025,Normalised (avg=100),1981-03,OECD via FRED,FRED series USACSCICP02STSAM
681,Yijie,https://fred.stlouisfed.org/series/UMCSENT,Michigan ICS – Overall,72.4,Index (1966 Q1 = 100),1981-04,Univ. of Michigan – Surveys of Consumers,Monthly final reading via FRED (UMCSENT)
682,Yijie,https://fred.stlouisfed.org/series/MICH,Michigan – 1yr Inflation Expectations,8.0,Percent (%),1981-04,University of Michigan – Surveys of Consumers,FRED series MICH
683,Yijie,,OECD CCI – Amplitude Adjusted,98.30675,Normalised (avg=100),1981-04,OECD via FRED – CSCICP03USM665S,Above 100 = optimism; below 100 = pessimism
684,Yijie,https://fred.stlouisfed.org/series/USACSCICP02STSAM,OECD CCI – Standardised,77.89832,Normalised (avg=100),1981-04,OECD via FRED,FRED series USACSCICP02STSAM
685,Yijie,https://fred.stlouisfed.org/series/UMCSENT,Michigan ICS – Overall,76.3,Index (1966 Q1 = 100),1981-05,Univ. of Michigan – Surveys of Consumers,Monthly final reading via FRED (UMCSENT)
686,Yijie,https://fred.stlouisfed.org/series/MICH,Michigan – 1yr Inflation Expectations,7.3,Percent (%),1981-05,University of Michigan – Surveys of Consumers,FRED series MICH
687,Yijie,,OECD CCI – Amplitude Adjusted,98.58509,Normalised (avg=100),1981-05,OECD via FRED – CSCICP03USM665S,Above 100 = optimism; below 100 = pessimism
688,Yijie,https://fred.stlouisfed.org/series/USACSCICP02STSAM,OECD CCI – Standardised,82.09451,Normalised (avg=100),1981-05,OECD via FRED,FRED series USACSCICP02STSAM
689,Yijie,https://fred.stlouisfed.org/series/UMCSENT,Michigan ICS – Overall,73.1,Index (1966 Q1 = 100),1981-06,Univ. of Michigan – Surveys of Consumers,Monthly final reading via FRED (UMCSENT)
690,Yijie,https://fred.stlouisfed.org/series/MICH,Michigan – 1yr Inflation Expectations,7.1,Percent (%),1981-06,University of Michigan – Surveys of Consumers,FRED series MICH
691,Yijie,,OECD CCI – Amplitude Adjusted,98.67999,Normalised (avg=100),1981-06,OECD via FRED – CSCICP03USM665S,Above 100 = optimism; below 100 = pessimism
692,Yijie,https://fred.stlouisfed.org/series/USACSCICP02STSAM,OECD CCI – Standardised,78.65148,Normalised (avg=100),1981-06,OECD via FRED,FRED series USACSCICP02STSAM
693,Yijie,https://fred.stlouisfed.org/series/UMCSENT,Michigan ICS – Overall,74.1,Index (1966 Q1 = 100),1981-07,Univ. of Michigan – Surveys of Consumers,Monthly final reading via FRED (UMCSENT)
694,Yijie,https://fred.stlouisfed.org/series/MICH,Michigan – 1yr Inflation Expectations,6.8,Percent (%),1981-07,University of Michigan – Surveys of Consumers,FRED series MICH
695,Yijie,,OECD CCI – Amplitude Adjusted,98.73473,Normalised (avg=100),1981-07,OECD via FRED – CSCICP03USM665S,Above 100 = optimism; below 100 = pessimism
696,Yijie,https://fred.stlouisfed.org/series/USACSCICP02STSAM,OECD CCI – Standardised,79.72742,Normalised (avg=100),1981-07,OECD via FRED,FRED series USACSCICP02STSAM
697,Yijie,https://fred.stlouisfed.org/series/UMCSENT,Michigan ICS – Overall,77.2,Index (1966 Q1 = 100),1981-08,Univ. of Michigan – Surveys of Consumers,Monthly final reading via FRED (UMCSENT)
698,Yijie,https://fred.stlouisfed.org/series/MICH,Michigan – 1yr Inflation Expectations,5.8,Percent (%),1981-08,University of Michigan – Surveys of Consumers,FRED series MICH
699,Yijie,,OECD CCI – Amplitude Adjusted,98.70944,Normalised (avg=100),1981-08,OECD via FRED – CSCICP03USM665S,Above 100 = optimism; below 100 = pessimism
700,Yijie,https://fred.stlouisfed.org/series/USACSCICP02STSAM,OECD CCI – Standardised,83.06285,Normalised (avg=100),1981-08,OECD via FRED,FRED series USACSCICP02STSAM
701,Yijie,https://fred.stlouisfed.org/series/UMCSENT,Michigan ICS – Overall,73.1,Index (1966 Q1 = 100),1981-09,Univ. of Michigan – Surveys of Consumers,Monthly final reading via FRED (UMCSENT)
702,Yijie,https://fred.stlouisfed.org/series/MICH,Michigan – 1yr Inflation Expectations,6.9,Percent (%),1981-09,University of Michigan – Surveys of Consumers,FRED series MICH
703,Yijie,,OECD CCI – Amplitude Adjusted,98.44422,Normalised (avg=100),1981-09,OECD via FRED – CSCICP03USM665S,Above 100 = optimism; below 100 = pessimism
704,Yijie,https://fred.stlouisfed.org/series/USACSCICP02STSAM,OECD CCI – Standardised,78.65148,Normalised (avg=100),1981-09,OECD via FRED,FRED series USACSCICP02STSAM
705,Yijie,https://fred.stlouisfed.org/series/UMCSENT,Michigan ICS – Overall,70.3,Index (1966 Q1 = 100),1981-10,Univ. of Michigan – Surveys of Consumers,Monthly final reading via FRED (UMCSENT)
706,Yijie,https://fred.stlouisfed.org/series/MICH,Michigan – 1yr Inflation Expectations,6.7,Percent (%),1981-10,University of Michigan – Surveys of Consumers,FRED series MICH
707,Yijie,,OECD CCI – Amplitude Adjusted,98.04984,Normalised (avg=100),1981-10,OECD via FRED – CSCICP03USM665S,Above 100 = optimism; below 100 = pessimism
708,Yijie,https://fred.stlouisfed.org/series/USACSCICP02STSAM,OECD CCI – Standardised,75.63884,Normalised (avg=100),1981-10,OECD via FRED,FRED series USACSCICP02STSAM
709,Yijie,https://fred.stlouisfed.org/series/UMCSENT,Michigan ICS – Overall,62.5,Index (1966 Q1 = 100),1981-11,Univ. of Michigan – Surveys of Consumers,Monthly final reading via FRED (UMCSENT)
710,Yijie,https://fred.stlouisfed.org/series/MICH,Michigan – 1yr Inflation Expectations,7.3,Percent (%),1981-11,University of Michigan – Surveys of Consumers,FRED series MICH
711,Yijie,,OECD CCI – Amplitude Adjusted,97.68962,Normalised (avg=100),1981-11,OECD via FRED – CSCICP03USM665S,Above 100 = optimism; below 100 = pessimism
712,Yijie,https://fred.stlouisfed.org/series/USACSCICP02STSAM,OECD CCI – Standardised,67.24648,Normalised (avg=100),1981-11,OECD via FRED,FRED series USACSCICP02STSAM
713,Yijie,https://fred.stlouisfed.org/series/UMCSENT,Michigan ICS – Overall,64.3,Index (1966 Q1 = 100),1981-12,Univ. of Michigan – Surveys of Consumers,Monthly final reading via FRED (UMCSENT)
714,Yijie,https://fred.stlouisfed.org/series/MICH,Michigan – 1yr Inflation Expectations,5.3,Percent (%),1981-12,University of Michigan – Surveys of Consumers,FRED series MICH
715,Yijie,,OECD CCI – Amplitude Adjusted,97.64383,Normalised (avg=100),1981-12,OECD via FRED – CSCICP03USM665S,Above 100 = optimism; below 100 = pessimism
716,Yijie,https://fred.stlouisfed.org/series/USACSCICP02STSAM,OECD CCI – Standardised,69.18318,Normalised (avg=100),1981-12,OECD via FRED,FRED series USACSCICP02STSAM
717,Yijie,https://fred.stlouisfed.org/series/EXPINF10YR,Cleveland Fed – 10yr Inflation Expectations,6.1976115,Percent (%),1982-01,Federal Reserve Bank of Cleveland via FRED,FRED series EXPINF10YR
718,Yijie,https://fred.stlouisfed.org/series/EXPINF1YR,Cleveland Fed – 1yr Inflation Expectations,6.3945071,Percent (%),1982-01,Federal Reserve Bank of Cleveland via FRED,FRED series EXPINF1YR
719,Yijie,https://fred.stlouisfed.org/series/UMCSENT,Michigan ICS – Overall,71.0,Index (1966 Q1 = 100),1982-01,Univ. of Michigan – Surveys of Consumers,Monthly final reading via FRED (UMCSENT)
720,Yijie,https://fred.stlouisfed.org/series/MICH,Michigan – 1yr Inflation Expectations,5.1,Percent (%),1982-01,University of Michigan – Surveys of Consumers,FRED series MICH
721,Yijie,,OECD CCI – Amplitude Adjusted,97.75028,Normalised (avg=100),1982-01,OECD via FRED – CSCICP03USM665S,Above 100 = optimism; below 100 = pessimism
722,Yijie,https://fred.stlouisfed.org/series/USACSCICP02STSAM,OECD CCI – Standardised,76.39201,Normalised (avg=100),1982-01,OECD via FRED,FRED series USACSCICP02STSAM
723,Yijie,https://fred.stlouisfed.org/series/EXPINF10YR,Cleveland Fed – 10yr Inflation Expectations,6.0792322,Percent (%),1982-02,Federal Reserve Bank of Cleveland via FRED,FRED series EXPINF10YR
724,Yijie,https://fred.stlouisfed.org/series/EXPINF1YR,Cleveland Fed – 1yr Inflation Expectations,6.4321077,Percent (%),1982-02,Federal Reserve Bank of Cleveland via FRED,FRED series EXPINF1YR
725,Yijie,https://fred.stlouisfed.org/series/UMCSENT,Michigan ICS – Overall,66.5,Index (1966 Q1 = 100),1982-02,Univ. of Michigan – Surveys of Consumers,Monthly final reading via FRED (UMCSENT)
726,Yijie,https://fred.stlouisfed.org/series/MICH,Michigan – 1yr Inflation Expectations,5.2,Percent (%),1982-02,University of Michigan – Surveys of Consumers,FRED series MICH
727,Yijie,,OECD CCI – Amplitude Adjusted,97.6624,Normalised (avg=100),1982-02,OECD via FRED – CSCICP03USM665S,Above 100 = optimism; below 100 = pessimism
728,Yijie,https://fred.stlouisfed.org/series/USACSCICP02STSAM,OECD CCI – Standardised,71.55025,Normalised (avg=100),1982-02,OECD via FRED,FRED series USACSCICP02STSAM
729,Yijie,https://fred.stlouisfed.org/series/EXPINF10YR,Cleveland Fed – 10yr Inflation Expectations,5.6481299,Percent (%),1982-03,Federal Reserve Bank of Cleveland via FRED,FRED series EXPINF10YR
730,Yijie,https://fred.stlouisfed.org/series/EXPINF1YR,Cleveland Fed – 1yr Inflation Expectations,6.3877317,Percent (%),1982-03,Federal Reserve Bank of Cleveland via FRED,FRED series EXPINF1YR
731,Yijie,https://fred.stlouisfed.org/series/UMCSENT,Michigan ICS – Overall,62.0,Index (1966 Q1 = 100),1982-03,Univ. of Michigan – Surveys of Consumers,Monthly final reading via FRED (UMCSENT)
732,Yijie,https://fred.stlouisfed.org/series/MICH,Michigan – 1yr Inflation Expectations,4.2,Percent (%),1982-03,University of Michigan – Surveys of Consumers,FRED series MICH
733,Yijie,,OECD CCI – Amplitude Adjusted,97.53255,Normalised (avg=100),1982-03,OECD via FRED – CSCICP03USM665S,Above 100 = optimism; below 100 = pessimism
734,Yijie,https://fred.stlouisfed.org/series/USACSCICP02STSAM,OECD CCI – Standardised,66.70851,Normalised (avg=100),1982-03,OECD via FRED,FRED series USACSCICP02STSAM
735,Yijie,https://fred.stlouisfed.org/series/EXPINF10YR,Cleveland Fed – 10yr Inflation Expectations,5.7131884,Percent (%),1982-04,Federal Reserve Bank of Cleveland via FRED,FRED series EXPINF10YR
736,Yijie,https://fred.stlouisfed.org/series/EXPINF1YR,Cleveland Fed – 1yr Inflation Expectations,6.1406276,Percent (%),1982-04,Federal Reserve Bank of Cleveland via FRED,FRED series EXPINF1YR
737,Yijie,https://fred.stlouisfed.org/series/UMCSENT,Michigan ICS – Overall,65.5,Index (1966 Q1 = 100),1982-04,Univ. of Michigan – Surveys of Consumers,Monthly final reading via FRED (UMCSENT)
738,Yijie,https://fred.stlouisfed.org/series/MICH,Michigan – 1yr Inflation Expectations,4.7,Percent (%),1982-04,University of Michigan – Surveys of Consumers,FRED series MICH
739,Yijie,,OECD CCI – Amplitude Adjusted,97.56945,Normalised (avg=100),1982-04,OECD via FRED – CSCICP03USM665S,Above 100 = optimism; below 100 = pessimism
740,Yijie,https://fred.stlouisfed.org/series/USACSCICP02STSAM,OECD CCI – Standardised,70.47431,Normalised (avg=100),1982-04,OECD via FRED,FRED series USACSCICP02STSAM
741,Yijie,https://fred.stlouisfed.org/series/EXPINF10YR,Cleveland Fed – 10yr Inflation Expectations,5.6899798,Percent (%),1982-05,Federal Reserve Bank of Cleveland via FRED,FRED series EXPINF10YR
742,Yijie,https://fred.stlouisfed.org/series/EXPINF1YR,Cleveland Fed – 1yr Inflation Expectations,5.4881669,Percent (%),1982-05,Federal Reserve Bank of Cleveland via FRED,FRED series EXPINF1YR
743,Yijie,https://fred.stlouisfed.org/series/UMCSENT,Michigan ICS – Overall,67.5,Index (1966 Q1 = 100),1982-05,Univ. of Michigan – Surveys of Consumers,Monthly final reading via FRED (UMCSENT)
744,Yijie,https://fred.stlouisfed.org/series/MICH,Michigan – 1yr Inflation Expectations,3.5,Percent (%),1982-05,University of Michigan – Surveys of Consumers,FRED series MICH
745,Yijie,,OECD CCI – Amplitude Adjusted,97.63757,Normalised (avg=100),1982-05,OECD via FRED – CSCICP03USM665S,Above 100 = optimism; below 100 = pessimism
746,Yijie,https://fred.stlouisfed.org/series/USACSCICP02STSAM,OECD CCI – Standardised,72.6262,Normalised (avg=100),1982-05,OECD via FRED,FRED series USACSCICP02STSAM
747,Yijie,https://fred.stlouisfed.org/series/EXPINF10YR,Cleveland Fed – 10yr Inflation Expectations,5.6023786,Percent (%),1982-06,Federal Reserve Bank of Cleveland via FRED,FRED series EXPINF10YR
748,Yijie,https://fred.stlouisfed.org/series/EXPINF1YR,Cleveland Fed – 1yr Inflation Expectations,5.4452325,Percent (%),1982-06,Federal Reserve Bank of Cleveland via FRED,FRED series EXPINF1YR
749,Yijie,https://fred.stlouisfed.org/series/UMCSENT,Michigan ICS – Overall,65.7,Index (1966 Q1 = 100),1982-06,Univ. of Michigan – Surveys of Consumers,Monthly final reading via FRED (UMCSENT)
750,Yijie,https://fred.stlouisfed.org/series/MICH,Michigan – 1yr Inflation Expectations,4.6,Percent (%),1982-06,University of Michigan – Surveys of Consumers,FRED series MICH
751,Yijie,,OECD CCI – Amplitude Adjusted,97.63278,Normalised (avg=100),1982-06,OECD via FRED – CSCICP03USM665S,Above 100 = optimism; below 100 = pessimism
752,Yijie,https://fred.stlouisfed.org/series/USACSCICP02STSAM,OECD CCI – Standardised,70.6895,Normalised (avg=100),1982-06,OECD via FRED,FRED series USACSCICP02STSAM
753,Yijie,https://fred.stlouisfed.org/series/EXPINF10YR,Cleveland Fed – 10yr Inflation Expectations,5.9160055,Percent (%),1982-07,Federal Reserve Bank of Cleveland via FRED,FRED series EXPINF10YR
754,Yijie,https://fred.stlouisfed.org/series/EXPINF1YR,Cleveland Fed – 1yr Inflation Expectations,6.3748846,Percent (%),1982-07,Federal Reserve Bank of Cleveland via FRED,FRED series EXPINF1YR
755,Yijie,https://fred.stlouisfed.org/series/UMCSENT,Michigan ICS – Overall,65.4,Index (1966 Q1 = 100),1982-07,Univ. of Michigan – Surveys of Consumers,Monthly final reading via FRED (UMCSENT)
756,Yijie,https://fred.stlouisfed.org/series/MICH,Michigan – 1yr Inflation Expectations,5.0,Percent (%),1982-07,University of Michigan – Surveys of Consumers,FRED series MICH
757,Yijie,,OECD CCI – Amplitude Adjusted,97.65004,Normalised (avg=100),1982-07,OECD via FRED – CSCICP03USM665S,Above 100 = optimism; below 100 = pessimism
758,Yijie,https://fred.stlouisfed.org/series/USACSCICP02STSAM,OECD CCI – Standardised,70.36671,Normalised (avg=100),1982-07,OECD via FRED,FRED series USACSCICP02STSAM
759,Yijie,https://fred.stlouisfed.org/series/EXPINF10YR,Cleveland Fed – 10yr Inflation Expectations,5.6967159,Percent (%),1982-08,Federal Reserve Bank of Cleveland via FRED,FRED series EXPINF10YR
760,Yijie,https://fred.stlouisfed.org/series/EXPINF1YR,Cleveland Fed – 1yr Inflation Expectations,6.367801,Percent (%),1982-08,Federal Reserve Bank of Cleveland via FRED,FRED series EXPINF1YR
761,Yijie,https://fred.stlouisfed.org/series/UMCSENT,Michigan ICS – Overall,65.4,Index (1966 Q1 = 100),1982-08,Univ. of Michigan – Surveys of Consumers,Monthly final reading via FRED (UMCSENT)
762,Yijie,https://fred.stlouisfed.org/series/MICH,Michigan – 1yr Inflation Expectations,4.8,Percent (%),1982-08,University of Michigan – Surveys of Consumers,FRED series MICH
763,Yijie,,OECD CCI – Amplitude Adjusted,97.77594,Normalised (avg=100),1982-08,OECD via FRED – CSCICP03USM665S,Above 100 = optimism; below 100 = pessimism
764,Yijie,https://fred.stlouisfed.org/series/USACSCICP02STSAM,OECD CCI – Standardised,70.36671,Normalised (avg=100),1982-08,OECD via FRED,FRED series USACSCICP02STSAM
765,Yijie,https://fred.stlouisfed.org/series/EXPINF10YR,Cleveland Fed – 10yr Inflation Expectations,5.733214,Percent (%),1982-09,Federal Reserve Bank of Cleveland via FRED,FRED series EXPINF10YR
766,Yijie,https://fred.stlouisfed.org/series/EXPINF1YR,Cleveland Fed – 1yr Inflation Expectations,6.339422,Percent (%),1982-09,Federal Reserve Bank of Cleveland via FRED,FRED series EXPINF1YR
767,Yijie,https://fred.stlouisfed.org/series/UMCSENT,Michigan ICS – Overall,69.3,Index (1966 Q1 = 100),1982-09,Univ. of Michigan – Surveys of Consumers,Monthly final reading via FRED (UMCSENT)
768,Yijie,https://fred.stlouisfed.org/series/MICH,Michigan – 1yr Inflation Expectations,4.5,Percent (%),1982-09,University of Michigan – Surveys of Consumers,FRED series MICH
769,Yijie,,OECD CCI – Amplitude Adjusted,98.03615,Normalised (avg=100),1982-09,OECD via FRED – CSCICP03USM665S,Above 100 = optimism; below 100 = pessimism
770,Yijie,https://fred.stlouisfed.org/series/USACSCICP02STSAM,OECD CCI – Standardised,74.5629,Normalised (avg=100),1982-09,OECD via FRED,FRED series USACSCICP02STSAM
771,Yijie,https://fred.stlouisfed.org/series/EXPINF10YR,Cleveland Fed – 10yr Inflation Expectations,5.3410651,Percent (%),1982-10,Federal Reserve Bank of Cleveland via FRED,FRED series EXPINF10YR
772,Yijie,https://fred.stlouisfed.org/series/EXPINF1YR,Cleveland Fed – 1yr Inflation Expectations,5.1327583,Percent (%),1982-10,Federal Reserve Bank of Cleveland via FRED,FRED series EXPINF1YR
773,Yijie,https://fred.stlouisfed.org/series/UMCSENT,Michigan ICS – Overall,73.4,Index (1966 Q1 = 100),1982-10,Univ. of Michigan – Surveys of Consumers,Monthly final reading via FRED (UMCSENT)
774,Yijie,https://fred.stlouisfed.org/series/MICH,Michigan – 1yr Inflation Expectations,4.7,Percent (%),1982-10,University of Michigan – Surveys of Consumers,FRED series MICH
775,Yijie,,OECD CCI – Amplitude Adjusted,98.26945,Normalised (avg=100),1982-10,OECD via FRED – CSCICP03USM665S,Above 100 = optimism; below 100 = pessimism
776,Yijie,https://fred.stlouisfed.org/series/USACSCICP02STSAM,OECD CCI – Standardised,78.97427,Normalised (avg=100),1982-10,OECD via FRED,FRED series USACSCICP02STSAM
777,Yijie,https://fred.stlouisfed.org/series/EXPINF10YR,Cleveland Fed – 10yr Inflation Expectations,4.7173264,Percent (%),1982-11,Federal Reserve Bank of Cleveland via FRED,FRED series EXPINF10YR
778,Yijie,https://fred.stlouisfed.org/series/EXPINF1YR,Cleveland Fed – 1yr Inflation Expectations,4.6539145,Percent (%),1982-11,Federal Reserve Bank of Cleveland via FRED,FRED series EXPINF1YR
779,Yijie,https://fred.stlouisfed.org/series/UMCSENT,Michigan ICS – Overall,72.1,Index (1966 Q1 = 100),1982-11,Univ. of Michigan – Surveys of Consumers,Monthly final reading via FRED (UMCSENT)
780,Yijie,https://fred.stlouisfed.org/series/MICH,Michigan – 1yr Inflation Expectations,4.5,Percent (%),1982-11,University of Michigan – Surveys of Consumers,FRED series MICH
781,Yijie,,OECD CCI – Amplitude Adjusted,98.32732,Normalised (avg=100),1982-11,OECD via FRED – CSCICP03USM665S,Above 100 = optimism; below 100 = pessimism
782,Yijie,https://fred.stlouisfed.org/series/USACSCICP02STSAM,OECD CCI – Standardised,77.57554,Normalised (avg=100),1982-11,OECD via FRED,FRED series USACSCICP02STSAM
783,Yijie,https://fred.stlouisfed.org/series/EXPINF10YR,Cleveland Fed – 10yr Inflation Expectations,4.8624209,Percent (%),1982-12,Federal Reserve Bank of Cleveland via FRED,FRED series EXPINF10YR
784,Yijie,https://fred.stlouisfed.org/series/EXPINF1YR,Cleveland Fed – 1yr Inflation Expectations,4.5710148,Percent (%),1982-12,Federal Reserve Bank of Cleveland via FRED,FRED series EXPINF1YR
785,Yijie,https://fred.stlouisfed.org/series/UMCSENT,Michigan ICS – Overall,71.9,Index (1966 Q1 = 100),1982-12,Univ. of Michigan – Surveys of Consumers,Monthly final reading via FRED (UMCSENT)
786,Yijie,https://fred.stlouisfed.org/series/MICH,Michigan – 1yr Inflation Expectations,3.7,Percent (%),1982-12,University of Michigan – Surveys of Consumers,FRED series MICH
787,Yijie,,OECD CCI – Amplitude Adjusted,98.32396,Normalised (avg=100),1982-12,OECD via FRED – CSCICP03USM665S,Above 100 = optimism; below 100 = pessimism
788,Yijie,https://fred.stlouisfed.org/series/USACSCICP02STSAM,OECD CCI – Standardised,77.36035,Normalised (avg=100),1982-12,OECD via FRED,FRED series USACSCICP02STSAM
789,Yijie,https://fred.stlouisfed.org/series/EXPINF10YR,Cleveland Fed – 10yr Inflation Expectations,4.717531,Percent (%),1983-01,Federal Reserve Bank of Cleveland via FRED,FRED series EXPINF10YR
790,Yijie,https://fred.stlouisfed.org/series/EXPINF1YR,Cleveland Fed – 1yr Inflation Expectations,4.8633048,Percent (%),1983-01,Federal Reserve Bank of Cleveland via FRED,FRED series EXPINF1YR
791,Yijie,https://fred.stlouisfed.org/series/UMCSENT,Michigan ICS – Overall,70.4,Index (1966 Q1 = 100),1983-01,Univ. of Michigan – Surveys of Consumers,Monthly final reading via FRED (UMCSENT)
792,Yijie,https://fred.stlouisfed.org/series/MICH,Michigan – 1yr Inflation Expectations,2.8,Percent (%),1983-01,University of Michigan – Surveys of Consumers,FRED series MICH
793,Yijie,,OECD CCI – Amplitude Adjusted,98.42515,Normalised (avg=100),1983-01,OECD via FRED – CSCICP03USM665S,Above 100 = optimism; below 100 = pessimism
794,Yijie,https://fred.stlouisfed.org/series/USACSCICP02STSAM,OECD CCI – Standardised,75.74644,Normalised (avg=100),1983-01,OECD via FRED,FRED series USACSCICP02STSAM
795,Yijie,https://fred.stlouisfed.org/series/EXPINF10YR,Cleveland Fed – 10yr Inflation Expectations,4.8609296,Percent (%),1983-02,Federal Reserve Bank of Cleveland via FRED,FRED series EXPINF10YR
796,Yijie,https://fred.stlouisfed.org/series/EXPINF1YR,Cleveland Fed – 1yr Inflation Expectations,4.5956615,Percent (%),1983-02,Federal Reserve Bank of Cleveland via FRED,FRED series EXPINF1YR
797,Yijie,https://fred.stlouisfed.org/series/UMCSENT,Michigan ICS – Overall,74.6,Index (1966 Q1 = 100),1983-02,Univ. of Michigan – Surveys of Consumers,Monthly final reading via FRED (UMCSENT)
798,Yijie,https://fred.stlouisfed.org/series/MICH,Michigan – 1yr Inflation Expectations,3.0,Percent (%),1983-02,University of Michigan – Surveys of Consumers,FRED series MICH
799,Yijie,,OECD CCI – Amplitude Adjusted,98.82806,Normalised (avg=100),1983-02,OECD via FRED – CSCICP03USM665S,Above 100 = optimism; below 100 = pessimism
800,Yijie,https://fred.stlouisfed.org/series/USACSCICP02STSAM,OECD CCI – Standardised,80.2654,Normalised (avg=100),1983-02,OECD via FRED,FRED series USACSCICP02STSAM
801,Yijie,https://fred.stlouisfed.org/series/EXPINF10YR,Cleveland Fed – 10yr Inflation Expectations,4.6099924,Percent (%),1983-03,Federal Reserve Bank of Cleveland via FRED,FRED series EXPINF10YR
802,Yijie,https://fred.stlouisfed.org/series/EXPINF1YR,Cleveland Fed – 1yr Inflation Expectations,4.0629447,Percent (%),1983-03,Federal Reserve Bank of Cleveland via FRED,FRED series EXPINF1YR
803,Yijie,https://fred.stlouisfed.org/series/UMCSENT,Michigan ICS – Overall,80.8,Index (1966 Q1 = 100),1983-03,Univ. of Michigan – Surveys of Consumers,Monthly final reading via FRED (UMCSENT)
804,Yijie,https://fred.stlouisfed.org/series/MICH,Michigan – 1yr Inflation Expectations,1.8,Percent (%),1983-03,University of Michigan – Surveys of Consumers,FRED series MICH
805,Yijie,,OECD CCI – Amplitude Adjusted,99.48321,Normalised (avg=100),1983-03,OECD via FRED – CSCICP03USM665S,Above 100 = optimism; below 100 = pessimism
806,Yijie,https://fred.stlouisfed.org/series/USACSCICP02STSAM,OECD CCI – Standardised,86.93625,Normalised (avg=100),1983-03,OECD via FRED,FRED series USACSCICP02STSAM
807,Yijie,https://fred.stlouisfed.org/series/EXPINF10YR,Cleveland Fed – 10yr Inflation Expectations,4.7379918,Percent (%),1983-04,Federal Reserve Bank of Cleveland via FRED,FRED series EXPINF10YR
808,Yijie,https://fred.stlouisfed.org/series/EXPINF1YR,Cleveland Fed – 1yr Inflation Expectations,4.6289199,Percent (%),1983-04,Federal Reserve Bank of Cleveland via FRED,FRED series EXPINF1YR
809,Yijie,https://fred.stlouisfed.org/series/UMCSENT,Michigan ICS – Overall,89.1,Index (1966 Q1 = 100),1983-04,Univ. of Michigan – Surveys of Consumers,Monthly final reading via FRED (UMCSENT)
810,Yijie,https://fred.stlouisfed.org/series/MICH,Michigan – 1yr Inflation Expectations,3.4,Percent (%),1983-04,University of Michigan – Surveys of Consumers,FRED series MICH
811,Yijie,,OECD CCI – Amplitude Adjusted,100.1867,Normalised (avg=100),1983-04,OECD via FRED – CSCICP03USM665S,Above 100 = optimism; below 100 = pessimism
812,Yijie,https://fred.stlouisfed.org/series/USACSCICP02STSAM,OECD CCI – Standardised,95.86658,Normalised (avg=100),1983-04,OECD via FRED,FRED series USACSCICP02STSAM
813,Yijie,https://fred.stlouisfed.org/series/EXPINF10YR,Cleveland Fed – 10yr Inflation Expectations,4.5383586,Percent (%),1983-05,Federal Reserve Bank of Cleveland via FRED,FRED series EXPINF10YR
814,Yijie,https://fred.stlouisfed.org/series/EXPINF1YR,Cleveland Fed – 1yr Inflation Expectations,4.6186334,Percent (%),1983-05,Federal Reserve Bank of Cleveland via FRED,FRED series EXPINF1YR
815,Yijie,https://fred.stlouisfed.org/series/UMCSENT,Michigan ICS – Overall,93.3,Index (1966 Q1 = 100),1983-05,Univ. of Michigan – Surveys of Consumers,Monthly final reading via FRED (UMCSENT)
816,Yijie,https://fred.stlouisfed.org/series/MICH,Michigan – 1yr Inflation Expectations,3.2,Percent (%),1983-05,University of Michigan – Surveys of Consumers,FRED series MICH
817,Yijie,,OECD CCI – Amplitude Adjusted,100.656,Normalised (avg=100),1983-05,OECD via FRED – CSCICP03USM665S,Above 100 = optimism; below 100 = pessimism
818,Yijie,https://fred.stlouisfed.org/series/USACSCICP02STSAM,OECD CCI – Standardised,100.3855,Normalised (avg=100),1983-05,OECD via FRED,FRED series USACSCICP02STSAM
819,Yijie,https://fred.stlouisfed.org/series/EXPINF10YR,Cleveland Fed – 10yr Inflation Expectations,4.7208859,Percent (%),1983-06,Federal Reserve Bank of Cleveland via FRED,FRED series EXPINF10YR
820,Yijie,https://fred.stlouisfed.org/series/EXPINF1YR,Cleveland Fed – 1yr Inflation Expectations,4.1399507,Percent (%),1983-06,Federal Reserve Bank of Cleveland via FRED,FRED series EXPINF1YR
821,Yijie,https://fred.stlouisfed.org/series/UMCSENT,Michigan ICS – Overall,92.2,Index (1966 Q1 = 100),1983-06,Univ. of Michigan – Surveys of Consumers,Monthly final reading via FRED (UMCSENT)
822,Yijie,https://fred.stlouisfed.org/series/MICH,Michigan – 1yr Inflation Expectations,3.2,Percent (%),1983-06,University of Michigan – Surveys of Consumers,FRED series MICH
823,Yijie,,OECD CCI – Amplitude Adjusted,100.8046,Normalised (avg=100),1983-06,OECD via FRED – CSCICP03USM665S,Above 100 = optimism; below 100 = pessimism
824,Yijie,https://fred.stlouisfed.org/series/USACSCICP02STSAM,OECD CCI – Standardised,99.20201,Normalised (avg=100),1983-06,OECD via FRED,FRED series USACSCICP02STSAM
825,Yijie,https://fred.stlouisfed.org/series/EXPINF10YR,Cleveland Fed – 10yr Inflation Expectations,4.8680949,Percent (%),1983-07,Federal Reserve Bank of Cleveland via FRED,FRED series EXPINF10YR
826,Yijie,https://fred.stlouisfed.org/series/EXPINF1YR,Cleveland Fed – 1yr Inflation Expectations,4.9603809,Percent (%),1983-07,Federal Reserve Bank of Cleveland via FRED,FRED series EXPINF1YR
827,Yijie,https://fred.stlouisfed.org/series/UMCSENT,Michigan ICS – Overall,92.8,Index (1966 Q1 = 100),1983-07,Univ. of Michigan – Surveys of Consumers,Monthly final reading via FRED (UMCSENT)
828,Yijie,https://fred.stlouisfed.org/series/MICH,Michigan – 1yr Inflation Expectations,3.2,Percent (%),1983-07,University of Michigan – Surveys of Consumers,FRED series MICH
829,Yijie,,OECD CCI – Amplitude Adjusted,100.7686,Normalised (avg=100),1983-07,OECD via FRED – CSCICP03USM665S,Above 100 = optimism; below 100 = pessimism
830,Yijie,https://fred.stlouisfed.org/series/USACSCICP02STSAM,OECD CCI – Standardised,99.84757,Normalised (avg=100),1983-07,OECD via FRED,FRED series USACSCICP02STSAM
831,Yijie,https://fred.stlouisfed.org/series/EXPINF10YR,Cleveland Fed – 10yr Inflation Expectations,5.0178961,Percent (%),1983-08,Federal Reserve Bank of Cleveland via FRED,FRED series EXPINF10YR
832,Yijie,https://fred.stlouisfed.org/series/EXPINF1YR,Cleveland Fed – 1yr Inflation Expectations,5.1924267,Percent (%),1983-08,Federal Reserve Bank of Cleveland via FRED,FRED series EXPINF1YR
833,Yijie,https://fred.stlouisfed.org/series/UMCSENT,Michigan ICS – Overall,90.9,Index (1966 Q1 = 100),1983-08,Univ. of Michigan – Surveys of Consumers,Monthly final reading via FRED (UMCSENT)
834,Yijie,https://fred.stlouisfed.org/series/MICH,Michigan – 1yr Inflation Expectations,3.3,Percent (%),1983-08,University of Michigan – Surveys of Consumers,FRED series MICH
835,Yijie,,OECD CCI – Amplitude Adjusted,100.6273,Normalised (avg=100),1983-08,OECD via FRED – CSCICP03USM665S,Above 100 = optimism; below 100 = pessimism
836,Yijie,https://fred.stlouisfed.org/series/USACSCICP02STSAM,OECD CCI – Standardised,97.80328,Normalised (avg=100),1983-08,OECD via FRED,FRED series USACSCICP02STSAM
837,Yijie,https://fred.stlouisfed.org/series/EXPINF10YR,Cleveland Fed – 10yr Inflation Expectations,5.1079768,Percent (%),1983-09,Federal Reserve Bank of Cleveland via FRED,FRED series EXPINF10YR
838,Yijie,https://fred.stlouisfed.org/series/EXPINF1YR,Cleveland Fed – 1yr Inflation Expectations,5.1037494,Percent (%),1983-09,Federal Reserve Bank of Cleveland via FRED,FRED series EXPINF1YR
839,Yijie,https://fred.stlouisfed.org/series/UMCSENT,Michigan ICS – Overall,89.9,Index (1966 Q1 = 100),1983-09,Univ. of Michigan – Surveys of Consumers,Monthly final reading via FRED (UMCSENT)
840,Yijie,https://fred.stlouisfed.org/series/MICH,Michigan – 1yr Inflation Expectations,3.3,Percent (%),1983-09,University of Michigan – Surveys of Consumers,FRED series MICH
841,Yijie,,OECD CCI – Amplitude Adjusted,100.5111,Normalised (avg=100),1983-09,OECD via FRED – CSCICP03USM665S,Above 100 = optimism; below 100 = pessimism
842,Yijie,https://fred.stlouisfed.org/series/USACSCICP02STSAM,OECD CCI – Standardised,96.72734,Normalised (avg=100),1983-09,OECD via FRED,FRED series USACSCICP02STSAM
843,Yijie,https://fred.stlouisfed.org/series/EXPINF10YR,Cleveland Fed – 10yr Inflation Expectations,4.9742005,Percent (%),1983-10,Federal Reserve Bank of Cleveland via FRED,FRED series EXPINF10YR
844,Yijie,https://fred.stlouisfed.org/series/EXPINF1YR,Cleveland Fed – 1yr Inflation Expectations,5.1155348,Percent (%),1983-10,Federal Reserve Bank of Cleveland via FRED,FRED series EXPINF1YR
845,Yijie,https://fred.stlouisfed.org/series/UMCSENT,Michigan ICS – Overall,89.3,Index (1966 Q1 = 100),1983-10,Univ. of Michigan – Surveys of Consumers,Monthly final reading via FRED (UMCSENT)
846,Yijie,https://fred.stlouisfed.org/series/MICH,Michigan – 1yr Inflation Expectations,3.7,Percent (%),1983-10,University of Michigan – Surveys of Consumers,FRED series MICH
847,Yijie,,OECD CCI – Amplitude Adjusted,100.5179,Normalised (avg=100),1983-10,OECD via FRED – CSCICP03USM665S,Above 100 = optimism; below 100 = pessimism
848,Yijie,https://fred.stlouisfed.org/series/USACSCICP02STSAM,OECD CCI – Standardised,96.08177,Normalised (avg=100),1983-10,OECD via FRED,FRED series USACSCICP02STSAM
849,Yijie,https://fred.stlouisfed.org/series/EXPINF10YR,Cleveland Fed – 10yr Inflation Expectations,5.0693748,Percent (%),1983-11,Federal Reserve Bank of Cleveland via FRED,FRED series EXPINF10YR
850,Yijie,https://fred.stlouisfed.org/series/EXPINF1YR,Cleveland Fed – 1yr Inflation Expectations,5.2028781,Percent (%),1983-11,Federal Reserve Bank of Cleveland via FRED,FRED series EXPINF1YR
851,Yijie,https://fred.stlouisfed.org/series/UMCSENT,Michigan ICS – Overall,91.1,Index (1966 Q1 = 100),1983-11,Univ. of Michigan – Surveys of Consumers,Monthly final reading via FRED (UMCSENT)
852,Yijie,https://fred.stlouisfed.org/series/MICH,Michigan – 1yr Inflation Expectations,3.5,Percent (%),1983-11,University of Michigan – Surveys of Consumers,FRED series MICH
853,Yijie,,OECD CCI – Amplitude Adjusted,100.7117,Normalised (avg=100),1983-11,OECD via FRED – CSCICP03USM665S,Above 100 = optimism; below 100 = pessimism
854,Yijie,https://fred.stlouisfed.org/series/USACSCICP02STSAM,OECD CCI – Standardised,98.01847,Normalised (avg=100),1983-11,OECD via FRED,FRED series USACSCICP02STSAM
855,Yijie,https://fred.stlouisfed.org/series/EXPINF10YR,Cleveland Fed – 10yr Inflation Expectations,5.0893714,Percent (%),1983-12,Federal Reserve Bank of Cleveland via FRED,FRED series EXPINF10YR
856,Yijie,https://fred.stlouisfed.org/series/EXPINF1YR,Cleveland Fed – 1yr Inflation Expectations,5.1980904,Percent (%),1983-12,Federal Reserve Bank of Cleveland via FRED,FRED series EXPINF1YR
857,Yijie,https://fred.stlouisfed.org/series/UMCSENT,Michigan ICS – Overall,94.2,Index (1966 Q1 = 100),1983-12,Univ. of Michigan – Surveys of Consumers,Monthly final reading via FRED (UMCSENT)
858,Yijie,https://fred.stlouisfed.org/series/MICH,Michigan – 1yr Inflation Expectations,3.5,Percent (%),1983-12,University of Michigan – Surveys of Consumers,FRED series MICH
859,Yijie,,OECD CCI – Amplitude Adjusted,101.0454,Normalised (avg=100),1983-12,OECD via FRED – CSCICP03USM665S,Above 100 = optimism; below 100 = pessimism
860,Yijie,https://fred.stlouisfed.org/series/USACSCICP02STSAM,OECD CCI – Standardised,101.3539,Normalised (avg=100),1983-12,OECD via FRED,FRED series USACSCICP02STSAM
861,Yijie,https://fred.stlouisfed.org/series/EXPINF10YR,Cleveland Fed – 10yr Inflation Expectations,5.0640591,Percent (%),1984-01,Federal Reserve Bank of Cleveland via FRED,FRED series EXPINF10YR
862,Yijie,https://fred.stlouisfed.org/series/EXPINF1YR,Cleveland Fed – 1yr Inflation Expectations,5.2475146,Percent (%),1984-01,Federal Reserve Bank of Cleveland via FRED,FRED series EXPINF1YR
863,Yijie,https://fred.stlouisfed.org/series/UMCSENT,Michigan ICS – Overall,100.1,Index (1966 Q1 = 100),1984-01,Univ. of Michigan – Surveys of Consumers,Monthly final reading via FRED (UMCSENT)
864,Yijie,https://fred.stlouisfed.org/series/MICH,Michigan – 1yr Inflation Expectations,3.2,Percent (%),1984-01,University of Michigan – Surveys of Consumers,FRED series MICH
865,Yijie,,OECD CCI – Amplitude Adjusted,101.3788,Normalised (avg=100),1984-01,OECD via FRED – CSCICP03USM665S,Above 100 = optimism; below 100 = pessimism
866,Yijie,https://fred.stlouisfed.org/series/USACSCICP02STSAM,OECD CCI – Standardised,107.702,Normalised (avg=100),1984-01,OECD via FRED,FRED series USACSCICP02STSAM
867,Yijie,https://fred.stlouisfed.org/series/EXPINF10YR,Cleveland Fed – 10yr Inflation Expectations,5.0342412,Percent (%),1984-02,Federal Reserve Bank of Cleveland via FRED,FRED series EXPINF10YR
868,Yijie,https://fred.stlouisfed.org/series/EXPINF1YR,Cleveland Fed – 1yr Inflation Expectations,5.0622947,Percent (%),1984-02,Federal Reserve Bank of Cleveland via FRED,FRED series EXPINF1YR
869,Yijie,https://fred.stlouisfed.org/series/UMCSENT,Michigan ICS – Overall,97.4,Index (1966 Q1 = 100),1984-02,Univ. of Michigan – Surveys of Consumers,Monthly final reading via FRED (UMCSENT)
870,Yijie,https://fred.stlouisfed.org/series/MICH,Michigan – 1yr Inflation Expectations,3.3,Percent (%),1984-02,University of Michigan – Surveys of Consumers,FRED series MICH
871,Yijie,,OECD CCI – Amplitude Adjusted,101.5106,Normalised (avg=100),1984-02,OECD via FRED – CSCICP03USM665S,Above 100 = optimism; below 100 = pessimism
872,Yijie,https://fred.stlouisfed.org/series/USACSCICP02STSAM,OECD CCI – Standardised,104.7969,Normalised (avg=100),1984-02,OECD via FRED,FRED series USACSCICP02STSAM
873,Yijie,https://fred.stlouisfed.org/series/EXPINF10YR,Cleveland Fed – 10yr Inflation Expectations,5.1736894,Percent (%),1984-03,Federal Reserve Bank of Cleveland via FRED,FRED series EXPINF10YR
874,Yijie,https://fred.stlouisfed.org/series/EXPINF1YR,Cleveland Fed – 1yr Inflation Expectations,4.8302654,Percent (%),1984-03,Federal Reserve Bank of Cleveland via FRED,FRED series EXPINF1YR
875,Yijie,https://fred.stlouisfed.org/series/UMCSENT,Michigan ICS – Overall,101.0,Index (1966 Q1 = 100),1984-03,Univ. of Michigan – Surveys of Consumers,Monthly final reading via FRED (UMCSENT)
876,Yijie,https://fred.stlouisfed.org/series/MICH,Michigan – 1yr Inflation Expectations,3.4,Percent (%),1984-03,University of Michigan – Surveys of Consumers,FRED series MICH
877,Yijie,,OECD CCI – Amplitude Adjusted,101.5403,Normalised (avg=100),1984-03,OECD via FRED – CSCICP03USM665S,Above 100 = optimism; below 100 = pessimism
878,Yijie,https://fred.stlouisfed.org/series/USACSCICP02STSAM,OECD CCI – Standardised,108.6703,Normalised (avg=100),1984-03,OECD via FRED,FRED series USACSCICP02STSAM
879,Yijie,https://fred.stlouisfed.org/series/EXPINF10YR,Cleveland Fed – 10yr Inflation Expectations,5.3137983,Percent (%),1984-04,Federal Reserve Bank of Cleveland via FRED,FRED series EXPINF10YR
880,Yijie,https://fred.stlouisfed.org/series/EXPINF1YR,Cleveland Fed – 1yr Inflation Expectations,5.4205543,Percent (%),1984-04,Federal Reserve Bank of Cleveland via FRED,FRED series EXPINF1YR
881,Yijie,https://fred.stlouisfed.org/series/UMCSENT,Michigan ICS – Overall,96.1,Index (1966 Q1 = 100),1984-04,Univ. of Michigan – Surveys of Consumers,Monthly final reading via FRED (UMCSENT)
882,Yijie,https://fred.stlouisfed.org/series/MICH,Michigan – 1yr Inflation Expectations,3.9,Percent (%),1984-04,University of Michigan – Surveys of Consumers,FRED series MICH
883,Yijie,,OECD CCI – Amplitude Adjusted,101.4181,Normalised (avg=100),1984-04,OECD via FRED – CSCICP03USM665S,Above 100 = optimism; below 100 = pessimism
884,Yijie,https://fred.stlouisfed.org/series/USACSCICP02STSAM,OECD CCI – Standardised,103.3982,Normalised (avg=100),1984-04,OECD via FRED,FRED series USACSCICP02STSAM
885,Yijie,https://fred.stlouisfed.org/series/EXPINF10YR,Cleveland Fed – 10yr Inflation Expectations,5.4463469,Percent (%),1984-05,Federal Reserve Bank of Cleveland via FRED,FRED series EXPINF10YR
886,Yijie,https://fred.stlouisfed.org/series/EXPINF1YR,Cleveland Fed – 1yr Inflation Expectations,5.4580169,Percent (%),1984-05,Federal Reserve Bank of Cleveland via FRED,FRED series EXPINF1YR
887,Yijie,https://fred.stlouisfed.org/series/UMCSENT,Michigan ICS – Overall,98.1,Index (1966 Q1 = 100),1984-05,Univ. of Michigan – Surveys of Consumers,Monthly final reading via FRED (UMCSENT)
888,Yijie,https://fred.stlouisfed.org/series/MICH,Michigan – 1yr Inflation Expectations,4.2,Percent (%),1984-05,University of Michigan – Surveys of Consumers,FRED series MICH
889,Yijie,,OECD CCI – Amplitude Adjusted,101.3399,Normalised (avg=100),1984-05,OECD via FRED – CSCICP03USM665S,Above 100 = optimism; below 100 = pessimism
890,Yijie,https://fred.stlouisfed.org/series/USACSCICP02STSAM,OECD CCI – Standardised,105.5501,Normalised (avg=100),1984-05,OECD via FRED,FRED series USACSCICP02STSAM
891,Yijie,https://fred.stlouisfed.org/series/EXPINF10YR,Cleveland Fed – 10yr Inflation Expectations,5.735139,Percent (%),1984-06,Federal Reserve Bank of Cleveland via FRED,FRED series EXPINF10YR
892,Yijie,https://fred.stlouisfed.org/series/EXPINF1YR,Cleveland Fed – 1yr Inflation Expectations,5.5883874,Percent (%),1984-06,Federal Reserve Bank of Cleveland via FRED,FRED series EXPINF1YR
893,Yijie,https://fred.stlouisfed.org/series/UMCSENT,Michigan ICS – Overall,95.5,Index (1966 Q1 = 100),1984-06,Univ. of Michigan – Surveys of Consumers,Monthly final reading via FRED (UMCSENT)
894,Yijie,https://fred.stlouisfed.org/series/MICH,Michigan – 1yr Inflation Expectations,4.2,Percent (%),1984-06,University of Michigan – Surveys of Consumers,FRED series MICH
895,Yijie,,OECD CCI – Amplitude Adjusted,101.2913,Normalised (avg=100),1984-06,OECD via FRED – CSCICP03USM665S,Above 100 = optimism; below 100 = pessimism
896,Yijie,https://fred.stlouisfed.org/series/USACSCICP02STSAM,OECD CCI – Standardised,102.7526,Normalised (avg=100),1984-06,OECD via FRED,FRED series USACSCICP02STSAM
897,Yijie,https://fred.stlouisfed.org/series/EXPINF10YR,Cleveland Fed – 10yr Inflation Expectations,5.7354156,Percent (%),1984-07,Federal Reserve Bank of Cleveland via FRED,FRED series EXPINF10YR
898,Yijie,https://fred.stlouisfed.org/series/EXPINF1YR,Cleveland Fed – 1yr Inflation Expectations,5.692377,Percent (%),1984-07,Federal Reserve Bank of Cleveland via FRED,FRED series EXPINF1YR
899,Yijie,https://fred.stlouisfed.org/series/UMCSENT,Michigan ICS – Overall,96.6,Index (1966 Q1 = 100),1984-07,Univ. of Michigan – Surveys of Consumers,Monthly final reading via FRED (UMCSENT)
900,Yijie,https://fred.stlouisfed.org/series/MICH,Michigan – 1yr Inflation Expectations,3.4,Percent (%),1984-07,University of Michigan – Surveys of Consumers,FRED series MICH
901,Yijie,,OECD CCI – Amplitude Adjusted,101.3624,Normalised (avg=100),1984-07,OECD via FRED – CSCICP03USM665S,Above 100 = optimism; below 100 = pessimism
902,Yijie,https://fred.stlouisfed.org/series/USACSCICP02STSAM,OECD CCI – Standardised,103.9362,Normalised (avg=100),1984-07,OECD via FRED,FRED series USACSCICP02STSAM
903,Yijie,https://fred.stlouisfed.org/series/EXPINF10YR,Cleveland Fed – 10yr Inflation Expectations,5.4270067,Percent (%),1984-08,Federal Reserve Bank of Cleveland via FRED,FRED series EXPINF10YR
904,Yijie,https://fred.stlouisfed.org/series/EXPINF1YR,Cleveland Fed – 1yr Inflation Expectations,5.224781,Percent (%),1984-08,Federal Reserve Bank of Cleveland via FRED,FRED series EXPINF1YR
905,Yijie,https://fred.stlouisfed.org/series/UMCSENT,Michigan ICS – Overall,99.1,Index (1966 Q1 = 100),1984-08,Univ. of Michigan – Surveys of Consumers,Monthly final reading via FRED (UMCSENT)
906,Yijie,https://fred.stlouisfed.org/series/MICH,Michigan – 1yr Inflation Expectations,3.0,Percent (%),1984-08,University of Michigan – Surveys of Consumers,FRED series MICH
907,Yijie,,OECD CCI – Amplitude Adjusted,101.4888,Normalised (avg=100),1984-08,OECD via FRED – CSCICP03USM665S,Above 100 = optimism; below 100 = pessimism
908,Yijie,https://fred.stlouisfed.org/series/USACSCICP02STSAM,OECD CCI – Standardised,106.626,Normalised (avg=100),1984-08,OECD via FRED,FRED series USACSCICP02STSAM
909,Yijie,https://fred.stlouisfed.org/series/EXPINF10YR,Cleveland Fed – 10yr Inflation Expectations,5.4416381,Percent (%),1984-09,Federal Reserve Bank of Cleveland via FRED,FRED series EXPINF10YR
910,Yijie,https://fred.stlouisfed.org/series/EXPINF1YR,Cleveland Fed – 1yr Inflation Expectations,5.1047828,Percent (%),1984-09,Federal Reserve Bank of Cleveland via FRED,FRED series EXPINF1YR
911,Yijie,https://fred.stlouisfed.org/series/UMCSENT,Michigan ICS – Overall,100.9,Index (1966 Q1 = 100),1984-09,Univ. of Michigan – Surveys of Consumers,Monthly final reading via FRED (UMCSENT)
912,Yijie,https://fred.stlouisfed.org/series/MICH,Michigan – 1yr Inflation Expectations,3.0,Percent (%),1984-09,University of Michigan – Surveys of Consumers,FRED series MICH
913,Yijie,,OECD CCI – Amplitude Adjusted,101.5114,Normalised (avg=100),1984-09,OECD via FRED – CSCICP03USM665S,Above 100 = optimism; below 100 = pessimism
914,Yijie,https://fred.stlouisfed.org/series/USACSCICP02STSAM,OECD CCI – Standardised,108.5627,Normalised (avg=100),1984-09,OECD via FRED,FRED series USACSCICP02STSAM
915,Yijie,https://fred.stlouisfed.org/series/EXPINF10YR,Cleveland Fed – 10yr Inflation Expectations,5.2147606,Percent (%),1984-10,Federal Reserve Bank of Cleveland via FRED,FRED series EXPINF10YR
916,Yijie,https://fred.stlouisfed.org/series/EXPINF1YR,Cleveland Fed – 1yr Inflation Expectations,5.4138126,Percent (%),1984-10,Federal Reserve Bank of Cleveland via FRED,FRED series EXPINF1YR
917,Yijie,https://fred.stlouisfed.org/series/UMCSENT,Michigan ICS – Overall,96.3,Index (1966 Q1 = 100),1984-10,Univ. of Michigan – Surveys of Consumers,Monthly final reading via FRED (UMCSENT)
918,Yijie,https://fred.stlouisfed.org/series/MICH,Michigan – 1yr Inflation Expectations,3.5,Percent (%),1984-10,University of Michigan – Surveys of Consumers,FRED series MICH
919,Yijie,,OECD CCI – Amplitude Adjusted,101.3439,Normalised (avg=100),1984-10,OECD via FRED – CSCICP03USM665S,Above 100 = optimism; below 100 = pessimism
920,Yijie,https://fred.stlouisfed.org/series/USACSCICP02STSAM,OECD CCI – Standardised,103.6134,Normalised (avg=100),1984-10,OECD via FRED,FRED series USACSCICP02STSAM
921,Yijie,https://fred.stlouisfed.org/series/EXPINF10YR,Cleveland Fed – 10yr Inflation Expectations,5.0159744,Percent (%),1984-11,Federal Reserve Bank of Cleveland via FRED,FRED series EXPINF10YR
922,Yijie,https://fred.stlouisfed.org/series/EXPINF1YR,Cleveland Fed – 1yr Inflation Expectations,4.9376646,Percent (%),1984-11,Federal Reserve Bank of Cleveland via FRED,FRED series EXPINF1YR
923,Yijie,https://fred.stlouisfed.org/series/UMCSENT,Michigan ICS – Overall,95.7,Index (1966 Q1 = 100),1984-11,Univ. of Michigan – Surveys of Consumers,Monthly final reading via FRED (UMCSENT)
924,Yijie,https://fred.stlouisfed.org/series/MICH,Michigan – 1yr Inflation Expectations,3.4,Percent (%),1984-11,University of Michigan – Surveys of Consumers,FRED series MICH
925,Yijie,,OECD CCI – Amplitude Adjusted,101.1624,Normalised (avg=100),1984-11,OECD via FRED – CSCICP03USM665S,Above 100 = optimism; below 100 = pessimism
926,Yijie,https://fred.stlouisfed.org/series/USACSCICP02STSAM,OECD CCI – Standardised,102.9678,Normalised (avg=100),1984-11,OECD via FRED,FRED series USACSCICP02STSAM
927,Yijie,https://fred.stlouisfed.org/series/EXPINF10YR,Cleveland Fed – 10yr Inflation Expectations,5.0342399,Percent (%),1984-12,Federal Reserve Bank of Cleveland via FRED,FRED series EXPINF10YR
928,Yijie,https://fred.stlouisfed.org/series/EXPINF1YR,Cleveland Fed – 1yr Inflation Expectations,4.8509702,Percent (%),1984-12,Federal Reserve Bank of Cleveland via FRED,FRED series EXPINF1YR
929,Yijie,https://fred.stlouisfed.org/series/UMCSENT,Michigan ICS – Overall,92.9,Index (1966 Q1 = 100),1984-12,Univ. of Michigan – Surveys of Consumers,Monthly final reading via FRED (UMCSENT)
930,Yijie,https://fred.stlouisfed.org/series/MICH,Michigan – 1yr Inflation Expectations,3.3,Percent (%),1984-12,University of Michigan – Surveys of Consumers,FRED series MICH
931,Yijie,,OECD CCI – Amplitude Adjusted,101.0312,Normalised (avg=100),1984-12,OECD via FRED – CSCICP03USM665S,Above 100 = optimism; below 100 = pessimism
932,Yijie,https://fred.stlouisfed.org/series/USACSCICP02STSAM,OECD CCI – Standardised,99.95517,Normalised (avg=100),1984-12,OECD via FRED,FRED series USACSCICP02STSAM
933,Yijie,https://fred.stlouisfed.org/series/EXPINF10YR,Cleveland Fed – 10yr Inflation Expectations,5.1142968,Percent (%),1985-01,Federal Reserve Bank of Cleveland via FRED,FRED series EXPINF10YR
934,Yijie,https://fred.stlouisfed.org/series/EXPINF1YR,Cleveland Fed – 1yr Inflation Expectations,4.8807597,Percent (%),1985-01,Federal Reserve Bank of Cleveland via FRED,FRED series EXPINF1YR
935,Yijie,https://fred.stlouisfed.org/series/UMCSENT,Michigan ICS – Overall,96.0,Index (1966 Q1 = 100),1985-01,Univ. of Michigan – Surveys of Consumers,Monthly final reading via FRED (UMCSENT)
936,Yijie,https://fred.stlouisfed.org/series/MICH,Michigan – 1yr Inflation Expectations,2.9,Percent (%),1985-01,University of Michigan – Surveys of Consumers,FRED series MICH
937,Yijie,,OECD CCI – Amplitude Adjusted,101.0129,Normalised (avg=100),1985-01,OECD via FRED – CSCICP03USM665S,Above 100 = optimism; below 100 = pessimism
938,Yijie,https://fred.stlouisfed.org/series/USACSCICP02STSAM,OECD CCI – Standardised,103.2906,Normalised (avg=100),1985-01,OECD via FRED,FRED series USACSCICP02STSAM
939,Yijie,https://fred.stlouisfed.org/series/EXPINF10YR,Cleveland Fed – 10yr Inflation Expectations,5.0420932,Percent (%),1985-02,Federal Reserve Bank of Cleveland via FRED,FRED series EXPINF10YR
940,Yijie,https://fred.stlouisfed.org/series/EXPINF1YR,Cleveland Fed – 1yr Inflation Expectations,4.6573474,Percent (%),1985-02,Federal Reserve Bank of Cleveland via FRED,FRED series EXPINF1YR
941,Yijie,https://fred.stlouisfed.org/series/UMCSENT,Michigan ICS – Overall,93.7,Index (1966 Q1 = 100),1985-02,Univ. of Michigan – Surveys of Consumers,Monthly final reading via FRED (UMCSENT)
942,Yijie,https://fred.stlouisfed.org/series/MICH,Michigan – 1yr Inflation Expectations,3.1,Percent (%),1985-02,University of Michigan – Surveys of Consumers,FRED series MICH
943,Yijie,,OECD CCI – Amplitude Adjusted,100.9701,Normalised (avg=100),1985-02,OECD via FRED – CSCICP03USM665S,Above 100 = optimism; below 100 = pessimism
944,Yijie,https://fred.stlouisfed.org/series/USACSCICP02STSAM,OECD CCI – Standardised,100.8159,Normalised (avg=100),1985-02,OECD via FRED,FRED series USACSCICP02STSAM
945,Yijie,https://fred.stlouisfed.org/series/EXPINF10YR,Cleveland Fed – 10yr Inflation Expectations,5.262634,Percent (%),1985-03,Federal Reserve Bank of Cleveland via FRED,FRED series EXPINF10YR
946,Yijie,https://fred.stlouisfed.org/series/EXPINF1YR,Cleveland Fed – 1yr Inflation Expectations,4.9883735,Percent (%),1985-03,Federal Reserve Bank of Cleveland via FRED,FRED series EXPINF1YR
947,Yijie,https://fred.stlouisfed.org/series/UMCSENT,Michigan ICS – Overall,93.7,Index (1966 Q1 = 100),1985-03,Univ. of Michigan – Surveys of Consumers,Monthly final reading via FRED (UMCSENT)
948,Yijie,https://fred.stlouisfed.org/series/MICH,Michigan – 1yr Inflation Expectations,3.0,Percent (%),1985-03,University of Michigan – Surveys of Consumers,FRED series MICH
949,Yijie,,OECD CCI – Amplitude Adjusted,100.9487,Normalised (avg=100),1985-03,OECD via FRED – CSCICP03USM665S,Above 100 = optimism; below 100 = pessimism
950,Yijie,https://fred.stlouisfed.org/series/USACSCICP02STSAM,OECD CCI – Standardised,100.8159,Normalised (avg=100),1985-03,OECD via FRED,FRED series USACSCICP02STSAM
951,Yijie,https://fred.stlouisfed.org/series/EXPINF10YR,Cleveland Fed – 10yr Inflation Expectations,5.0197753,Percent (%),1985-04,Federal Reserve Bank of Cleveland via FRED,FRED series EXPINF10YR
952,Yijie,https://fred.stlouisfed.org/series/EXPINF1YR,Cleveland Fed – 1yr Inflation Expectations,4.7725855,Percent (%),1985-04,Federal Reserve Bank of Cleveland via FRED,FRED series EXPINF1YR
953,Yijie,https://fred.stlouisfed.org/series/UMCSENT,Michigan ICS – Overall,94.6,Index (1966 Q1 = 100),1985-04,Univ. of Michigan – Surveys of Consumers,Monthly final reading via FRED (UMCSENT)
954,Yijie,https://fred.stlouisfed.org/series/MICH,Michigan – 1yr Inflation Expectations,3.3,Percent (%),1985-04,University of Michigan – Surveys of Consumers,FRED series MICH
955,Yijie,,OECD CCI – Amplitude Adjusted,100.9498,Normalised (avg=100),1985-04,OECD via FRED – CSCICP03USM665S,Above 100 = optimism; below 100 = pessimism
956,Yijie,https://fred.stlouisfed.org/series/USACSCICP02STSAM,OECD CCI – Standardised,101.7843,Normalised (avg=100),1985-04,OECD via FRED,FRED series USACSCICP02STSAM
957,Yijie,https://fred.stlouisfed.org/series/EXPINF10YR,Cleveland Fed – 10yr Inflation Expectations,4.984325,Percent (%),1985-05,Federal Reserve Bank of Cleveland via FRED,FRED series EXPINF10YR
958,Yijie,https://fred.stlouisfed.org/series/EXPINF1YR,Cleveland Fed – 1yr Inflation Expectations,4.7029389,Percent (%),1985-05,Federal Reserve Bank of Cleveland via FRED,FRED series EXPINF1YR
959,Yijie,https://fred.stlouisfed.org/series/UMCSENT,Michigan ICS – Overall,91.8,Index (1966 Q1 = 100),1985-05,Univ. of Michigan – Surveys of Consumers,Monthly final reading via FRED (UMCSENT)
960,Yijie,https://fred.stlouisfed.org/series/MICH,Michigan – 1yr Inflation Expectations,3.2,Percent (%),1985-05,University of Michigan – Surveys of Consumers,FRED series MICH
961,Yijie,,OECD CCI – Amplitude Adjusted,100.9508,Normalised (avg=100),1985-05,OECD via FRED – CSCICP03USM665S,Above 100 = optimism; below 100 = pessimism
962,Yijie,https://fred.stlouisfed.org/series/USACSCICP02STSAM,OECD CCI – Standardised,98.77163,Normalised (avg=100),1985-05,OECD via FRED,FRED series USACSCICP02STSAM
963,Yijie,https://fred.stlouisfed.org/series/EXPINF10YR,Cleveland Fed – 10yr Inflation Expectations,4.5913278,Percent (%),1985-06,Federal Reserve Bank of Cleveland via FRED,FRED series EXPINF10YR
964,Yijie,https://fred.stlouisfed.org/series/EXPINF1YR,Cleveland Fed – 1yr Inflation Expectations,4.716909,Percent (%),1985-06,Federal Reserve Bank of Cleveland via FRED,FRED series EXPINF1YR
965,Yijie,https://fred.stlouisfed.org/series/UMCSENT,Michigan ICS – Overall,96.5,Index (1966 Q1 = 100),1985-06,Univ. of Michigan – Surveys of Consumers,Monthly final reading via FRED (UMCSENT)
966,Yijie,https://fred.stlouisfed.org/series/MICH,Michigan – 1yr Inflation Expectations,3.4,Percent (%),1985-06,University of Michigan – Surveys of Consumers,FRED series MICH
967,Yijie,,OECD CCI – Amplitude Adjusted,101.0109,Normalised (avg=100),1985-06,OECD via FRED – CSCICP03USM665S,Above 100 = optimism; below 100 = pessimism
968,Yijie,https://fred.stlouisfed.org/series/USACSCICP02STSAM,OECD CCI – Standardised,103.8286,Normalised (avg=100),1985-06,OECD via FRED,FRED series USACSCICP02STSAM
969,Yijie,https://fred.stlouisfed.org/series/EXPINF10YR,Cleveland Fed – 10yr Inflation Expectations,4.5623268,Percent (%),1985-07,Federal Reserve Bank of Cleveland via FRED,FRED series EXPINF10YR
970,Yijie,https://fred.stlouisfed.org/series/EXPINF1YR,Cleveland Fed – 1yr Inflation Expectations,4.407939,Percent (%),1985-07,Federal Reserve Bank of Cleveland via FRED,FRED series EXPINF1YR
971,Yijie,https://fred.stlouisfed.org/series/UMCSENT,Michigan ICS – Overall,94.0,Index (1966 Q1 = 100),1985-07,Univ. of Michigan – Surveys of Consumers,Monthly final reading via FRED (UMCSENT)
972,Yijie,https://fred.stlouisfed.org/series/MICH,Michigan – 1yr Inflation Expectations,2.8,Percent (%),1985-07,University of Michigan – Surveys of Consumers,FRED series MICH
973,Yijie,,OECD CCI – Amplitude Adjusted,100.9398,Normalised (avg=100),1985-07,OECD via FRED – CSCICP03USM665S,Above 100 = optimism; below 100 = pessimism
974,Yijie,https://fred.stlouisfed.org/series/USACSCICP02STSAM,OECD CCI – Standardised,101.1387,Normalised (avg=100),1985-07,OECD via FRED,FRED series USACSCICP02STSAM
975,Yijie,https://fred.stlouisfed.org/series/EXPINF10YR,Cleveland Fed – 10yr Inflation Expectations,4.7152609,Percent (%),1985-08,Federal Reserve Bank of Cleveland via FRED,FRED series EXPINF10YR
976,Yijie,https://fred.stlouisfed.org/series/EXPINF1YR,Cleveland Fed – 1yr Inflation Expectations,4.4287764,Percent (%),1985-08,Federal Reserve Bank of Cleveland via FRED,FRED series EXPINF1YR
977,Yijie,https://fred.stlouisfed.org/series/UMCSENT,Michigan ICS – Overall,92.4,Index (1966 Q1 = 100),1985-08,Univ. of Michigan – Surveys of Consumers,Monthly final reading via FRED (UMCSENT)
978,Yijie,https://fred.stlouisfed.org/series/MICH,Michigan – 1yr Inflation Expectations,2.8,Percent (%),1985-08,University of Michigan – Surveys of Consumers,FRED series MICH
979,Yijie,,OECD CCI – Amplitude Adjusted,100.7916,Normalised (avg=100),1985-08,OECD via FRED – CSCICP03USM665S,Above 100 = optimism; below 100 = pessimism
980,Yijie,https://fred.stlouisfed.org/series/USACSCICP02STSAM,OECD CCI – Standardised,99.4172,Normalised (avg=100),1985-08,OECD via FRED,FRED series USACSCICP02STSAM
981,Yijie,https://fred.stlouisfed.org/series/EXPINF10YR,Cleveland Fed – 10yr Inflation Expectations,4.6239161,Percent (%),1985-09,Federal Reserve Bank of Cleveland via FRED,FRED series EXPINF10YR
982,Yijie,https://fred.stlouisfed.org/series/EXPINF1YR,Cleveland Fed – 1yr Inflation Expectations,4.4613628,Percent (%),1985-09,Federal Reserve Bank of Cleveland via FRED,FRED series EXPINF1YR
983,Yijie,https://fred.stlouisfed.org/series/UMCSENT,Michigan ICS – Overall,92.1,Index (1966 Q1 = 100),1985-09,Univ. of Michigan – Surveys of Consumers,Monthly final reading via FRED (UMCSENT)
984,Yijie,https://fred.stlouisfed.org/series/MICH,Michigan – 1yr Inflation Expectations,2.9,Percent (%),1985-09,University of Michigan – Surveys of Consumers,FRED series MICH
985,Yijie,,OECD CCI – Amplitude Adjusted,100.6409,Normalised (avg=100),1985-09,OECD via FRED – CSCICP03USM665S,Above 100 = optimism; below 100 = pessimism
986,Yijie,https://fred.stlouisfed.org/series/USACSCICP02STSAM,OECD CCI – Standardised,99.09441,Normalised (avg=100),1985-09,OECD via FRED,FRED series USACSCICP02STSAM
987,Yijie,https://fred.stlouisfed.org/series/EXPINF10YR,Cleveland Fed – 10yr Inflation Expectations,4.6152271,Percent (%),1985-10,Federal Reserve Bank of Cleveland via FRED,FRED series EXPINF10YR
988,Yijie,https://fred.stlouisfed.org/series/EXPINF1YR,Cleveland Fed – 1yr Inflation Expectations,4.4118946,Percent (%),1985-10,Federal Reserve Bank of Cleveland via FRED,FRED series EXPINF1YR
989,Yijie,https://fred.stlouisfed.org/series/UMCSENT,Michigan ICS – Overall,88.4,Index (1966 Q1 = 100),1985-10,Univ. of Michigan – Surveys of Consumers,Monthly final reading via FRED (UMCSENT)
990,Yijie,https://fred.stlouisfed.org/series/MICH,Michigan – 1yr Inflation Expectations,3.3,Percent (%),1985-10,University of Michigan – Surveys of Consumers,FRED series MICH
991,Yijie,,OECD CCI – Amplitude Adjusted,100.543,Normalised (avg=100),1985-10,OECD via FRED – CSCICP03USM665S,Above 100 = optimism; below 100 = pessimism
992,Yijie,https://fred.stlouisfed.org/series/USACSCICP02STSAM,OECD CCI – Standardised,95.11342,Normalised (avg=100),1985-10,OECD via FRED,FRED series USACSCICP02STSAM
993,Yijie,https://fred.stlouisfed.org/series/EXPINF10YR,Cleveland Fed – 10yr Inflation Expectations,4.4988455,Percent (%),1985-11,Federal Reserve Bank of Cleveland via FRED,FRED series EXPINF10YR
994,Yijie,https://fred.stlouisfed.org/series/EXPINF1YR,Cleveland Fed – 1yr Inflation Expectations,4.2730751,Percent (%),1985-11,Federal Reserve Bank of Cleveland via FRED,FRED series EXPINF1YR
995,Yijie,https://fred.stlouisfed.org/series/UMCSENT,Michigan ICS – Overall,90.9,Index (1966 Q1 = 100),1985-11,Univ. of Michigan – Surveys of Consumers,Monthly final reading via FRED (UMCSENT)
996,Yijie,https://fred.stlouisfed.org/series/MICH,Michigan – 1yr Inflation Expectations,3.1,Percent (%),1985-11,University of Michigan – Surveys of Consumers,FRED series MICH
997,Yijie,,OECD CCI – Amplitude Adjusted,100.6489,Normalised (avg=100),1985-11,OECD via FRED – CSCICP03USM665S,Above 100 = optimism; below 100 = pessimism
998,Yijie,https://fred.stlouisfed.org/series/USACSCICP02STSAM,OECD CCI – Standardised,97.80328,Normalised (avg=100),1985-11,OECD via FRED,FRED series USACSCICP02STSAM
999,Yijie,https://fred.stlouisfed.org/series/EXPINF10YR,Cleveland Fed – 10yr Inflation Expectations,4.3655158,Percent (%),1985-12,Federal Reserve Bank of Cleveland via FRED,FRED series EXPINF10YR
1000,Yijie,https://fred.stlouisfed.org/series/EXPINF1YR,Cleveland Fed – 1yr Inflation Expectations,4.0037965,Percent (%),1985-12,Federal Reserve Bank of Cleveland via FRED,FRED series EXPINF1YR
1001,Yijie,https://fred.stlouisfed.org/series/UMCSENT,Michigan ICS – Overall,93.9,Index (1966 Q1 = 100),1985-12,Univ. of Michigan – Surveys of Consumers,Monthly final reading via FRED (UMCSENT)
1002,Yijie,https://fred.stlouisfed.org/series/MICH,Michigan – 1yr Inflation Expectations,3.5,Percent (%),1985-12,University of Michigan – Surveys of Consumers,FRED series MICH
1003,Yijie,,OECD CCI – Amplitude Adjusted,100.867,Normalised (avg=100),1985-12,OECD via FRED – CSCICP03USM665S,Above 100 = optimism; below 100 = pessimism
1004,Yijie,https://fred.stlouisfed.org/series/USACSCICP02STSAM,OECD CCI – Standardised,101.0311,Normalised (avg=100),1985-12,OECD via FRED,FRED series USACSCICP02STSAM
1005,Yijie,https://fred.stlouisfed.org/series/EXPINF10YR,Cleveland Fed – 10yr Inflation Expectations,4.1387884,Percent (%),1986-01,Federal Reserve Bank of Cleveland via FRED,FRED series EXPINF10YR
1006,Yijie,https://fred.stlouisfed.org/series/EXPINF1YR,Cleveland Fed – 1yr Inflation Expectations,3.9759159,Percent (%),1986-01,Federal Reserve Bank of Cleveland via FRED,FRED series EXPINF1YR
1007,Yijie,https://fred.stlouisfed.org/series/UMCSENT,Michigan ICS – Overall,95.6,Index (1966 Q1 = 100),1986-01,Univ. of Michigan – Surveys of Consumers,Monthly final reading via FRED (UMCSENT)
1008,Yijie,https://fred.stlouisfed.org/series/MICH,Michigan – 1yr Inflation Expectations,2.9,Percent (%),1986-01,University of Michigan – Surveys of Consumers,FRED series MICH
1009,Yijie,,OECD CCI – Amplitude Adjusted,101.0519,Normalised (avg=100),1986-01,OECD via FRED – CSCICP03USM665S,Above 100 = optimism; below 100 = pessimism
1010,Yijie,https://fred.stlouisfed.org/series/USACSCICP02STSAM,OECD CCI – Standardised,102.8602,Normalised (avg=100),1986-01,OECD via FRED,FRED series USACSCICP02STSAM
1011,Yijie,https://fred.stlouisfed.org/series/EXPINF10YR,Cleveland Fed – 10yr Inflation Expectations,4.1181726,Percent (%),1986-02,Federal Reserve Bank of Cleveland via FRED,FRED series EXPINF10YR
1012,Yijie,https://fred.stlouisfed.org/series/EXPINF1YR,Cleveland Fed – 1yr Inflation Expectations,3.9713373,Percent (%),1986-02,Federal Reserve Bank of Cleveland via FRED,FRED series EXPINF1YR
1013,Yijie,https://fred.stlouisfed.org/series/UMCSENT,Michigan ICS – Overall,95.9,Index (1966 Q1 = 100),1986-02,Univ. of Michigan – Surveys of Consumers,Monthly final reading via FRED (UMCSENT)
1014,Yijie,https://fred.stlouisfed.org/series/MICH,Michigan – 1yr Inflation Expectations,2.8,Percent (%),1986-02,University of Michigan – Surveys of Consumers,FRED series MICH
1015,Yijie,,OECD CCI – Amplitude Adjusted,101.14,Normalised (avg=100),1986-02,OECD via FRED – CSCICP03USM665S,Above 100 = optimism; below 100 = pessimism
1016,Yijie,https://fred.stlouisfed.org/series/USACSCICP02STSAM,OECD CCI – Standardised,103.183,Normalised (avg=100),1986-02,OECD via FRED,FRED series USACSCICP02STSAM
1017,Yijie,https://fred.stlouisfed.org/series/EXPINF10YR,Cleveland Fed – 10yr Inflation Expectations,3.7367611,Percent (%),1986-03,Federal Reserve Bank of Cleveland via FRED,FRED series EXPINF10YR
1018,Yijie,https://fred.stlouisfed.org/series/EXPINF1YR,Cleveland Fed – 1yr Inflation Expectations,3.4802235,Percent (%),1986-03,Federal Reserve Bank of Cleveland via FRED,FRED series EXPINF1YR
1019,Yijie,https://fred.stlouisfed.org/series/UMCSENT,Michigan ICS – Overall,95.1,Index (1966 Q1 = 100),1986-03,Univ. of Michigan – Surveys of Consumers,Monthly final reading via FRED (UMCSENT)
1020,Yijie,https://fred.stlouisfed.org/series/MICH,Michigan – 1yr Inflation Expectations,2.3,Percent (%),1986-03,University of Michigan – Surveys of Consumers,FRED series MICH
1021,Yijie,,OECD CCI – Amplitude Adjusted,101.165,Normalised (avg=100),1986-03,OECD via FRED – CSCICP03USM665S,Above 100 = optimism; below 100 = pessimism
1022,Yijie,https://fred.stlouisfed.org/series/USACSCICP02STSAM,OECD CCI – Standardised,102.3222,Normalised (avg=100),1986-03,OECD via FRED,FRED series USACSCICP02STSAM
1023,Yijie,https://fred.stlouisfed.org/series/EXPINF10YR,Cleveland Fed – 10yr Inflation Expectations,3.5536733,Percent (%),1986-04,Federal Reserve Bank of Cleveland via FRED,FRED series EXPINF10YR
1024,Yijie,https://fred.stlouisfed.org/series/EXPINF1YR,Cleveland Fed – 1yr Inflation Expectations,3.0175747,Percent (%),1986-04,Federal Reserve Bank of Cleveland via FRED,FRED series EXPINF1YR
1025,Yijie,https://fred.stlouisfed.org/series/UMCSENT,Michigan ICS – Overall,96.2,Index (1966 Q1 = 100),1986-04,Univ. of Michigan – Surveys of Consumers,Monthly final reading via FRED (UMCSENT)
1026,Yijie,https://fred.stlouisfed.org/series/MICH,Michigan – 1yr Inflation Expectations,2.4,Percent (%),1986-04,University of Michigan – Surveys of Consumers,FRED series MICH
1027,Yijie,,OECD CCI – Amplitude Adjusted,101.2053,Normalised (avg=100),1986-04,OECD via FRED – CSCICP03USM665S,Above 100 = optimism; below 100 = pessimism
1028,Yijie,https://fred.stlouisfed.org/series/USACSCICP02STSAM,OECD CCI – Standardised,103.5058,Normalised (avg=100),1986-04,OECD via FRED,FRED series USACSCICP02STSAM
1029,Yijie,https://fred.stlouisfed.org/series/EXPINF10YR,Cleveland Fed – 10yr Inflation Expectations,3.6077332,Percent (%),1986-05,Federal Reserve Bank of Cleveland via FRED,FRED series EXPINF10YR
1030,Yijie,https://fred.stlouisfed.org/series/EXPINF1YR,Cleveland Fed – 1yr Inflation Expectations,2.8514107,Percent (%),1986-05,Federal Reserve Bank of Cleveland via FRED,FRED series EXPINF1YR
1031,Yijie,https://fred.stlouisfed.org/series/UMCSENT,Michigan ICS – Overall,94.8,Index (1966 Q1 = 100),1986-05,Univ. of Michigan – Surveys of Consumers,Monthly final reading via FRED (UMCSENT)
1032,Yijie,https://fred.stlouisfed.org/series/MICH,Michigan – 1yr Inflation Expectations,2.7,Percent (%),1986-05,University of Michigan – Surveys of Consumers,FRED series MICH
1033,Yijie,,OECD CCI – Amplitude Adjusted,101.2643,Normalised (avg=100),1986-05,OECD via FRED – CSCICP03USM665S,Above 100 = optimism; below 100 = pessimism
1034,Yijie,https://fred.stlouisfed.org/series/USACSCICP02STSAM,OECD CCI – Standardised,101.9995,Normalised (avg=100),1986-05,OECD via FRED,FRED series USACSCICP02STSAM
1035,Yijie,https://fred.stlouisfed.org/series/EXPINF10YR,Cleveland Fed – 10yr Inflation Expectations,3.9272729,Percent (%),1986-06,Federal Reserve Bank of Cleveland via FRED,FRED series EXPINF10YR
1036,Yijie,https://fred.stlouisfed.org/series/EXPINF1YR,Cleveland Fed – 1yr Inflation Expectations,3.4637795,Percent (%),1986-06,Federal Reserve Bank of Cleveland via FRED,FRED series EXPINF1YR
1037,Yijie,https://fred.stlouisfed.org/series/UMCSENT,Michigan ICS – Overall,99.3,Index (1966 Q1 = 100),1986-06,Univ. of Michigan – Surveys of Consumers,Monthly final reading via FRED (UMCSENT)
1038,Yijie,https://fred.stlouisfed.org/series/MICH,Michigan – 1yr Inflation Expectations,2.9,Percent (%),1986-06,University of Michigan – Surveys of Consumers,FRED series MICH
1039,Yijie,,OECD CCI – Amplitude Adjusted,101.3604,Normalised (avg=100),1986-06,OECD via FRED – CSCICP03USM665S,Above 100 = optimism; below 100 = pessimism
1040,Yijie,https://fred.stlouisfed.org/series/USACSCICP02STSAM,OECD CCI – Standardised,106.8412,Normalised (avg=100),1986-06,OECD via FRED,FRED series USACSCICP02STSAM
1041,Yijie,https://fred.stlouisfed.org/series/EXPINF10YR,Cleveland Fed – 10yr Inflation Expectations,3.6712197,Percent (%),1986-07,Federal Reserve Bank of Cleveland via FRED,FRED series EXPINF10YR
1042,Yijie,https://fred.stlouisfed.org/series/EXPINF1YR,Cleveland Fed – 1yr Inflation Expectations,3.5734378,Percent (%),1986-07,Federal Reserve Bank of Cleveland via FRED,FRED series EXPINF1YR
1043,Yijie,https://fred.stlouisfed.org/series/UMCSENT,Michigan ICS – Overall,97.7,Index (1966 Q1 = 100),1986-07,Univ. of Michigan – Surveys of Consumers,Monthly final reading via FRED (UMCSENT)
1044,Yijie,https://fred.stlouisfed.org/series/MICH,Michigan – 1yr Inflation Expectations,2.8,Percent (%),1986-07,University of Michigan – Surveys of Consumers,FRED series MICH
1045,Yijie,,OECD CCI – Amplitude Adjusted,101.3022,Normalised (avg=100),1986-07,OECD via FRED – CSCICP03USM665S,Above 100 = optimism; below 100 = pessimism
1046,Yijie,https://fred.stlouisfed.org/series/USACSCICP02STSAM,OECD CCI – Standardised,105.1197,Normalised (avg=100),1986-07,OECD via FRED,FRED series USACSCICP02STSAM
1047,Yijie,https://fred.stlouisfed.org/series/EXPINF10YR,Cleveland Fed – 10yr Inflation Expectations,3.6324582,Percent (%),1986-08,Federal Reserve Bank of Cleveland via FRED,FRED series EXPINF10YR
1048,Yijie,https://fred.stlouisfed.org/series/EXPINF1YR,Cleveland Fed – 1yr Inflation Expectations,3.388122,Percent (%),1986-08,Federal Reserve Bank of Cleveland via FRED,FRED series EXPINF1YR
1049,Yijie,https://fred.stlouisfed.org/series/UMCSENT,Michigan ICS – Overall,94.9,Index (1966 Q1 = 100),1986-08,Univ. of Michigan – Surveys of Consumers,Monthly final reading via FRED (UMCSENT)
1050,Yijie,https://fred.stlouisfed.org/series/MICH,Michigan – 1yr Inflation Expectations,3.0,Percent (%),1986-08,University of Michigan – Surveys of Consumers,FRED series MICH
1051,Yijie,,OECD CCI – Amplitude Adjusted,101.1237,Normalised (avg=100),1986-08,OECD via FRED – CSCICP03USM665S,Above 100 = optimism; below 100 = pessimism
1052,Yijie,https://fred.stlouisfed.org/series/USACSCICP02STSAM,OECD CCI – Standardised,102.1071,Normalised (avg=100),1986-08,OECD via FRED,FRED series USACSCICP02STSAM
1053,Yijie,https://fred.stlouisfed.org/series/EXPINF10YR,Cleveland Fed – 10yr Inflation Expectations,3.4359002,Percent (%),1986-09,Federal Reserve Bank of Cleveland via FRED,FRED series EXPINF10YR
1054,Yijie,https://fred.stlouisfed.org/series/EXPINF1YR,Cleveland Fed – 1yr Inflation Expectations,3.4035122,Percent (%),1986-09,Federal Reserve Bank of Cleveland via FRED,FRED series EXPINF1YR
1055,Yijie,https://fred.stlouisfed.org/series/UMCSENT,Michigan ICS – Overall,91.9,Index (1966 Q1 = 100),1986-09,Univ. of Michigan – Surveys of Consumers,Monthly final reading via FRED (UMCSENT)
1056,Yijie,https://fred.stlouisfed.org/series/MICH,Michigan – 1yr Inflation Expectations,2.9,Percent (%),1986-09,University of Michigan – Surveys of Consumers,FRED series MICH
1057,Yijie,,OECD CCI – Amplitude Adjusted,100.9532,Normalised (avg=100),1986-09,OECD via FRED – CSCICP03USM665S,Above 100 = optimism; below 100 = pessimism
1058,Yijie,https://fred.stlouisfed.org/series/USACSCICP02STSAM,OECD CCI – Standardised,98.87923,Normalised (avg=100),1986-09,OECD via FRED,FRED series USACSCICP02STSAM
1059,Yijie,https://fred.stlouisfed.org/series/EXPINF10YR,Cleveland Fed – 10yr Inflation Expectations,3.6344365,Percent (%),1986-10,Federal Reserve Bank of Cleveland via FRED,FRED series EXPINF10YR
1060,Yijie,https://fred.stlouisfed.org/series/EXPINF1YR,Cleveland Fed – 1yr Inflation Expectations,3.4713896,Percent (%),1986-10,Federal Reserve Bank of Cleveland via FRED,FRED series EXPINF1YR
1061,Yijie,https://fred.stlouisfed.org/series/UMCSENT,Michigan ICS – Overall,95.6,Index (1966 Q1 = 100),1986-10,Univ. of Michigan – Surveys of Consumers,Monthly final reading via FRED (UMCSENT)
1062,Yijie,https://fred.stlouisfed.org/series/MICH,Michigan – 1yr Inflation Expectations,3.2,Percent (%),1986-10,University of Michigan – Surveys of Consumers,FRED series MICH
1063,Yijie,,OECD CCI – Amplitude Adjusted,100.8622,Normalised (avg=100),1986-10,OECD via FRED – CSCICP03USM665S,Above 100 = optimism; below 100 = pessimism
1064,Yijie,https://fred.stlouisfed.org/series/USACSCICP02STSAM,OECD CCI – Standardised,102.8602,Normalised (avg=100),1986-10,OECD via FRED,FRED series USACSCICP02STSAM
1065,Yijie,https://fred.stlouisfed.org/series/EXPINF10YR,Cleveland Fed – 10yr Inflation Expectations,3.5555861,Percent (%),1986-11,Federal Reserve Bank of Cleveland via FRED,FRED series EXPINF10YR
1066,Yijie,https://fred.stlouisfed.org/series/EXPINF1YR,Cleveland Fed – 1yr Inflation Expectations,3.2203774,Percent (%),1986-11,Federal Reserve Bank of Cleveland via FRED,FRED series EXPINF1YR
1067,Yijie,https://fred.stlouisfed.org/series/UMCSENT,Michigan ICS – Overall,91.4,Index (1966 Q1 = 100),1986-11,Univ. of Michigan – Surveys of Consumers,Monthly final reading via FRED (UMCSENT)
1068,Yijie,https://fred.stlouisfed.org/series/MICH,Michigan – 1yr Inflation Expectations,2.8,Percent (%),1986-11,University of Michigan – Surveys of Consumers,FRED series MICH
1069,Yijie,,OECD CCI – Amplitude Adjusted,100.682,Normalised (avg=100),1986-11,OECD via FRED – CSCICP03USM665S,Above 100 = optimism; below 100 = pessimism
1070,Yijie,https://fred.stlouisfed.org/series/USACSCICP02STSAM,OECD CCI – Standardised,98.34126,Normalised (avg=100),1986-11,OECD via FRED,FRED series USACSCICP02STSAM
1071,Yijie,https://fred.stlouisfed.org/series/EXPINF10YR,Cleveland Fed – 10yr Inflation Expectations,3.4800833,Percent (%),1986-12,Federal Reserve Bank of Cleveland via FRED,FRED series EXPINF10YR
1072,Yijie,https://fred.stlouisfed.org/series/EXPINF1YR,Cleveland Fed – 1yr Inflation Expectations,3.6377004,Percent (%),1986-12,Federal Reserve Bank of Cleveland via FRED,FRED series EXPINF1YR
1073,Yijie,https://fred.stlouisfed.org/series/UMCSENT,Michigan ICS – Overall,89.1,Index (1966 Q1 = 100),1986-12,Univ. of Michigan – Surveys of Consumers,Monthly final reading via FRED (UMCSENT)
1074,Yijie,https://fred.stlouisfed.org/series/MICH,Michigan – 1yr Inflation Expectations,3.0,Percent (%),1986-12,University of Michigan – Surveys of Consumers,FRED series MICH
1075,Yijie,,OECD CCI – Amplitude Adjusted,100.5306,Normalised (avg=100),1986-12,OECD via FRED – CSCICP03USM665S,Above 100 = optimism; below 100 = pessimism
1076,Yijie,https://fred.stlouisfed.org/series/USACSCICP02STSAM,OECD CCI – Standardised,95.86658,Normalised (avg=100),1986-12,OECD via FRED,FRED series USACSCICP02STSAM
1077,Yijie,https://fred.stlouisfed.org/series/EXPINF10YR,Cleveland Fed – 10yr Inflation Expectations,3.5240979,Percent (%),1987-01,Federal Reserve Bank of Cleveland via FRED,FRED series EXPINF10YR
1078,Yijie,https://fred.stlouisfed.org/series/EXPINF1YR,Cleveland Fed – 1yr Inflation Expectations,3.4766992,Percent (%),1987-01,Federal Reserve Bank of Cleveland via FRED,FRED series EXPINF1YR
1079,Yijie,,Michigan ICS – Overall,90.4,Index Points,1987-01,Univ. of Michigan – Surveys of Consumers,
1080,Yijie,https://fred.stlouisfed.org/series/MICH,Michigan – 1yr Inflation Expectations,2.9,Percent (%),1987-01,University of Michigan – Surveys of Consumers,FRED series MICH
1081,Yijie,,OECD CCI – Amplitude Adjusted,100.4986,Normalised (avg=100),1987-01,OECD via FRED – CSCICP03USM665S,Above 100 = optimism; below 100 = pessimism
1082,Yijie,https://fred.stlouisfed.org/series/USACSCICP02STSAM,OECD CCI – Standardised,97.26531,Normalised (avg=100),1987-01,OECD via FRED,FRED series USACSCICP02STSAM
1083,Yijie,https://fred.stlouisfed.org/series/EXPINF10YR,Cleveland Fed – 10yr Inflation Expectations,3.5218239,Percent (%),1987-02,Federal Reserve Bank of Cleveland via FRED,FRED series EXPINF10YR
1084,Yijie,https://fred.stlouisfed.org/series/EXPINF1YR,Cleveland Fed – 1yr Inflation Expectations,3.5699365,Percent (%),1987-02,Federal Reserve Bank of Cleveland via FRED,FRED series EXPINF1YR
1085,Yijie,,Michigan ICS – Overall,90.2,Index Points,1987-02,Univ. of Michigan – Surveys of Consumers,
1086,Yijie,https://fred.stlouisfed.org/series/MICH,Michigan – 1yr Inflation Expectations,3.1,Percent (%),1987-02,University of Michigan – Surveys of Consumers,FRED series MICH
1087,Yijie,,OECD CCI – Amplitude Adjusted,100.5286,Normalised (avg=100),1987-02,OECD via FRED – CSCICP03USM665S,Above 100 = optimism; below 100 = pessimism
1088,Yijie,https://fred.stlouisfed.org/series/USACSCICP02STSAM,OECD CCI – Standardised,97.05012,Normalised (avg=100),1987-02,OECD via FRED,FRED series USACSCICP02STSAM
1089,Yijie,https://fred.stlouisfed.org/series/EXPINF10YR,Cleveland Fed – 10yr Inflation Expectations,3.3855791,Percent (%),1987-03,Federal Reserve Bank of Cleveland via FRED,FRED series EXPINF10YR
1090,Yijie,https://fred.stlouisfed.org/series/EXPINF1YR,Cleveland Fed – 1yr Inflation Expectations,3.0945875,Percent (%),1987-03,Federal Reserve Bank of Cleveland via FRED,FRED series EXPINF1YR
1091,Yijie,,Michigan ICS – Overall,90.8,Index Points,1987-03,Univ. of Michigan – Surveys of Consumers,
1092,Yijie,https://fred.stlouisfed.org/series/MICH,Michigan – 1yr Inflation Expectations,3.0,Percent (%),1987-03,University of Michigan – Surveys of Consumers,FRED series MICH
1093,Yijie,,OECD CCI – Amplitude Adjusted,100.6011,Normalised (avg=100),1987-03,OECD via FRED – CSCICP03USM665S,Above 100 = optimism; below 100 = pessimism
1094,Yijie,https://fred.stlouisfed.org/series/USACSCICP02STSAM,OECD CCI – Standardised,97.69569,Normalised (avg=100),1987-03,OECD via FRED,FRED series USACSCICP02STSAM
1095,Yijie,https://fred.stlouisfed.org/series/EXPINF10YR,Cleveland Fed – 10yr Inflation Expectations,3.6251496,Percent (%),1987-04,Federal Reserve Bank of Cleveland via FRED,FRED series EXPINF10YR
1096,Yijie,https://fred.stlouisfed.org/series/EXPINF1YR,Cleveland Fed – 1yr Inflation Expectations,3.6402938,Percent (%),1987-04,Federal Reserve Bank of Cleveland via FRED,FRED series EXPINF1YR
1097,Yijie,,Michigan ICS – Overall,92.8,Index Points,1987-04,Univ. of Michigan – Surveys of Consumers,
1098,Yijie,https://fred.stlouisfed.org/series/MICH,Michigan – 1yr Inflation Expectations,3.0,Percent (%),1987-04,University of Michigan – Surveys of Consumers,FRED series MICH
1099,Yijie,,OECD CCI – Amplitude Adjusted,100.6803,Normalised (avg=100),1987-04,OECD via FRED – CSCICP03USM665S,Above 100 = optimism; below 100 = pessimism
1100,Yijie,https://fred.stlouisfed.org/series/USACSCICP02STSAM,OECD CCI – Standardised,99.84757,Normalised (avg=100),1987-04,OECD via FRED,FRED series USACSCICP02STSAM
1101,Yijie,https://fred.stlouisfed.org/series/EXPINF10YR,Cleveland Fed – 10yr Inflation Expectations,3.9809201,Percent (%),1987-05,Federal Reserve Bank of Cleveland via FRED,FRED series EXPINF10YR
1102,Yijie,https://fred.stlouisfed.org/series/EXPINF1YR,Cleveland Fed – 1yr Inflation Expectations,3.9085461,Percent (%),1987-05,Federal Reserve Bank of Cleveland via FRED,FRED series EXPINF1YR
1103,Yijie,,Michigan ICS – Overall,91.1,Index Points,1987-05,Univ. of Michigan – Surveys of Consumers,
1104,Yijie,https://fred.stlouisfed.org/series/MICH,Michigan – 1yr Inflation Expectations,3.4,Percent (%),1987-05,University of Michigan – Surveys of Consumers,FRED series MICH
1105,Yijie,,OECD CCI – Amplitude Adjusted,100.713,Normalised (avg=100),1987-05,OECD via FRED – CSCICP03USM665S,Above 100 = optimism; below 100 = pessimism
1106,Yijie,https://fred.stlouisfed.org/series/USACSCICP02STSAM,OECD CCI – Standardised,98.01847,Normalised (avg=100),1987-05,OECD via FRED,FRED series USACSCICP02STSAM
1107,Yijie,https://fred.stlouisfed.org/series/EXPINF10YR,Cleveland Fed – 10yr Inflation Expectations,3.9050188,Percent (%),1987-06,Federal Reserve Bank of Cleveland via FRED,FRED series EXPINF10YR
1108,Yijie,https://fred.stlouisfed.org/series/EXPINF1YR,Cleveland Fed – 1yr Inflation Expectations,3.9808006,Percent (%),1987-06,Federal Reserve Bank of Cleveland via FRED,FRED series EXPINF1YR
1109,Yijie,,Michigan ICS – Overall,91.5,Index Points,1987-06,Univ. of Michigan – Surveys of Consumers,
1110,Yijie,https://fred.stlouisfed.org/series/MICH,Michigan – 1yr Inflation Expectations,3.3,Percent (%),1987-06,University of Michigan – Surveys of Consumers,FRED series MICH
1111,Yijie,,OECD CCI – Amplitude Adjusted,100.7848,Normalised (avg=100),1987-06,OECD via FRED – CSCICP03USM665S,Above 100 = optimism; below 100 = pessimism
1112,Yijie,https://fred.stlouisfed.org/series/USACSCICP02STSAM,OECD CCI – Standardised,98.44884,Normalised (avg=100),1987-06,OECD via FRED,FRED series USACSCICP02STSAM
1113,Yijie,https://fred.stlouisfed.org/series/EXPINF10YR,Cleveland Fed – 10yr Inflation Expectations,3.9670631,Percent (%),1987-07,Federal Reserve Bank of Cleveland via FRED,FRED series EXPINF10YR
1114,Yijie,https://fred.stlouisfed.org/series/EXPINF1YR,Cleveland Fed – 1yr Inflation Expectations,4.0066156,Percent (%),1987-07,Federal Reserve Bank of Cleveland via FRED,FRED series EXPINF1YR
1115,Yijie,,Michigan ICS – Overall,93.7,Index Points,1987-07,Univ. of Michigan – Surveys of Consumers,
1116,Yijie,https://fred.stlouisfed.org/series/MICH,Michigan – 1yr Inflation Expectations,3.1,Percent (%),1987-07,University of Michigan – Surveys of Consumers,FRED series MICH
1117,Yijie,,OECD CCI – Amplitude Adjusted,100.8868,Normalised (avg=100),1987-07,OECD via FRED – CSCICP03USM665S,Above 100 = optimism; below 100 = pessimism
1118,Yijie,https://fred.stlouisfed.org/series/USACSCICP02STSAM,OECD CCI – Standardised,100.8159,Normalised (avg=100),1987-07,OECD via FRED,FRED series USACSCICP02STSAM
1119,Yijie,https://fred.stlouisfed.org/series/EXPINF10YR,Cleveland Fed – 10yr Inflation Expectations,4.0511275,Percent (%),1987-08,Federal Reserve Bank of Cleveland via FRED,FRED series EXPINF10YR
1120,Yijie,https://fred.stlouisfed.org/series/EXPINF1YR,Cleveland Fed – 1yr Inflation Expectations,4.126315,Percent (%),1987-08,Federal Reserve Bank of Cleveland via FRED,FRED series EXPINF1YR
1121,Yijie,,Michigan ICS – Overall,94.4,Index Points,1987-08,Univ. of Michigan – Surveys of Consumers,
1122,Yijie,https://fred.stlouisfed.org/series/MICH,Michigan – 1yr Inflation Expectations,3.2,Percent (%),1987-08,University of Michigan – Surveys of Consumers,FRED series MICH
1123,Yijie,,OECD CCI – Amplitude Adjusted,100.8915,Normalised (avg=100),1987-08,OECD via FRED – CSCICP03USM665S,Above 100 = optimism; below 100 = pessimism
1124,Yijie,https://fred.stlouisfed.org/series/USACSCICP02STSAM,OECD CCI – Standardised,101.5691,Normalised (avg=100),1987-08,OECD via FRED,FRED series USACSCICP02STSAM
1125,Yijie,https://fred.stlouisfed.org/series/EXPINF10YR,Cleveland Fed – 10yr Inflation Expectations,4.1489692,Percent (%),1987-09,Federal Reserve Bank of Cleveland via FRED,FRED series EXPINF10YR
1126,Yijie,https://fred.stlouisfed.org/series/EXPINF1YR,Cleveland Fed – 1yr Inflation Expectations,4.2771388,Percent (%),1987-09,Federal Reserve Bank of Cleveland via FRED,FRED series EXPINF1YR
1127,Yijie,,Michigan ICS – Overall,93.6,Index Points,1987-09,Univ. of Michigan – Surveys of Consumers,
1128,Yijie,https://fred.stlouisfed.org/series/MICH,Michigan – 1yr Inflation Expectations,3.0,Percent (%),1987-09,University of Michigan – Surveys of Consumers,FRED series MICH
1129,Yijie,,OECD CCI – Amplitude Adjusted,100.7095,Normalised (avg=100),1987-09,OECD via FRED – CSCICP03USM665S,Above 100 = optimism; below 100 = pessimism
1130,Yijie,https://fred.stlouisfed.org/series/USACSCICP02STSAM,OECD CCI – Standardised,100.7083,Normalised (avg=100),1987-09,OECD via FRED,FRED series USACSCICP02STSAM
1131,Yijie,https://fred.stlouisfed.org/series/EXPINF10YR,Cleveland Fed – 10yr Inflation Expectations,4.2518415,Percent (%),1987-10,Federal Reserve Bank of Cleveland via FRED,FRED series EXPINF10YR
1132,Yijie,https://fred.stlouisfed.org/series/EXPINF1YR,Cleveland Fed – 1yr Inflation Expectations,4.3834831,Percent (%),1987-10,Federal Reserve Bank of Cleveland via FRED,FRED series EXPINF1YR
1133,Yijie,,Michigan ICS – Overall,89.3,Index Points,1987-10,Univ. of Michigan – Surveys of Consumers,
1134,Yijie,https://fred.stlouisfed.org/series/MICH,Michigan – 1yr Inflation Expectations,3.3,Percent (%),1987-10,University of Michigan – Surveys of Consumers,FRED series MICH
1135,Yijie,,OECD CCI – Amplitude Adjusted,100.3681,Normalised (avg=100),1987-10,OECD via FRED – CSCICP03USM665S,Above 100 = optimism; below 100 = pessimism
1136,Yijie,https://fred.stlouisfed.org/series/USACSCICP02STSAM,OECD CCI – Standardised,96.08177,Normalised (avg=100),1987-10,OECD via FRED,FRED series USACSCICP02STSAM
1137,Yijie,https://fred.stlouisfed.org/series/EXPINF10YR,Cleveland Fed – 10yr Inflation Expectations,4.1747832,Percent (%),1987-11,Federal Reserve Bank of Cleveland via FRED,FRED series EXPINF10YR
1138,Yijie,https://fred.stlouisfed.org/series/EXPINF1YR,Cleveland Fed – 1yr Inflation Expectations,3.9721739,Percent (%),1987-11,Federal Reserve Bank of Cleveland via FRED,FRED series EXPINF1YR
1139,Yijie,,Michigan ICS – Overall,83.1,Index Points,1987-11,Univ. of Michigan – Surveys of Consumers,
1140,Yijie,https://fred.stlouisfed.org/series/MICH,Michigan – 1yr Inflation Expectations,3.2,Percent (%),1987-11,University of Michigan – Surveys of Consumers,FRED series MICH
1141,Yijie,,OECD CCI – Amplitude Adjusted,100.098,Normalised (avg=100),1987-11,OECD via FRED – CSCICP03USM665S,Above 100 = optimism; below 100 = pessimism
1142,Yijie,https://fred.stlouisfed.org/series/USACSCICP02STSAM,OECD CCI – Standardised,89.41092,Normalised (avg=100),1987-11,OECD via FRED,FRED series USACSCICP02STSAM
1143,Yijie,https://fred.stlouisfed.org/series/EXPINF10YR,Cleveland Fed – 10yr Inflation Expectations,4.2591451,Percent (%),1987-12,Federal Reserve Bank of Cleveland via FRED,FRED series EXPINF10YR
1144,Yijie,https://fred.stlouisfed.org/series/EXPINF1YR,Cleveland Fed – 1yr Inflation Expectations,4.083687,Percent (%),1987-12,Federal Reserve Bank of Cleveland via FRED,FRED series EXPINF1YR
1145,Yijie,,Michigan ICS – Overall,86.8,Index Points,1987-12,Univ. of Michigan – Surveys of Consumers,
1146,Yijie,https://fred.stlouisfed.org/series/MICH,Michigan – 1yr Inflation Expectations,3.1,Percent (%),1987-12,University of Michigan – Surveys of Consumers,FRED series MICH
1147,Yijie,,OECD CCI – Amplitude Adjusted,100.1689,Normalised (avg=100),1987-12,OECD via FRED – CSCICP03USM665S,Above 100 = optimism; below 100 = pessimism
1148,Yijie,https://fred.stlouisfed.org/series/USACSCICP02STSAM,OECD CCI – Standardised,93.39191,Normalised (avg=100),1987-12,OECD via FRED,FRED series USACSCICP02STSAM
1149,Yijie,https://fred.stlouisfed.org/series/EXPINF10YR,Cleveland Fed – 10yr Inflation Expectations,4.2204345,Percent (%),1988-01,Federal Reserve Bank of Cleveland via FRED,FRED series EXPINF10YR
1150,Yijie,https://fred.stlouisfed.org/series/EXPINF1YR,Cleveland Fed – 1yr Inflation Expectations,3.6629208,Percent (%),1988-01,Federal Reserve Bank of Cleveland via FRED,FRED series EXPINF1YR
1151,Yijie,,Michigan ICS – Overall,90.8,Index Points,1988-01,Univ. of Michigan – Surveys of Consumers,
1152,Yijie,https://fred.stlouisfed.org/series/MICH,Michigan – 1yr Inflation Expectations,3.2,Percent (%),1988-01,University of Michigan – Surveys of Consumers,FRED series MICH
1153,Yijie,,OECD CCI – Amplitude Adjusted,100.4277,Normalised (avg=100),1988-01,OECD via FRED – CSCICP03USM665S,Above 100 = optimism; below 100 = pessimism
1154,Yijie,https://fred.stlouisfed.org/series/USACSCICP02STSAM,OECD CCI – Standardised,97.69569,Normalised (avg=100),1988-01,OECD via FRED,FRED series USACSCICP02STSAM
1155,Yijie,https://fred.stlouisfed.org/series/EXPINF10YR,Cleveland Fed – 10yr Inflation Expectations,3.8472522,Percent (%),1988-02,Federal Reserve Bank of Cleveland via FRED,FRED series EXPINF10YR
1156,Yijie,https://fred.stlouisfed.org/series/EXPINF1YR,Cleveland Fed – 1yr Inflation Expectations,3.7866556,Percent (%),1988-02,Federal Reserve Bank of Cleveland via FRED,FRED series EXPINF1YR
1157,Yijie,,Michigan ICS – Overall,91.6,Index Points,1988-02,Univ. of Michigan – Surveys of Consumers,
1158,Yijie,https://fred.stlouisfed.org/series/MICH,Michigan – 1yr Inflation Expectations,3.1,Percent (%),1988-02,University of Michigan – Surveys of Consumers,FRED series MICH
1159,Yijie,,OECD CCI – Amplitude Adjusted,100.6644,Normalised (avg=100),1988-02,OECD via FRED – CSCICP03USM665S,Above 100 = optimism; below 100 = pessimism
1160,Yijie,https://fred.stlouisfed.org/series/USACSCICP02STSAM,OECD CCI – Standardised,98.55644,Normalised (avg=100),1988-02,OECD via FRED,FRED series USACSCICP02STSAM
1161,Yijie,https://fred.stlouisfed.org/series/EXPINF10YR,Cleveland Fed – 10yr Inflation Expectations,3.8109943,Percent (%),1988-03,Federal Reserve Bank of Cleveland via FRED,FRED series EXPINF10YR
1162,Yijie,https://fred.stlouisfed.org/series/EXPINF1YR,Cleveland Fed – 1yr Inflation Expectations,3.6808433,Percent (%),1988-03,Federal Reserve Bank of Cleveland via FRED,FRED series EXPINF1YR
1163,Yijie,,Michigan ICS – Overall,94.6,Index Points,1988-03,Univ. of Michigan – Surveys of Consumers,
1164,Yijie,https://fred.stlouisfed.org/series/MICH,Michigan – 1yr Inflation Expectations,3.2,Percent (%),1988-03,University of Michigan – Surveys of Consumers,FRED series MICH
1165,Yijie,,OECD CCI – Amplitude Adjusted,100.8249,Normalised (avg=100),1988-03,OECD via FRED – CSCICP03USM665S,Above 100 = optimism; below 100 = pessimism
1166,Yijie,https://fred.stlouisfed.org/series/USACSCICP02STSAM,OECD CCI – Standardised,101.7843,Normalised (avg=100),1988-03,OECD via FRED,FRED series USACSCICP02STSAM
1167,Yijie,https://fred.stlouisfed.org/series/EXPINF10YR,Cleveland Fed – 10yr Inflation Expectations,4.0198724,Percent (%),1988-04,Federal Reserve Bank of Cleveland via FRED,FRED series EXPINF10YR
1168,Yijie,https://fred.stlouisfed.org/series/EXPINF1YR,Cleveland Fed – 1yr Inflation Expectations,3.9816855,Percent (%),1988-04,Federal Reserve Bank of Cleveland via FRED,FRED series EXPINF1YR
1169,Yijie,,Michigan ICS – Overall,91.2,Index Points,1988-04,Univ. of Michigan – Surveys of Consumers,
1170,Yijie,https://fred.stlouisfed.org/series/MICH,Michigan – 1yr Inflation Expectations,3.3,Percent (%),1988-04,University of Michigan – Surveys of Consumers,FRED series MICH
1171,Yijie,,OECD CCI – Amplitude Adjusted,100.868,Normalised (avg=100),1988-04,OECD via FRED – CSCICP03USM665S,Above 100 = optimism; below 100 = pessimism
1172,Yijie,https://fred.stlouisfed.org/series/USACSCICP02STSAM,OECD CCI – Standardised,98.12607,Normalised (avg=100),1988-04,OECD via FRED,FRED series USACSCICP02STSAM
1173,Yijie,https://fred.stlouisfed.org/series/EXPINF10YR,Cleveland Fed – 10yr Inflation Expectations,4.0553785,Percent (%),1988-05,Federal Reserve Bank of Cleveland via FRED,FRED series EXPINF10YR
1174,Yijie,https://fred.stlouisfed.org/series/EXPINF1YR,Cleveland Fed – 1yr Inflation Expectations,4.0994026,Percent (%),1988-05,Federal Reserve Bank of Cleveland via FRED,FRED series EXPINF1YR
1175,Yijie,,Michigan ICS – Overall,94.8,Index Points,1988-05,Univ. of Michigan – Surveys of Consumers,
1176,Yijie,https://fred.stlouisfed.org/series/MICH,Michigan – 1yr Inflation Expectations,3.3,Percent (%),1988-05,University of Michigan – Surveys of Consumers,FRED series MICH
1177,Yijie,,OECD CCI – Amplitude Adjusted,100.9591,Normalised (avg=100),1988-05,OECD via FRED – CSCICP03USM665S,Above 100 = optimism; below 100 = pessimism
1178,Yijie,https://fred.stlouisfed.org/series/USACSCICP02STSAM,OECD CCI – Standardised,101.9995,Normalised (avg=100),1988-05,OECD via FRED,FRED series USACSCICP02STSAM
1179,Yijie,https://fred.stlouisfed.org/series/EXPINF10YR,Cleveland Fed – 10yr Inflation Expectations,4.1290591,Percent (%),1988-06,Federal Reserve Bank of Cleveland via FRED,FRED series EXPINF10YR
1180,Yijie,https://fred.stlouisfed.org/series/EXPINF1YR,Cleveland Fed – 1yr Inflation Expectations,3.9480755,Percent (%),1988-06,Federal Reserve Bank of Cleveland via FRED,FRED series EXPINF1YR
1181,Yijie,,Michigan ICS – Overall,94.7,Index Points,1988-06,Univ. of Michigan – Surveys of Consumers,
1182,Yijie,https://fred.stlouisfed.org/series/MICH,Michigan – 1yr Inflation Expectations,3.7,Percent (%),1988-06,University of Michigan – Surveys of Consumers,FRED series MICH
1183,Yijie,,OECD CCI – Amplitude Adjusted,101.0263,Normalised (avg=100),1988-06,OECD via FRED – CSCICP03USM665S,Above 100 = optimism; below 100 = pessimism
1184,Yijie,https://fred.stlouisfed.org/series/USACSCICP02STSAM,OECD CCI – Standardised,101.8919,Normalised (avg=100),1988-06,OECD via FRED,FRED series USACSCICP02STSAM
1185,Yijie,https://fred.stlouisfed.org/series/EXPINF10YR,Cleveland Fed – 10yr Inflation Expectations,4.0784464,Percent (%),1988-07,Federal Reserve Bank of Cleveland via FRED,FRED series EXPINF10YR
1186,Yijie,https://fred.stlouisfed.org/series/EXPINF1YR,Cleveland Fed – 1yr Inflation Expectations,4.2701061,Percent (%),1988-07,Federal Reserve Bank of Cleveland via FRED,FRED series EXPINF1YR
1187,Yijie,,Michigan ICS – Overall,93.4,Index Points,1988-07,Univ. of Michigan – Surveys of Consumers,
1188,Yijie,https://fred.stlouisfed.org/series/MICH,Michigan – 1yr Inflation Expectations,4.6,Percent (%),1988-07,University of Michigan – Surveys of Consumers,FRED series MICH
1189,Yijie,,OECD CCI – Amplitude Adjusted,101.0932,Normalised (avg=100),1988-07,OECD via FRED – CSCICP03USM665S,Above 100 = optimism; below 100 = pessimism
1190,Yijie,https://fred.stlouisfed.org/series/USACSCICP02STSAM,OECD CCI – Standardised,100.4931,Normalised (avg=100),1988-07,OECD via FRED,FRED series USACSCICP02STSAM
1191,Yijie,https://fred.stlouisfed.org/series/EXPINF10YR,Cleveland Fed – 10yr Inflation Expectations,4.0871682,Percent (%),1988-08,Federal Reserve Bank of Cleveland via FRED,FRED series EXPINF10YR
1192,Yijie,https://fred.stlouisfed.org/series/EXPINF1YR,Cleveland Fed – 1yr Inflation Expectations,4.362807,Percent (%),1988-08,Federal Reserve Bank of Cleveland via FRED,FRED series EXPINF1YR
1193,Yijie,,Michigan ICS – Overall,97.4,Index Points,1988-08,Univ. of Michigan – Surveys of Consumers,
1194,Yijie,https://fred.stlouisfed.org/series/MICH,Michigan – 1yr Inflation Expectations,4.4,Percent (%),1988-08,University of Michigan – Surveys of Consumers,FRED series MICH
1195,Yijie,,OECD CCI – Amplitude Adjusted,101.2005,Normalised (avg=100),1988-08,OECD via FRED – CSCICP03USM665S,Above 100 = optimism; below 100 = pessimism
1196,Yijie,https://fred.stlouisfed.org/series/USACSCICP02STSAM,OECD CCI – Standardised,104.7969,Normalised (avg=100),1988-08,OECD via FRED,FRED series USACSCICP02STSAM
1197,Yijie,https://fred.stlouisfed.org/series/EXPINF10YR,Cleveland Fed – 10yr Inflation Expectations,4.1697337,Percent (%),1988-09,Federal Reserve Bank of Cleveland via FRED,FRED series EXPINF10YR
1198,Yijie,https://fred.stlouisfed.org/series/EXPINF1YR,Cleveland Fed – 1yr Inflation Expectations,4.414214,Percent (%),1988-09,Federal Reserve Bank of Cleveland via FRED,FRED series EXPINF1YR
1199,Yijie,,Michigan ICS – Overall,97.3,Index Points,1988-09,Univ. of Michigan – Surveys of Consumers,
1200,Yijie,https://fred.stlouisfed.org/series/MICH,Michigan – 1yr Inflation Expectations,3.9,Percent (%),1988-09,University of Michigan – Surveys of Consumers,FRED series MICH
1201,Yijie,,OECD CCI – Amplitude Adjusted,101.1854,Normalised (avg=100),1988-09,OECD via FRED – CSCICP03USM665S,Above 100 = optimism; below 100 = pessimism
1202,Yijie,https://fred.stlouisfed.org/series/USACSCICP02STSAM,OECD CCI – Standardised,104.6893,Normalised (avg=100),1988-09,OECD via FRED,FRED series USACSCICP02STSAM
1203,Yijie,https://fred.stlouisfed.org/series/EXPINF10YR,Cleveland Fed – 10yr Inflation Expectations,4.0496883,Percent (%),1988-10,Federal Reserve Bank of Cleveland via FRED,FRED series EXPINF10YR
1204,Yijie,https://fred.stlouisfed.org/series/EXPINF1YR,Cleveland Fed – 1yr Inflation Expectations,4.3720582,Percent (%),1988-10,Federal Reserve Bank of Cleveland via FRED,FRED series EXPINF1YR
1205,Yijie,,Michigan ICS – Overall,94.1,Index Points,1988-10,Univ. of Michigan – Surveys of Consumers,
1206,Yijie,https://fred.stlouisfed.org/series/MICH,Michigan – 1yr Inflation Expectations,3.9,Percent (%),1988-10,University of Michigan – Surveys of Consumers,FRED series MICH
1207,Yijie,,OECD CCI – Amplitude Adjusted,101.0462,Normalised (avg=100),1988-10,OECD via FRED – CSCICP03USM665S,Above 100 = optimism; below 100 = pessimism
1208,Yijie,https://fred.stlouisfed.org/series/USACSCICP02STSAM,OECD CCI – Standardised,101.2463,Normalised (avg=100),1988-10,OECD via FRED,FRED series USACSCICP02STSAM
1209,Yijie,https://fred.stlouisfed.org/series/EXPINF10YR,Cleveland Fed – 10yr Inflation Expectations,4.0008188,Percent (%),1988-11,Federal Reserve Bank of Cleveland via FRED,FRED series EXPINF10YR
1210,Yijie,https://fred.stlouisfed.org/series/EXPINF1YR,Cleveland Fed – 1yr Inflation Expectations,4.2504516,Percent (%),1988-11,Federal Reserve Bank of Cleveland via FRED,FRED series EXPINF1YR
1211,Yijie,,Michigan ICS – Overall,93.0,Index Points,1988-11,Univ. of Michigan – Surveys of Consumers,
1212,Yijie,https://fred.stlouisfed.org/series/MICH,Michigan – 1yr Inflation Expectations,3.7,Percent (%),1988-11,University of Michigan – Surveys of Consumers,FRED series MICH
1213,Yijie,,OECD CCI – Amplitude Adjusted,100.9454,Normalised (avg=100),1988-11,OECD via FRED – CSCICP03USM665S,Above 100 = optimism; below 100 = pessimism
1214,Yijie,https://fred.stlouisfed.org/series/USACSCICP02STSAM,OECD CCI – Standardised,100.0628,Normalised (avg=100),1988-11,OECD via FRED,FRED series USACSCICP02STSAM
1215,Yijie,https://fred.stlouisfed.org/series/EXPINF10YR,Cleveland Fed – 10yr Inflation Expectations,4.1229057,Percent (%),1988-12,Federal Reserve Bank of Cleveland via FRED,FRED series EXPINF10YR
1216,Yijie,https://fred.stlouisfed.org/series/EXPINF1YR,Cleveland Fed – 1yr Inflation Expectations,4.4612583,Percent (%),1988-12,Federal Reserve Bank of Cleveland via FRED,FRED series EXPINF1YR
1217,Yijie,,Michigan ICS – Overall,91.9,Index Points,1988-12,Univ. of Michigan – Surveys of Consumers,
1218,Yijie,https://fred.stlouisfed.org/series/MICH,Michigan – 1yr Inflation Expectations,3.9,Percent (%),1988-12,University of Michigan – Surveys of Consumers,FRED series MICH
1219,Yijie,,OECD CCI – Amplitude Adjusted,100.9718,Normalised (avg=100),1988-12,OECD via FRED – CSCICP03USM665S,Above 100 = optimism; below 100 = pessimism
1220,Yijie,https://fred.stlouisfed.org/series/USACSCICP02STSAM,OECD CCI – Standardised,98.87923,Normalised (avg=100),1988-12,OECD via FRED,FRED series USACSCICP02STSAM
1221,Yijie,https://fred.stlouisfed.org/series/EXPINF10YR,Cleveland Fed – 10yr Inflation Expectations,4.2885136,Percent (%),1989-01,Federal Reserve Bank of Cleveland via FRED,FRED series EXPINF10YR
1222,Yijie,https://fred.stlouisfed.org/series/EXPINF1YR,Cleveland Fed – 1yr Inflation Expectations,4.4802056,Percent (%),1989-01,Federal Reserve Bank of Cleveland via FRED,FRED series EXPINF1YR
1223,Yijie,,Michigan ICS – Overall,97.9,Index Points,1989-01,Univ. of Michigan – Surveys of Consumers,
1224,Yijie,https://fred.stlouisfed.org/series/MICH,Michigan – 1yr Inflation Expectations,3.5,Percent (%),1989-01,University of Michigan – Surveys of Consumers,FRED series MICH
1225,Yijie,,OECD CCI – Amplitude Adjusted,101.1114,Normalised (avg=100),1989-01,OECD via FRED – CSCICP03USM665S,Above 100 = optimism; below 100 = pessimism
1226,Yijie,https://fred.stlouisfed.org/series/USACSCICP02STSAM,OECD CCI – Standardised,105.3349,Normalised (avg=100),1989-01,OECD via FRED,FRED series USACSCICP02STSAM
1227,Yijie,https://fred.stlouisfed.org/series/EXPINF10YR,Cleveland Fed – 10yr Inflation Expectations,4.1899346,Percent (%),1989-02,Federal Reserve Bank of Cleveland via FRED,FRED series EXPINF10YR
1228,Yijie,https://fred.stlouisfed.org/series/EXPINF1YR,Cleveland Fed – 1yr Inflation Expectations,4.4007674,Percent (%),1989-02,Federal Reserve Bank of Cleveland via FRED,FRED series EXPINF1YR
1229,Yijie,,Michigan ICS – Overall,95.4,Index Points,1989-02,Univ. of Michigan – Surveys of Consumers,
1230,Yijie,https://fred.stlouisfed.org/series/MICH,Michigan – 1yr Inflation Expectations,4.1,Percent (%),1989-02,University of Michigan – Surveys of Consumers,FRED series MICH
1231,Yijie,,OECD CCI – Amplitude Adjusted,101.0913,Normalised (avg=100),1989-02,OECD via FRED – CSCICP03USM665S,Above 100 = optimism; below 100 = pessimism
1232,Yijie,https://fred.stlouisfed.org/series/USACSCICP02STSAM,OECD CCI – Standardised,102.645,Normalised (avg=100),1989-02,OECD via FRED,FRED series USACSCICP02STSAM
1233,Yijie,https://fred.stlouisfed.org/series/EXPINF10YR,Cleveland Fed – 10yr Inflation Expectations,4.3288816,Percent (%),1989-03,Federal Reserve Bank of Cleveland via FRED,FRED series EXPINF10YR
1234,Yijie,https://fred.stlouisfed.org/series/EXPINF1YR,Cleveland Fed – 1yr Inflation Expectations,4.5305051,Percent (%),1989-03,Federal Reserve Bank of Cleveland via FRED,FRED series EXPINF1YR
1235,Yijie,,Michigan ICS – Overall,94.3,Index Points,1989-03,Univ. of Michigan – Surveys of Consumers,
1236,Yijie,https://fred.stlouisfed.org/series/MICH,Michigan – 1yr Inflation Expectations,3.7,Percent (%),1989-03,University of Michigan – Surveys of Consumers,FRED series MICH
1237,Yijie,,OECD CCI – Amplitude Adjusted,100.948,Normalised (avg=100),1989-03,OECD via FRED – CSCICP03USM665S,Above 100 = optimism; below 100 = pessimism
1238,Yijie,https://fred.stlouisfed.org/series/USACSCICP02STSAM,OECD CCI – Standardised,101.4615,Normalised (avg=100),1989-03,OECD via FRED,FRED series USACSCICP02STSAM
1239,Yijie,https://fred.stlouisfed.org/series/EXPINF10YR,Cleveland Fed – 10yr Inflation Expectations,4.2662182,Percent (%),1989-04,Federal Reserve Bank of Cleveland via FRED,FRED series EXPINF10YR
1240,Yijie,https://fred.stlouisfed.org/series/EXPINF1YR,Cleveland Fed – 1yr Inflation Expectations,4.7028561,Percent (%),1989-04,Federal Reserve Bank of Cleveland via FRED,FRED series EXPINF1YR
1241,Yijie,,Michigan ICS – Overall,91.5,Index Points,1989-04,Univ. of Michigan – Surveys of Consumers,
1242,Yijie,https://fred.stlouisfed.org/series/MICH,Michigan – 1yr Inflation Expectations,4.3,Percent (%),1989-04,University of Michigan – Surveys of Consumers,FRED series MICH
1243,Yijie,,OECD CCI – Amplitude Adjusted,100.752,Normalised (avg=100),1989-04,OECD via FRED – CSCICP03USM665S,Above 100 = optimism; below 100 = pessimism
1244,Yijie,https://fred.stlouisfed.org/series/USACSCICP02STSAM,OECD CCI – Standardised,98.44884,Normalised (avg=100),1989-04,OECD via FRED,FRED series USACSCICP02STSAM
1245,Yijie,https://fred.stlouisfed.org/series/EXPINF10YR,Cleveland Fed – 10yr Inflation Expectations,4.0993473,Percent (%),1989-05,Federal Reserve Bank of Cleveland via FRED,FRED series EXPINF10YR
1246,Yijie,https://fred.stlouisfed.org/series/EXPINF1YR,Cleveland Fed – 1yr Inflation Expectations,4.852568,Percent (%),1989-05,Federal Reserve Bank of Cleveland via FRED,FRED series EXPINF1YR
1247,Yijie,,Michigan ICS – Overall,90.7,Index Points,1989-05,Univ. of Michigan – Surveys of Consumers,
1248,Yijie,https://fred.stlouisfed.org/series/MICH,Michigan – 1yr Inflation Expectations,4.6,Percent (%),1989-05,University of Michigan – Surveys of Consumers,FRED series MICH
1249,Yijie,,OECD CCI – Amplitude Adjusted,100.6218,Normalised (avg=100),1989-05,OECD via FRED – CSCICP03USM665S,Above 100 = optimism; below 100 = pessimism
1250,Yijie,https://fred.stlouisfed.org/series/USACSCICP02STSAM,OECD CCI – Standardised,97.5881,Normalised (avg=100),1989-05,OECD via FRED,FRED series USACSCICP02STSAM
1251,Yijie,https://fred.stlouisfed.org/series/EXPINF10YR,Cleveland Fed – 10yr Inflation Expectations,3.9601983,Percent (%),1989-06,Federal Reserve Bank of Cleveland via FRED,FRED series EXPINF10YR
1252,Yijie,https://fred.stlouisfed.org/series/EXPINF1YR,Cleveland Fed – 1yr Inflation Expectations,4.3841384,Percent (%),1989-06,Federal Reserve Bank of Cleveland via FRED,FRED series EXPINF1YR
1253,Yijie,,Michigan ICS – Overall,90.6,Index Points,1989-06,Univ. of Michigan – Surveys of Consumers,
1254,Yijie,https://fred.stlouisfed.org/series/MICH,Michigan – 1yr Inflation Expectations,3.8,Percent (%),1989-06,University of Michigan – Surveys of Consumers,FRED series MICH
1255,Yijie,,OECD CCI – Amplitude Adjusted,100.59,Normalised (avg=100),1989-06,OECD via FRED – CSCICP03USM665S,Above 100 = optimism; below 100 = pessimism
1256,Yijie,https://fred.stlouisfed.org/series/USACSCICP02STSAM,OECD CCI – Standardised,97.4805,Normalised (avg=100),1989-06,OECD via FRED,FRED series USACSCICP02STSAM
1257,Yijie,https://fred.stlouisfed.org/series/EXPINF10YR,Cleveland Fed – 10yr Inflation Expectations,3.7419337,Percent (%),1989-07,Federal Reserve Bank of Cleveland via FRED,FRED series EXPINF10YR
1258,Yijie,https://fred.stlouisfed.org/series/EXPINF1YR,Cleveland Fed – 1yr Inflation Expectations,4.3266076,Percent (%),1989-07,Federal Reserve Bank of Cleveland via FRED,FRED series EXPINF1YR
1259,Yijie,,Michigan ICS – Overall,92.0,Index Points,1989-07,Univ. of Michigan – Surveys of Consumers,
1260,Yijie,https://fred.stlouisfed.org/series/MICH,Michigan – 1yr Inflation Expectations,4.1,Percent (%),1989-07,University of Michigan – Surveys of Consumers,FRED series MICH
1261,Yijie,,OECD CCI – Amplitude Adjusted,100.6386,Normalised (avg=100),1989-07,OECD via FRED – CSCICP03USM665S,Above 100 = optimism; below 100 = pessimism
1262,Yijie,https://fred.stlouisfed.org/series/USACSCICP02STSAM,OECD CCI – Standardised,98.98682,Normalised (avg=100),1989-07,OECD via FRED,FRED series USACSCICP02STSAM
1263,Yijie,https://fred.stlouisfed.org/series/EXPINF10YR,Cleveland Fed – 10yr Inflation Expectations,3.5784885,Percent (%),1989-08,Federal Reserve Bank of Cleveland via FRED,FRED series EXPINF10YR
1264,Yijie,https://fred.stlouisfed.org/series/EXPINF1YR,Cleveland Fed – 1yr Inflation Expectations,4.127378,Percent (%),1989-08,Federal Reserve Bank of Cleveland via FRED,FRED series EXPINF1YR
1265,Yijie,,Michigan ICS – Overall,89.6,Index Points,1989-08,Univ. of Michigan – Surveys of Consumers,
1266,Yijie,https://fred.stlouisfed.org/series/MICH,Michigan – 1yr Inflation Expectations,3.5,Percent (%),1989-08,University of Michigan – Surveys of Consumers,FRED series MICH
1267,Yijie,,OECD CCI – Amplitude Adjusted,100.7196,Normalised (avg=100),1989-08,OECD via FRED – CSCICP03USM665S,Above 100 = optimism; below 100 = pessimism
1268,Yijie,https://fred.stlouisfed.org/series/USACSCICP02STSAM,OECD CCI – Standardised,96.40456,Normalised (avg=100),1989-08,OECD via FRED,FRED series USACSCICP02STSAM
1269,Yijie,https://fred.stlouisfed.org/series/EXPINF10YR,Cleveland Fed – 10yr Inflation Expectations,3.797509,Percent (%),1989-09,Federal Reserve Bank of Cleveland via FRED,FRED series EXPINF10YR
1270,Yijie,https://fred.stlouisfed.org/series/EXPINF1YR,Cleveland Fed – 1yr Inflation Expectations,4.0212728,Percent (%),1989-09,Federal Reserve Bank of Cleveland via FRED,FRED series EXPINF1YR
1271,Yijie,,Michigan ICS – Overall,95.8,Index Points,1989-09,Univ. of Michigan – Surveys of Consumers,
1272,Yijie,https://fred.stlouisfed.org/series/MICH,Michigan – 1yr Inflation Expectations,3.4,Percent (%),1989-09,University of Michigan – Surveys of Consumers,FRED series MICH
1273,Yijie,,OECD CCI – Amplitude Adjusted,100.8713,Normalised (avg=100),1989-09,OECD via FRED – CSCICP03USM665S,Above 100 = optimism; below 100 = pessimism
1274,Yijie,https://fred.stlouisfed.org/series/USACSCICP02STSAM,OECD CCI – Standardised,103.0754,Normalised (avg=100),1989-09,OECD via FRED,FRED series USACSCICP02STSAM
1275,Yijie,https://fred.stlouisfed.org/series/EXPINF10YR,Cleveland Fed – 10yr Inflation Expectations,3.8261876,Percent (%),1989-10,Federal Reserve Bank of Cleveland via FRED,FRED series EXPINF10YR
1276,Yijie,https://fred.stlouisfed.org/series/EXPINF1YR,Cleveland Fed – 1yr Inflation Expectations,4.2239744,Percent (%),1989-10,Federal Reserve Bank of Cleveland via FRED,FRED series EXPINF1YR
1277,Yijie,,Michigan ICS – Overall,93.9,Index Points,1989-10,Univ. of Michigan – Surveys of Consumers,
1278,Yijie,https://fred.stlouisfed.org/series/MICH,Michigan – 1yr Inflation Expectations,3.6,Percent (%),1989-10,University of Michigan – Surveys of Consumers,FRED series MICH
1279,Yijie,,OECD CCI – Amplitude Adjusted,100.8542,Normalised (avg=100),1989-10,OECD via FRED – CSCICP03USM665S,Above 100 = optimism; below 100 = pessimism
1280,Yijie,https://fred.stlouisfed.org/series/USACSCICP02STSAM,OECD CCI – Standardised,101.0311,Normalised (avg=100),1989-10,OECD via FRED,FRED series USACSCICP02STSAM
1281,Yijie,,Yale – Individual 1yr Stock Confidence,62.5,%,1989-10,Yale ICF – Stock Market Confidence Indices,% of individual investors expecting market higher in 1yr
1282,Yijie,,Yale – Institutional 1yr Stock Confidence,64.0,%,1989-10,Yale ICF – Stock Market Confidence Indices,% of institutional investors expecting market higher in 1yr
1283,Yijie,https://fred.stlouisfed.org/series/EXPINF10YR,Cleveland Fed – 10yr Inflation Expectations,3.6877522,Percent (%),1989-11,Federal Reserve Bank of Cleveland via FRED,FRED series EXPINF10YR
1284,Yijie,https://fred.stlouisfed.org/series/EXPINF1YR,Cleveland Fed – 1yr Inflation Expectations,3.9988063,Percent (%),1989-11,Federal Reserve Bank of Cleveland via FRED,FRED series EXPINF1YR
1285,Yijie,,Michigan ICS – Overall,90.9,Index Points,1989-11,Univ. of Michigan – Surveys of Consumers,
1286,Yijie,https://fred.stlouisfed.org/series/MICH,Michigan – 1yr Inflation Expectations,3.5,Percent (%),1989-11,University of Michigan – Surveys of Consumers,FRED series MICH
1287,Yijie,,OECD CCI – Amplitude Adjusted,100.7303,Normalised (avg=100),1989-11,OECD via FRED – CSCICP03USM665S,Above 100 = optimism; below 100 = pessimism
1288,Yijie,https://fred.stlouisfed.org/series/USACSCICP02STSAM,OECD CCI – Standardised,97.80328,Normalised (avg=100),1989-11,OECD via FRED,FRED series USACSCICP02STSAM
1289,Yijie,https://fred.stlouisfed.org/series/EXPINF10YR,Cleveland Fed – 10yr Inflation Expectations,3.6632645,Percent (%),1989-12,Federal Reserve Bank of Cleveland via FRED,FRED series EXPINF10YR
1290,Yijie,https://fred.stlouisfed.org/series/EXPINF1YR,Cleveland Fed – 1yr Inflation Expectations,3.6603593,Percent (%),1989-12,Federal Reserve Bank of Cleveland via FRED,FRED series EXPINF1YR
1291,Yijie,,Michigan ICS – Overall,90.5,Index Points,1989-12,Univ. of Michigan – Surveys of Consumers,
1292,Yijie,https://fred.stlouisfed.org/series/MICH,Michigan – 1yr Inflation Expectations,3.5,Percent (%),1989-12,University of Michigan – Surveys of Consumers,FRED series MICH
1293,Yijie,,OECD CCI – Amplitude Adjusted,100.6563,Normalised (avg=100),1989-12,OECD via FRED – CSCICP03USM665S,Above 100 = optimism; below 100 = pessimism
1294,Yijie,https://fred.stlouisfed.org/series/USACSCICP02STSAM,OECD CCI – Standardised,97.3729,Normalised (avg=100),1989-12,OECD via FRED,FRED series USACSCICP02STSAM
1295,Yijie,https://fred.stlouisfed.org/series/EXPINF10YR,Cleveland Fed – 10yr Inflation Expectations,3.790805,Percent (%),1990-01,Federal Reserve Bank of Cleveland via FRED,FRED series EXPINF10YR
1296,Yijie,https://fred.stlouisfed.org/series/EXPINF1YR,Cleveland Fed – 1yr Inflation Expectations,4.1516909,Percent (%),1990-01,Federal Reserve Bank of Cleveland via FRED,FRED series EXPINF1YR
1297,Yijie,,Michigan ICS – Overall,93.0,Index Points,1990-01,Univ. of Michigan – Surveys of Consumers,
1298,Yijie,https://fred.stlouisfed.org/series/MICH,Michigan – 1yr Inflation Expectations,4.1,Percent (%),1990-01,University of Michigan – Surveys of Consumers,FRED series MICH
1299,Yijie,,OECD CCI – Amplitude Adjusted,100.6537,Normalised (avg=100),1990-01,OECD via FRED – CSCICP03USM665S,Above 100 = optimism; below 100 = pessimism
1300,Yijie,https://fred.stlouisfed.org/series/USACSCICP02STSAM,OECD CCI – Standardised,100.0628,Normalised (avg=100),1990-01,OECD via FRED,FRED series USACSCICP02STSAM
1301,Yijie,https://fred.stlouisfed.org/series/EXPINF10YR,Cleveland Fed – 10yr Inflation Expectations,3.9721427,Percent (%),1990-02,Federal Reserve Bank of Cleveland via FRED,FRED series EXPINF10YR
1302,Yijie,https://fred.stlouisfed.org/series/EXPINF1YR,Cleveland Fed – 1yr Inflation Expectations,4.4318376,Percent (%),1990-02,Federal Reserve Bank of Cleveland via FRED,FRED series EXPINF1YR
1303,Yijie,,Michigan ICS – Overall,89.5,Index Points,1990-02,Univ. of Michigan – Surveys of Consumers,
1304,Yijie,https://fred.stlouisfed.org/series/MICH,Michigan – 1yr Inflation Expectations,4.1,Percent (%),1990-02,University of Michigan – Surveys of Consumers,FRED series MICH
1305,Yijie,,OECD CCI – Amplitude Adjusted,100.6357,Normalised (avg=100),1990-02,OECD via FRED – CSCICP03USM665S,Above 100 = optimism; below 100 = pessimism
1306,Yijie,https://fred.stlouisfed.org/series/USACSCICP02STSAM,OECD CCI – Standardised,96.29696,Normalised (avg=100),1990-02,OECD via FRED,FRED series USACSCICP02STSAM
1307,Yijie,https://fred.stlouisfed.org/series/EXPINF10YR,Cleveland Fed – 10yr Inflation Expectations,3.9572843,Percent (%),1990-03,Federal Reserve Bank of Cleveland via FRED,FRED series EXPINF10YR
1308,Yijie,https://fred.stlouisfed.org/series/EXPINF1YR,Cleveland Fed – 1yr Inflation Expectations,3.9925157,Percent (%),1990-03,Federal Reserve Bank of Cleveland via FRED,FRED series EXPINF1YR
1309,Yijie,,Michigan ICS – Overall,91.3,Index Points,1990-03,Univ. of Michigan – Surveys of Consumers,
1310,Yijie,https://fred.stlouisfed.org/series/MICH,Michigan – 1yr Inflation Expectations,3.7,Percent (%),1990-03,University of Michigan – Surveys of Consumers,FRED series MICH
1311,Yijie,,OECD CCI – Amplitude Adjusted,100.7045,Normalised (avg=100),1990-03,OECD via FRED – CSCICP03USM665S,Above 100 = optimism; below 100 = pessimism
1312,Yijie,https://fred.stlouisfed.org/series/USACSCICP02STSAM,OECD CCI – Standardised,98.23366,Normalised (avg=100),1990-03,OECD via FRED,FRED series USACSCICP02STSAM
1313,Yijie,https://fred.stlouisfed.org/series/EXPINF10YR,Cleveland Fed – 10yr Inflation Expectations,3.9574181,Percent (%),1990-04,Federal Reserve Bank of Cleveland via FRED,FRED series EXPINF10YR
1314,Yijie,https://fred.stlouisfed.org/series/EXPINF1YR,Cleveland Fed – 1yr Inflation Expectations,4.1347922,Percent (%),1990-04,Federal Reserve Bank of Cleveland via FRED,FRED series EXPINF1YR
1315,Yijie,,Michigan ICS – Overall,93.9,Index Points,1990-04,Univ. of Michigan – Surveys of Consumers,
1316,Yijie,https://fred.stlouisfed.org/series/MICH,Michigan – 1yr Inflation Expectations,3.6,Percent (%),1990-04,University of Michigan – Surveys of Consumers,FRED series MICH
1317,Yijie,,OECD CCI – Amplitude Adjusted,100.7568,Normalised (avg=100),1990-04,OECD via FRED – CSCICP03USM665S,Above 100 = optimism; below 100 = pessimism
1318,Yijie,https://fred.stlouisfed.org/series/USACSCICP02STSAM,OECD CCI – Standardised,101.0311,Normalised (avg=100),1990-04,OECD via FRED,FRED series USACSCICP02STSAM
1319,Yijie,,Yale – Institutional 1yr Stock Confidence,47.17,%,1990-04,Yale ICF – Stock Market Confidence Indices,% of institutional investors expecting market higher in 1yr
1320,Yijie,https://fred.stlouisfed.org/series/EXPINF10YR,Cleveland Fed – 10yr Inflation Expectations,4.1366521,Percent (%),1990-05,Federal Reserve Bank of Cleveland via FRED,FRED series EXPINF10YR
1321,Yijie,https://fred.stlouisfed.org/series/EXPINF1YR,Cleveland Fed – 1yr Inflation Expectations,4.2465017,Percent (%),1990-05,Federal Reserve Bank of Cleveland via FRED,FRED series EXPINF1YR
1322,Yijie,,Michigan ICS – Overall,90.6,Index Points,1990-05,Univ. of Michigan – Surveys of Consumers,
1323,Yijie,https://fred.stlouisfed.org/series/MICH,Michigan – 1yr Inflation Expectations,3.4,Percent (%),1990-05,University of Michigan – Surveys of Consumers,FRED series MICH
1324,Yijie,,OECD CCI – Amplitude Adjusted,100.6273,Normalised (avg=100),1990-05,OECD via FRED – CSCICP03USM665S,Above 100 = optimism; below 100 = pessimism
1325,Yijie,https://fred.stlouisfed.org/series/USACSCICP02STSAM,OECD CCI – Standardised,97.4805,Normalised (avg=100),1990-05,OECD via FRED,FRED series USACSCICP02STSAM
1326,Yijie,https://fred.stlouisfed.org/series/EXPINF10YR,Cleveland Fed – 10yr Inflation Expectations,3.9542983,Percent (%),1990-06,Federal Reserve Bank of Cleveland via FRED,FRED series EXPINF10YR
1327,Yijie,https://fred.stlouisfed.org/series/EXPINF1YR,Cleveland Fed – 1yr Inflation Expectations,4.1908762,Percent (%),1990-06,Federal Reserve Bank of Cleveland via FRED,FRED series EXPINF1YR
1328,Yijie,,Michigan ICS – Overall,88.3,Index Points,1990-06,Univ. of Michigan – Surveys of Consumers,
1329,Yijie,https://fred.stlouisfed.org/series/MICH,Michigan – 1yr Inflation Expectations,3.8,Percent (%),1990-06,University of Michigan – Surveys of Consumers,FRED series MICH
1330,Yijie,,OECD CCI – Amplitude Adjusted,100.3423,Normalised (avg=100),1990-06,OECD via FRED – CSCICP03USM665S,Above 100 = optimism; below 100 = pessimism
1331,Yijie,https://fred.stlouisfed.org/series/USACSCICP02STSAM,OECD CCI – Standardised,95.00583,Normalised (avg=100),1990-06,OECD via FRED,FRED series USACSCICP02STSAM
1332,Yijie,https://fred.stlouisfed.org/series/EXPINF10YR,Cleveland Fed – 10yr Inflation Expectations,3.8638041,Percent (%),1990-07,Federal Reserve Bank of Cleveland via FRED,FRED series EXPINF10YR
1333,Yijie,https://fred.stlouisfed.org/series/EXPINF1YR,Cleveland Fed – 1yr Inflation Expectations,4.0715514,Percent (%),1990-07,Federal Reserve Bank of Cleveland via FRED,FRED series EXPINF1YR
1334,Yijie,,Michigan ICS – Overall,88.2,Index Points,1990-07,Univ. of Michigan – Surveys of Consumers,
1335,Yijie,https://fred.stlouisfed.org/series/MICH,Michigan – 1yr Inflation Expectations,3.4,Percent (%),1990-07,University of Michigan – Surveys of Consumers,FRED series MICH
1336,Yijie,,OECD CCI – Amplitude Adjusted,99.86092,Normalised (avg=100),1990-07,OECD via FRED – CSCICP03USM665S,Above 100 = optimism; below 100 = pessimism
1337,Yijie,https://fred.stlouisfed.org/series/USACSCICP02STSAM,OECD CCI – Standardised,94.89823,Normalised (avg=100),1990-07,OECD via FRED,FRED series USACSCICP02STSAM
1338,Yijie,https://fred.stlouisfed.org/series/EXPINF10YR,Cleveland Fed – 10yr Inflation Expectations,3.8256958,Percent (%),1990-08,Federal Reserve Bank of Cleveland via FRED,FRED series EXPINF10YR
1339,Yijie,https://fred.stlouisfed.org/series/EXPINF1YR,Cleveland Fed – 1yr Inflation Expectations,4.1266926,Percent (%),1990-08,Federal Reserve Bank of Cleveland via FRED,FRED series EXPINF1YR
1340,Yijie,,Michigan ICS – Overall,76.4,Index Points,1990-08,Univ. of Michigan – Surveys of Consumers,
1341,Yijie,https://fred.stlouisfed.org/series/MICH,Michigan – 1yr Inflation Expectations,4.6,Percent (%),1990-08,University of Michigan – Surveys of Consumers,FRED series MICH
1342,Yijie,,OECD CCI – Amplitude Adjusted,99.08856,Normalised (avg=100),1990-08,OECD via FRED – CSCICP03USM665S,Above 100 = optimism; below 100 = pessimism
1343,Yijie,https://fred.stlouisfed.org/series/USACSCICP02STSAM,OECD CCI – Standardised,82.2021,Normalised (avg=100),1990-08,OECD via FRED,FRED series USACSCICP02STSAM
1344,Yijie,https://fred.stlouisfed.org/series/EXPINF10YR,Cleveland Fed – 10yr Inflation Expectations,4.0734267,Percent (%),1990-09,Federal Reserve Bank of Cleveland via FRED,FRED series EXPINF10YR
1345,Yijie,https://fred.stlouisfed.org/series/EXPINF1YR,Cleveland Fed – 1yr Inflation Expectations,4.7322385,Percent (%),1990-09,Federal Reserve Bank of Cleveland via FRED,FRED series EXPINF1YR
1346,Yijie,,Michigan ICS – Overall,72.8,Index Points,1990-09,Univ. of Michigan – Surveys of Consumers,
1347,Yijie,https://fred.stlouisfed.org/series/MICH,Michigan – 1yr Inflation Expectations,4.7,Percent (%),1990-09,University of Michigan – Surveys of Consumers,FRED series MICH
1348,Yijie,,OECD CCI – Amplitude Adjusted,98.34657,Normalised (avg=100),1990-09,OECD via FRED – CSCICP03USM665S,Above 100 = optimism; below 100 = pessimism
1349,Yijie,https://fred.stlouisfed.org/series/USACSCICP02STSAM,OECD CCI – Standardised,78.3287,Normalised (avg=100),1990-09,OECD via FRED,FRED series USACSCICP02STSAM
1350,Yijie,https://fred.stlouisfed.org/series/EXPINF10YR,Cleveland Fed – 10yr Inflation Expectations,3.9925768,Percent (%),1990-10,Federal Reserve Bank of Cleveland via FRED,FRED series EXPINF10YR
1351,Yijie,https://fred.stlouisfed.org/series/EXPINF1YR,Cleveland Fed – 1yr Inflation Expectations,5.0042957,Percent (%),1990-10,Federal Reserve Bank of Cleveland via FRED,FRED series EXPINF1YR
1352,Yijie,,Michigan ICS – Overall,63.9,Index Points,1990-10,Univ. of Michigan – Surveys of Consumers,
1353,Yijie,https://fred.stlouisfed.org/series/MICH,Michigan – 1yr Inflation Expectations,4.8,Percent (%),1990-10,University of Michigan – Surveys of Consumers,FRED series MICH
1354,Yijie,,OECD CCI – Amplitude Adjusted,97.75354,Normalised (avg=100),1990-10,OECD via FRED – CSCICP03USM665S,Above 100 = optimism; below 100 = pessimism
1355,Yijie,https://fred.stlouisfed.org/series/USACSCICP02STSAM,OECD CCI – Standardised,68.7528,Normalised (avg=100),1990-10,OECD via FRED,FRED series USACSCICP02STSAM
1356,Yijie,,Yale – Institutional 1yr Stock Confidence,56.25,%,1990-10,Yale ICF – Stock Market Confidence Indices,% of institutional investors expecting market higher in 1yr
1357,Yijie,https://fred.stlouisfed.org/series/EXPINF10YR,Cleveland Fed – 10yr Inflation Expectations,3.9799187,Percent (%),1990-11,Federal Reserve Bank of Cleveland via FRED,FRED series EXPINF10YR
1358,Yijie,https://fred.stlouisfed.org/series/EXPINF1YR,Cleveland Fed – 1yr Inflation Expectations,4.9594235,Percent (%),1990-11,Federal Reserve Bank of Cleveland via FRED,FRED series EXPINF1YR
1359,Yijie,,Michigan ICS – Overall,66.0,Index Points,1990-11,Univ. of Michigan – Surveys of Consumers,
1360,Yijie,https://fred.stlouisfed.org/series/MICH,Michigan – 1yr Inflation Expectations,4.7,Percent (%),1990-11,University of Michigan – Surveys of Consumers,FRED series MICH
1361,Yijie,,OECD CCI – Amplitude Adjusted,97.54295,Normalised (avg=100),1990-11,OECD via FRED – CSCICP03USM665S,Above 100 = optimism; below 100 = pessimism
1362,Yijie,https://fred.stlouisfed.org/series/USACSCICP02STSAM,OECD CCI – Standardised,71.01228,Normalised (avg=100),1990-11,OECD via FRED,FRED series USACSCICP02STSAM
1363,Yijie,https://fred.stlouisfed.org/series/EXPINF10YR,Cleveland Fed – 10yr Inflation Expectations,3.8566272,Percent (%),1990-12,Federal Reserve Bank of Cleveland via FRED,FRED series EXPINF10YR
1364,Yijie,https://fred.stlouisfed.org/series/EXPINF1YR,Cleveland Fed – 1yr Inflation Expectations,4.8876822,Percent (%),1990-12,Federal Reserve Bank of Cleveland via FRED,FRED series EXPINF1YR
1365,Yijie,,Michigan ICS – Overall,65.5,Index Points,1990-12,Univ. of Michigan – Surveys of Consumers,
1366,Yijie,https://fred.stlouisfed.org/series/MICH,Michigan – 1yr Inflation Expectations,4.7,Percent (%),1990-12,University of Michigan – Surveys of Consumers,FRED series MICH
1367,Yijie,,OECD CCI – Amplitude Adjusted,97.60697,Normalised (avg=100),1990-12,OECD via FRED – CSCICP03USM665S,Above 100 = optimism; below 100 = pessimism
1368,Yijie,https://fred.stlouisfed.org/series/USACSCICP02STSAM,OECD CCI – Standardised,70.47431,Normalised (avg=100),1990-12,OECD via FRED,FRED series USACSCICP02STSAM
1369,Yijie,https://fred.stlouisfed.org/series/EXPINF10YR,Cleveland Fed – 10yr Inflation Expectations,3.8045971,Percent (%),1991-01,Federal Reserve Bank of Cleveland via FRED,FRED series EXPINF10YR
1370,Yijie,https://fred.stlouisfed.org/series/EXPINF1YR,Cleveland Fed – 1yr Inflation Expectations,4.0730006,Percent (%),1991-01,Federal Reserve Bank of Cleveland via FRED,FRED series EXPINF1YR
1371,Yijie,,Michigan ICS – Overall,66.8,Index Points,1991-01,Univ. of Michigan – Surveys of Consumers,
1372,Yijie,https://fred.stlouisfed.org/series/MICH,Michigan – 1yr Inflation Expectations,3.9,Percent (%),1991-01,University of Michigan – Surveys of Consumers,FRED series MICH
1373,Yijie,,OECD CCI – Amplitude Adjusted,97.95465,Normalised (avg=100),1991-01,OECD via FRED – CSCICP03USM665S,Above 100 = optimism; below 100 = pessimism
1374,Yijie,https://fred.stlouisfed.org/series/USACSCICP02STSAM,OECD CCI – Standardised,71.87304,Normalised (avg=100),1991-01,OECD via FRED,FRED series USACSCICP02STSAM
1375,Yijie,https://fred.stlouisfed.org/series/EXPINF10YR,Cleveland Fed – 10yr Inflation Expectations,3.7259127,Percent (%),1991-02,Federal Reserve Bank of Cleveland via FRED,FRED series EXPINF10YR
1376,Yijie,https://fred.stlouisfed.org/series/EXPINF1YR,Cleveland Fed – 1yr Inflation Expectations,3.7918137,Percent (%),1991-02,Federal Reserve Bank of Cleveland via FRED,FRED series EXPINF1YR
1377,Yijie,,Michigan ICS – Overall,70.4,Index Points,1991-02,Univ. of Michigan – Surveys of Consumers,
1378,Yijie,https://fred.stlouisfed.org/series/MICH,Michigan – 1yr Inflation Expectations,3.4,Percent (%),1991-02,University of Michigan – Surveys of Consumers,FRED series MICH
1379,Yijie,,OECD CCI – Amplitude Adjusted,98.58894,Normalised (avg=100),1991-02,OECD via FRED – CSCICP03USM665S,Above 100 = optimism; below 100 = pessimism
1380,Yijie,https://fred.stlouisfed.org/series/USACSCICP02STSAM,OECD CCI – Standardised,75.74644,Normalised (avg=100),1991-02,OECD via FRED,FRED series USACSCICP02STSAM
1381,Yijie,https://fred.stlouisfed.org/series/EXPINF10YR,Cleveland Fed – 10yr Inflation Expectations,3.8681694,Percent (%),1991-03,Federal Reserve Bank of Cleveland via FRED,FRED series EXPINF10YR
1382,Yijie,https://fred.stlouisfed.org/series/EXPINF1YR,Cleveland Fed – 1yr Inflation Expectations,3.7886339,Percent (%),1991-03,Federal Reserve Bank of Cleveland via FRED,FRED series EXPINF1YR
1383,Yijie,,Michigan ICS – Overall,87.7,Index Points,1991-03,Univ. of Michigan – Surveys of Consumers,
1384,Yijie,https://fred.stlouisfed.org/series/MICH,Michigan – 1yr Inflation Expectations,3.3,Percent (%),1991-03,University of Michigan – Surveys of Consumers,FRED series MICH
1385,Yijie,,OECD CCI – Amplitude Adjusted,99.31223,Normalised (avg=100),1991-03,OECD via FRED – CSCICP03USM665S,Above 100 = optimism; below 100 = pessimism
1386,Yijie,https://fred.stlouisfed.org/series/USACSCICP02STSAM,OECD CCI – Standardised,94.36026,Normalised (avg=100),1991-03,OECD via FRED,FRED series USACSCICP02STSAM
1387,Yijie,https://fred.stlouisfed.org/series/EXPINF10YR,Cleveland Fed – 10yr Inflation Expectations,3.7655984,Percent (%),1991-04,Federal Reserve Bank of Cleveland via FRED,FRED series EXPINF10YR
1388,Yijie,https://fred.stlouisfed.org/series/EXPINF1YR,Cleveland Fed – 1yr Inflation Expectations,3.7570386,Percent (%),1991-04,Federal Reserve Bank of Cleveland via FRED,FRED series EXPINF1YR
1389,Yijie,,Michigan ICS – Overall,81.8,Index Points,1991-04,Univ. of Michigan – Surveys of Consumers,
1390,Yijie,https://fred.stlouisfed.org/series/MICH,Michigan – 1yr Inflation Expectations,3.2,Percent (%),1991-04,University of Michigan – Surveys of Consumers,FRED series MICH
1391,Yijie,,OECD CCI – Amplitude Adjusted,99.51653,Normalised (avg=100),1991-04,OECD via FRED – CSCICP03USM665S,Above 100 = optimism; below 100 = pessimism
1392,Yijie,https://fred.stlouisfed.org/series/USACSCICP02STSAM,OECD CCI – Standardised,88.01219,Normalised (avg=100),1991-04,OECD via FRED,FRED series USACSCICP02STSAM
1393,Yijie,,Yale – Institutional 1yr Stock Confidence,75.47,%,1991-04,Yale ICF – Stock Market Confidence Indices,% of institutional investors expecting market higher in 1yr
1394,Yijie,https://fred.stlouisfed.org/series/EXPINF10YR,Cleveland Fed – 10yr Inflation Expectations,3.7827617,Percent (%),1991-05,Federal Reserve Bank of Cleveland via FRED,FRED series EXPINF10YR
1395,Yijie,https://fred.stlouisfed.org/series/EXPINF1YR,Cleveland Fed – 1yr Inflation Expectations,3.6422551,Percent (%),1991-05,Federal Reserve Bank of Cleveland via FRED,FRED series EXPINF1YR
1396,Yijie,,Michigan ICS – Overall,78.3,Index Points,1991-05,Univ. of Michigan – Surveys of Consumers,
1397,Yijie,https://fred.stlouisfed.org/series/MICH,Michigan – 1yr Inflation Expectations,3.1,Percent (%),1991-05,University of Michigan – Surveys of Consumers,FRED series MICH
1398,Yijie,,OECD CCI – Amplitude Adjusted,99.4995,Normalised (avg=100),1991-05,OECD via FRED – CSCICP03USM665S,Above 100 = optimism; below 100 = pessimism
1399,Yijie,https://fred.stlouisfed.org/series/USACSCICP02STSAM,OECD CCI – Standardised,84.24639,Normalised (avg=100),1991-05,OECD via FRED,FRED series USACSCICP02STSAM
1400,Yijie,https://fred.stlouisfed.org/series/EXPINF10YR,Cleveland Fed – 10yr Inflation Expectations,3.865324,Percent (%),1991-06,Federal Reserve Bank of Cleveland via FRED,FRED series EXPINF10YR
1401,Yijie,https://fred.stlouisfed.org/series/EXPINF1YR,Cleveland Fed – 1yr Inflation Expectations,3.5765848,Percent (%),1991-06,Federal Reserve Bank of Cleveland via FRED,FRED series EXPINF1YR
1402,Yijie,,Michigan ICS – Overall,82.1,Index Points,1991-06,Univ. of Michigan – Surveys of Consumers,
1403,Yijie,https://fred.stlouisfed.org/series/MICH,Michigan – 1yr Inflation Expectations,3.3,Percent (%),1991-06,University of Michigan – Surveys of Consumers,FRED series MICH
1404,Yijie,,OECD CCI – Amplitude Adjusted,99.56474,Normalised (avg=100),1991-06,OECD via FRED – CSCICP03USM665S,Above 100 = optimism; below 100 = pessimism
1405,Yijie,https://fred.stlouisfed.org/series/USACSCICP02STSAM,OECD CCI – Standardised,88.33498,Normalised (avg=100),1991-06,OECD via FRED,FRED series USACSCICP02STSAM
1406,Yijie,https://fred.stlouisfed.org/series/EXPINF10YR,Cleveland Fed – 10yr Inflation Expectations,3.8906803,Percent (%),1991-07,Federal Reserve Bank of Cleveland via FRED,FRED series EXPINF10YR
1407,Yijie,https://fred.stlouisfed.org/series/EXPINF1YR,Cleveland Fed – 1yr Inflation Expectations,3.8492682,Percent (%),1991-07,Federal Reserve Bank of Cleveland via FRED,FRED series EXPINF1YR
1408,Yijie,,Michigan ICS – Overall,82.9,Index Points,1991-07,Univ. of Michigan – Surveys of Consumers,
1409,Yijie,https://fred.stlouisfed.org/series/MICH,Michigan – 1yr Inflation Expectations,3.1,Percent (%),1991-07,University of Michigan – Surveys of Consumers,FRED series MICH
1410,Yijie,,OECD CCI – Amplitude Adjusted,99.62606,Normalised (avg=100),1991-07,OECD via FRED – CSCICP03USM665S,Above 100 = optimism; below 100 = pessimism
1411,Yijie,https://fred.stlouisfed.org/series/USACSCICP02STSAM,OECD CCI – Standardised,89.19573,Normalised (avg=100),1991-07,OECD via FRED,FRED series USACSCICP02STSAM
1412,Yijie,https://fred.stlouisfed.org/series/EXPINF10YR,Cleveland Fed – 10yr Inflation Expectations,3.8552348,Percent (%),1991-08,Federal Reserve Bank of Cleveland via FRED,FRED series EXPINF10YR
1413,Yijie,https://fred.stlouisfed.org/series/EXPINF1YR,Cleveland Fed – 1yr Inflation Expectations,3.7712021,Percent (%),1991-08,Federal Reserve Bank of Cleveland via FRED,FRED series EXPINF1YR
1414,Yijie,,Michigan ICS – Overall,82.0,Index Points,1991-08,Univ. of Michigan – Surveys of Consumers,
1415,Yijie,https://fred.stlouisfed.org/series/MICH,Michigan – 1yr Inflation Expectations,3.2,Percent (%),1991-08,University of Michigan – Surveys of Consumers,FRED series MICH
1416,Yijie,,OECD CCI – Amplitude Adjusted,99.59038,Normalised (avg=100),1991-08,OECD via FRED – CSCICP03USM665S,Above 100 = optimism; below 100 = pessimism
1417,Yijie,https://fred.stlouisfed.org/series/USACSCICP02STSAM,OECD CCI – Standardised,88.22739,Normalised (avg=100),1991-08,OECD via FRED,FRED series USACSCICP02STSAM
1418,Yijie,https://fred.stlouisfed.org/series/EXPINF10YR,Cleveland Fed – 10yr Inflation Expectations,3.6904141,Percent (%),1991-09,Federal Reserve Bank of Cleveland via FRED,FRED series EXPINF10YR
1419,Yijie,https://fred.stlouisfed.org/series/EXPINF1YR,Cleveland Fed – 1yr Inflation Expectations,3.5858551,Percent (%),1991-09,Federal Reserve Bank of Cleveland via FRED,FRED series EXPINF1YR
1420,Yijie,,Michigan ICS – Overall,83.0,Index Points,1991-09,Univ. of Michigan – Surveys of Consumers,
1421,Yijie,https://fred.stlouisfed.org/series/MICH,Michigan – 1yr Inflation Expectations,3.0,Percent (%),1991-09,University of Michigan – Surveys of Consumers,FRED series MICH
1422,Yijie,,OECD CCI – Amplitude Adjusted,99.39061,Normalised (avg=100),1991-09,OECD via FRED – CSCICP03USM665S,Above 100 = optimism; below 100 = pessimism
1423,Yijie,https://fred.stlouisfed.org/series/USACSCICP02STSAM,OECD CCI – Standardised,89.30333,Normalised (avg=100),1991-09,OECD via FRED,FRED series USACSCICP02STSAM
1424,Yijie,https://fred.stlouisfed.org/series/EXPINF10YR,Cleveland Fed – 10yr Inflation Expectations,3.589857,Percent (%),1991-10,Federal Reserve Bank of Cleveland via FRED,FRED series EXPINF10YR
1425,Yijie,https://fred.stlouisfed.org/series/EXPINF1YR,Cleveland Fed – 1yr Inflation Expectations,3.5977558,Percent (%),1991-10,Federal Reserve Bank of Cleveland via FRED,FRED series EXPINF1YR
1426,Yijie,,Michigan ICS – Overall,78.3,Index Points,1991-10,Univ. of Michigan – Surveys of Consumers,
1427,Yijie,https://fred.stlouisfed.org/series/MICH,Michigan – 1yr Inflation Expectations,3.2,Percent (%),1991-10,University of Michigan – Surveys of Consumers,FRED series MICH
1428,Yijie,,OECD CCI – Amplitude Adjusted,98.91525,Normalised (avg=100),1991-10,OECD via FRED – CSCICP03USM665S,Above 100 = optimism; below 100 = pessimism
1429,Yijie,https://fred.stlouisfed.org/series/USACSCICP02STSAM,OECD CCI – Standardised,84.24639,Normalised (avg=100),1991-10,OECD via FRED,FRED series USACSCICP02STSAM
1430,Yijie,,Yale – Institutional 1yr Stock Confidence,81.4,%,1991-10,Yale ICF – Stock Market Confidence Indices,% of institutional investors expecting market higher in 1yr
1431,Yijie,https://fred.stlouisfed.org/series/EXPINF10YR,Cleveland Fed – 10yr Inflation Expectations,3.5532004,Percent (%),1991-11,Federal Reserve Bank of Cleveland via FRED,FRED series EXPINF10YR
1432,Yijie,https://fred.stlouisfed.org/series/EXPINF1YR,Cleveland Fed – 1yr Inflation Expectations,3.4862803,Percent (%),1991-11,Federal Reserve Bank of Cleveland via FRED,FRED series EXPINF1YR
1433,Yijie,,Michigan ICS – Overall,69.1,Index Points,1991-11,Univ. of Michigan – Surveys of Consumers,
1434,Yijie,https://fred.stlouisfed.org/series/MICH,Michigan – 1yr Inflation Expectations,2.9,Percent (%),1991-11,University of Michigan – Surveys of Consumers,FRED series MICH
1435,Yijie,,OECD CCI – Amplitude Adjusted,98.3261,Normalised (avg=100),1991-11,OECD via FRED – CSCICP03USM665S,Above 100 = optimism; below 100 = pessimism
1436,Yijie,https://fred.stlouisfed.org/series/USACSCICP02STSAM,OECD CCI – Standardised,74.34771,Normalised (avg=100),1991-11,OECD via FRED,FRED series USACSCICP02STSAM
1437,Yijie,https://fred.stlouisfed.org/series/EXPINF10YR,Cleveland Fed – 10yr Inflation Expectations,3.4956178,Percent (%),1991-12,Federal Reserve Bank of Cleveland via FRED,FRED series EXPINF10YR
1438,Yijie,https://fred.stlouisfed.org/series/EXPINF1YR,Cleveland Fed – 1yr Inflation Expectations,3.5525591,Percent (%),1991-12,Federal Reserve Bank of Cleveland via FRED,FRED series EXPINF1YR
1439,Yijie,,Michigan ICS – Overall,68.2,Index Points,1991-12,Univ. of Michigan – Surveys of Consumers,
1440,Yijie,https://fred.stlouisfed.org/series/MICH,Michigan – 1yr Inflation Expectations,2.7,Percent (%),1991-12,University of Michigan – Surveys of Consumers,FRED series MICH
1441,Yijie,,OECD CCI – Amplitude Adjusted,97.97945,Normalised (avg=100),1991-12,OECD via FRED – CSCICP03USM665S,Above 100 = optimism; below 100 = pessimism
1442,Yijie,https://fred.stlouisfed.org/series/USACSCICP02STSAM,OECD CCI – Standardised,73.37936,Normalised (avg=100),1991-12,OECD via FRED,FRED series USACSCICP02STSAM
1443,Yijie,https://fred.stlouisfed.org/series/EXPINF10YR,Cleveland Fed – 10yr Inflation Expectations,3.3688217,Percent (%),1992-01,Federal Reserve Bank of Cleveland via FRED,FRED series EXPINF10YR
1444,Yijie,https://fred.stlouisfed.org/series/EXPINF1YR,Cleveland Fed – 1yr Inflation Expectations,3.2724393,Percent (%),1992-01,Federal Reserve Bank of Cleveland via FRED,FRED series EXPINF1YR
1445,Yijie,,Michigan ICS – Overall,67.5,Index Points,1992-01,Univ. of Michigan – Surveys of Consumers,
1446,Yijie,https://fred.stlouisfed.org/series/MICH,Michigan – 1yr Inflation Expectations,2.7,Percent (%),1992-01,University of Michigan – Surveys of Consumers,FRED series MICH
1447,Yijie,,OECD CCI – Amplitude Adjusted,97.93081,Normalised (avg=100),1992-01,OECD via FRED – CSCICP03USM665S,Above 100 = optimism; below 100 = pessimism
1448,Yijie,https://fred.stlouisfed.org/series/USACSCICP02STSAM,OECD CCI – Standardised,72.6262,Normalised (avg=100),1992-01,OECD via FRED,FRED series USACSCICP02STSAM
1449,Yijie,https://fred.stlouisfed.org/series/EXPINF10YR,Cleveland Fed – 10yr Inflation Expectations,3.5751286,Percent (%),1992-02,Federal Reserve Bank of Cleveland via FRED,FRED series EXPINF10YR
1450,Yijie,https://fred.stlouisfed.org/series/EXPINF1YR,Cleveland Fed – 1yr Inflation Expectations,3.3409544,Percent (%),1992-02,Federal Reserve Bank of Cleveland via FRED,FRED series EXPINF1YR
1451,Yijie,,Michigan ICS – Overall,68.8,Index Points,1992-02,Univ. of Michigan – Surveys of Consumers,
1452,Yijie,https://fred.stlouisfed.org/series/MICH,Michigan – 1yr Inflation Expectations,2.6,Percent (%),1992-02,University of Michigan – Surveys of Consumers,FRED series MICH
1453,Yijie,,OECD CCI – Amplitude Adjusted,98.17536,Normalised (avg=100),1992-02,OECD via FRED – CSCICP03USM665S,Above 100 = optimism; below 100 = pessimism
1454,Yijie,https://fred.stlouisfed.org/series/USACSCICP02STSAM,OECD CCI – Standardised,74.02493,Normalised (avg=100),1992-02,OECD via FRED,FRED series USACSCICP02STSAM
1455,Yijie,https://fred.stlouisfed.org/series/EXPINF10YR,Cleveland Fed – 10yr Inflation Expectations,3.6100297,Percent (%),1992-03,Federal Reserve Bank of Cleveland via FRED,FRED series EXPINF10YR
1456,Yijie,https://fred.stlouisfed.org/series/EXPINF1YR,Cleveland Fed – 1yr Inflation Expectations,3.5870624,Percent (%),1992-03,Federal Reserve Bank of Cleveland via FRED,FRED series EXPINF1YR
1457,Yijie,,Michigan ICS – Overall,76.0,Index Points,1992-03,Univ. of Michigan – Surveys of Consumers,
1458,Yijie,https://fred.stlouisfed.org/series/MICH,Michigan – 1yr Inflation Expectations,2.6,Percent (%),1992-03,University of Michigan – Surveys of Consumers,FRED series MICH
1459,Yijie,,OECD CCI – Amplitude Adjusted,98.61414,Normalised (avg=100),1992-03,OECD via FRED – CSCICP03USM665S,Above 100 = optimism; below 100 = pessimism
1460,Yijie,https://fred.stlouisfed.org/series/USACSCICP02STSAM,OECD CCI – Standardised,81.77172,Normalised (avg=100),1992-03,OECD via FRED,FRED series USACSCICP02STSAM
1461,Yijie,https://fred.stlouisfed.org/series/EXPINF10YR,Cleveland Fed – 10yr Inflation Expectations,3.641295,Percent (%),1992-04,Federal Reserve Bank of Cleveland via FRED,FRED series EXPINF10YR
1462,Yijie,https://fred.stlouisfed.org/series/EXPINF1YR,Cleveland Fed – 1yr Inflation Expectations,3.3684803,Percent (%),1992-04,Federal Reserve Bank of Cleveland via FRED,FRED series EXPINF1YR
1463,Yijie,,Michigan ICS – Overall,77.2,Index Points,1992-04,Univ. of Michigan – Surveys of Consumers,
1464,Yijie,https://fred.stlouisfed.org/series/MICH,Michigan – 1yr Inflation Expectations,3.0,Percent (%),1992-04,University of Michigan – Surveys of Consumers,FRED series MICH
1465,Yijie,,OECD CCI – Amplitude Adjusted,98.96271,Normalised (avg=100),1992-04,OECD via FRED – CSCICP03USM665S,Above 100 = optimism; below 100 = pessimism
1466,Yijie,https://fred.stlouisfed.org/series/USACSCICP02STSAM,OECD CCI – Standardised,83.06285,Normalised (avg=100),1992-04,OECD via FRED,FRED series USACSCICP02STSAM
1467,Yijie,,Yale – Institutional 1yr Stock Confidence,75.68,%,1992-04,Yale ICF – Stock Market Confidence Indices,% of institutional investors expecting market higher in 1yr
1468,Yijie,https://fred.stlouisfed.org/series/EXPINF10YR,Cleveland Fed – 10yr Inflation Expectations,3.6711864,Percent (%),1992-05,Federal Reserve Bank of Cleveland via FRED,FRED series EXPINF10YR
1469,Yijie,https://fred.stlouisfed.org/series/EXPINF1YR,Cleveland Fed – 1yr Inflation Expectations,3.4097229,Percent (%),1992-05,Federal Reserve Bank of Cleveland via FRED,FRED series EXPINF1YR
1470,Yijie,,Michigan ICS – Overall,79.2,Index Points,1992-05,Univ. of Michigan – Surveys of Consumers,
1471,Yijie,https://fred.stlouisfed.org/series/MICH,Michigan – 1yr Inflation Expectations,2.9,Percent (%),1992-05,University of Michigan – Surveys of Consumers,FRED series MICH
1472,Yijie,,OECD CCI – Amplitude Adjusted,99.16116,Normalised (avg=100),1992-05,OECD via FRED – CSCICP03USM665S,Above 100 = optimism; below 100 = pessimism
1473,Yijie,https://fred.stlouisfed.org/series/USACSCICP02STSAM,OECD CCI – Standardised,85.21474,Normalised (avg=100),1992-05,OECD via FRED,FRED series USACSCICP02STSAM
1474,Yijie,https://fred.stlouisfed.org/series/EXPINF10YR,Cleveland Fed – 10yr Inflation Expectations,3.5871738,Percent (%),1992-06,Federal Reserve Bank of Cleveland via FRED,FRED series EXPINF10YR
1475,Yijie,https://fred.stlouisfed.org/series/EXPINF1YR,Cleveland Fed – 1yr Inflation Expectations,3.5547337,Percent (%),1992-06,Federal Reserve Bank of Cleveland via FRED,FRED series EXPINF1YR
1476,Yijie,,Michigan ICS – Overall,80.4,Index Points,1992-06,Univ. of Michigan – Surveys of Consumers,
1477,Yijie,https://fred.stlouisfed.org/series/MICH,Michigan – 1yr Inflation Expectations,3.1,Percent (%),1992-06,University of Michigan – Surveys of Consumers,FRED series MICH
1478,Yijie,,OECD CCI – Amplitude Adjusted,99.16701,Normalised (avg=100),1992-06,OECD via FRED – CSCICP03USM665S,Above 100 = optimism; below 100 = pessimism
1479,Yijie,https://fred.stlouisfed.org/series/USACSCICP02STSAM,OECD CCI – Standardised,86.50587,Normalised (avg=100),1992-06,OECD via FRED,FRED series USACSCICP02STSAM
1480,Yijie,https://fred.stlouisfed.org/series/EXPINF10YR,Cleveland Fed – 10yr Inflation Expectations,3.4468602,Percent (%),1992-07,Federal Reserve Bank of Cleveland via FRED,FRED series EXPINF10YR
1481,Yijie,https://fred.stlouisfed.org/series/EXPINF1YR,Cleveland Fed – 1yr Inflation Expectations,3.2800719,Percent (%),1992-07,Federal Reserve Bank of Cleveland via FRED,FRED series EXPINF1YR
1482,Yijie,,Michigan ICS – Overall,76.6,Index Points,1992-07,Univ. of Michigan – Surveys of Consumers,
1483,Yijie,https://fred.stlouisfed.org/series/MICH,Michigan – 1yr Inflation Expectations,2.7,Percent (%),1992-07,University of Michigan – Surveys of Consumers,FRED series MICH
1484,Yijie,,OECD CCI – Amplitude Adjusted,98.99251,Normalised (avg=100),1992-07,OECD via FRED – CSCICP03USM665S,Above 100 = optimism; below 100 = pessimism
1485,Yijie,https://fred.stlouisfed.org/series/USACSCICP02STSAM,OECD CCI – Standardised,82.41729,Normalised (avg=100),1992-07,OECD via FRED,FRED series USACSCICP02STSAM
1486,Yijie,https://fred.stlouisfed.org/series/EXPINF10YR,Cleveland Fed – 10yr Inflation Expectations,3.3154797,Percent (%),1992-08,Federal Reserve Bank of Cleveland via FRED,FRED series EXPINF10YR
1487,Yijie,https://fred.stlouisfed.org/series/EXPINF1YR,Cleveland Fed – 1yr Inflation Expectations,3.113691,Percent (%),1992-08,Federal Reserve Bank of Cleveland via FRED,FRED series EXPINF1YR
1488,Yijie,,Michigan ICS – Overall,76.1,Index Points,1992-08,Univ. of Michigan – Surveys of Consumers,
1489,Yijie,https://fred.stlouisfed.org/series/MICH,Michigan – 1yr Inflation Expectations,2.8,Percent (%),1992-08,University of Michigan – Surveys of Consumers,FRED series MICH
1490,Yijie,,OECD CCI – Amplitude Adjusted,98.84028,Normalised (avg=100),1992-08,OECD via FRED – CSCICP03USM665S,Above 100 = optimism; below 100 = pessimism
1491,Yijie,https://fred.stlouisfed.org/series/USACSCICP02STSAM,OECD CCI – Standardised,81.87932,Normalised (avg=100),1992-08,OECD via FRED,FRED series USACSCICP02STSAM
1492,Yijie,https://fred.stlouisfed.org/series/EXPINF10YR,Cleveland Fed – 10yr Inflation Expectations,3.2081161,Percent (%),1992-09,Federal Reserve Bank of Cleveland via FRED,FRED series EXPINF10YR
1493,Yijie,https://fred.stlouisfed.org/series/EXPINF1YR,Cleveland Fed – 1yr Inflation Expectations,3.0056291,Percent (%),1992-09,Federal Reserve Bank of Cleveland via FRED,FRED series EXPINF1YR
1494,Yijie,,Michigan ICS – Overall,75.6,Index Points,1992-09,Univ. of Michigan – Surveys of Consumers,
1495,Yijie,https://fred.stlouisfed.org/series/MICH,Michigan – 1yr Inflation Expectations,3.0,Percent (%),1992-09,University of Michigan – Surveys of Consumers,FRED series MICH
1496,Yijie,,OECD CCI – Amplitude Adjusted,98.8298,Normalised (avg=100),1992-09,OECD via FRED – CSCICP03USM665S,Above 100 = optimism; below 100 = pessimism
1497,Yijie,https://fred.stlouisfed.org/series/USACSCICP02STSAM,OECD CCI – Standardised,81.34135,Normalised (avg=100),1992-09,OECD via FRED,FRED series USACSCICP02STSAM
1498,Yijie,https://fred.stlouisfed.org/series/EXPINF10YR,Cleveland Fed – 10yr Inflation Expectations,3.0892278,Percent (%),1992-10,Federal Reserve Bank of Cleveland via FRED,FRED series EXPINF10YR
1499,Yijie,https://fred.stlouisfed.org/series/EXPINF1YR,Cleveland Fed – 1yr Inflation Expectations,2.9535204,Percent (%),1992-10,Federal Reserve Bank of Cleveland via FRED,FRED series EXPINF1YR
1500,Yijie,,Michigan ICS – Overall,73.3,Index Points,1992-10,Univ. of Michigan – Surveys of Consumers,
1501,Yijie,https://fred.stlouisfed.org/series/MICH,Michigan – 1yr Inflation Expectations,2.8,Percent (%),1992-10,University of Michigan – Surveys of Consumers,FRED series MICH
1502,Yijie,,OECD CCI – Amplitude Adjusted,99.09079,Normalised (avg=100),1992-10,OECD via FRED – CSCICP03USM665S,Above 100 = optimism; below 100 = pessimism
1503,Yijie,https://fred.stlouisfed.org/series/USACSCICP02STSAM,OECD CCI – Standardised,78.86668,Normalised (avg=100),1992-10,OECD via FRED,FRED series USACSCICP02STSAM
1504,Yijie,,Yale – Institutional 1yr Stock Confidence,69.61,%,1992-10,Yale ICF – Stock Market Confidence Indices,% of institutional investors expecting market higher in 1yr
1505,Yijie,https://fred.stlouisfed.org/series/EXPINF10YR,Cleveland Fed – 10yr Inflation Expectations,3.3433578,Percent (%),1992-11,Federal Reserve Bank of Cleveland via FRED,FRED series EXPINF10YR
1506,Yijie,https://fred.stlouisfed.org/series/EXPINF1YR,Cleveland Fed – 1yr Inflation Expectations,3.0830561,Percent (%),1992-11,Federal Reserve Bank of Cleveland via FRED,FRED series EXPINF1YR
1507,Yijie,,Michigan ICS – Overall,85.3,Index Points,1992-11,Univ. of Michigan – Surveys of Consumers,
1508,Yijie,https://fred.stlouisfed.org/series/MICH,Michigan – 1yr Inflation Expectations,2.9,Percent (%),1992-11,University of Michigan – Surveys of Consumers,FRED series MICH
1509,Yijie,,OECD CCI – Amplitude Adjusted,99.7146,Normalised (avg=100),1992-11,OECD via FRED – CSCICP03USM665S,Above 100 = optimism; below 100 = pessimism
1510,Yijie,https://fred.stlouisfed.org/series/USACSCICP02STSAM,OECD CCI – Standardised,91.778,Normalised (avg=100),1992-11,OECD via FRED,FRED series USACSCICP02STSAM
1511,Yijie,https://fred.stlouisfed.org/series/EXPINF10YR,Cleveland Fed – 10yr Inflation Expectations,3.4364061,Percent (%),1992-12,Federal Reserve Bank of Cleveland via FRED,FRED series EXPINF10YR
1512,Yijie,https://fred.stlouisfed.org/series/EXPINF1YR,Cleveland Fed – 1yr Inflation Expectations,3.0122331,Percent (%),1992-12,Federal Reserve Bank of Cleveland via FRED,FRED series EXPINF1YR
1513,Yijie,,Michigan ICS – Overall,91.0,Index Points,1992-12,Univ. of Michigan – Surveys of Consumers,
1514,Yijie,https://fred.stlouisfed.org/series/MICH,Michigan – 1yr Inflation Expectations,2.8,Percent (%),1992-12,University of Michigan – Surveys of Consumers,FRED series MICH
1515,Yijie,,OECD CCI – Amplitude Adjusted,100.2222,Normalised (avg=100),1992-12,OECD via FRED – CSCICP03USM665S,Above 100 = optimism; below 100 = pessimism
1516,Yijie,https://fred.stlouisfed.org/series/USACSCICP02STSAM,OECD CCI – Standardised,97.91087,Normalised (avg=100),1992-12,OECD via FRED,FRED series USACSCICP02STSAM
1517,Yijie,https://fred.stlouisfed.org/series/EXPINF10YR,Cleveland Fed – 10yr Inflation Expectations,3.3294652,Percent (%),1993-01,Federal Reserve Bank of Cleveland via FRED,FRED series EXPINF10YR
1518,Yijie,https://fred.stlouisfed.org/series/EXPINF1YR,Cleveland Fed – 1yr Inflation Expectations,3.0462732,Percent (%),1993-01,Federal Reserve Bank of Cleveland via FRED,FRED series EXPINF1YR
1519,Yijie,,Michigan ICS – Overall,89.3,Index Points,1993-01,Univ. of Michigan – Surveys of Consumers,
1520,Yijie,https://fred.stlouisfed.org/series/MICH,Michigan – 1yr Inflation Expectations,2.9,Percent (%),1993-01,University of Michigan – Surveys of Consumers,FRED series MICH
1521,Yijie,,OECD CCI – Amplitude Adjusted,100.3551,Normalised (avg=100),1993-01,OECD via FRED – CSCICP03USM665S,Above 100 = optimism; below 100 = pessimism
1522,Yijie,https://fred.stlouisfed.org/series/USACSCICP02STSAM,OECD CCI – Standardised,96.08177,Normalised (avg=100),1993-01,OECD via FRED,FRED series USACSCICP02STSAM
1523,Yijie,https://fred.stlouisfed.org/series/EXPINF10YR,Cleveland Fed – 10yr Inflation Expectations,3.1872819,Percent (%),1993-02,Federal Reserve Bank of Cleveland via FRED,FRED series EXPINF10YR
1524,Yijie,https://fred.stlouisfed.org/series/EXPINF1YR,Cleveland Fed – 1yr Inflation Expectations,2.9146659,Percent (%),1993-02,Federal Reserve Bank of Cleveland via FRED,FRED series EXPINF1YR
1525,Yijie,,Michigan ICS – Overall,86.6,Index Points,1993-02,Univ. of Michigan – Surveys of Consumers,
1526,Yijie,https://fred.stlouisfed.org/series/MICH,Michigan – 1yr Inflation Expectations,3.2,Percent (%),1993-02,University of Michigan – Surveys of Consumers,FRED series MICH
1527,Yijie,,OECD CCI – Amplitude Adjusted,100.2392,Normalised (avg=100),1993-02,OECD via FRED – CSCICP03USM665S,Above 100 = optimism; below 100 = pessimism
1528,Yijie,https://fred.stlouisfed.org/series/USACSCICP02STSAM,OECD CCI – Standardised,93.17673,Normalised (avg=100),1993-02,OECD via FRED,FRED series USACSCICP02STSAM
1529,Yijie,https://fred.stlouisfed.org/series/EXPINF10YR,Cleveland Fed – 10yr Inflation Expectations,3.0120671,Percent (%),1993-03,Federal Reserve Bank of Cleveland via FRED,FRED series EXPINF10YR
1530,Yijie,https://fred.stlouisfed.org/series/EXPINF1YR,Cleveland Fed – 1yr Inflation Expectations,2.9762001,Percent (%),1993-03,Federal Reserve Bank of Cleveland via FRED,FRED series EXPINF1YR
1531,Yijie,,Michigan ICS – Overall,85.9,Index Points,1993-03,Univ. of Michigan – Surveys of Consumers,
1532,Yijie,https://fred.stlouisfed.org/series/MICH,Michigan – 1yr Inflation Expectations,3.1,Percent (%),1993-03,University of Michigan – Surveys of Consumers,FRED series MICH
1533,Yijie,,OECD CCI – Amplitude Adjusted,100.0521,Normalised (avg=100),1993-03,OECD via FRED – CSCICP03USM665S,Above 100 = optimism; below 100 = pessimism
1534,Yijie,https://fred.stlouisfed.org/series/USACSCICP02STSAM,OECD CCI – Standardised,92.42356,Normalised (avg=100),1993-03,OECD via FRED,FRED series USACSCICP02STSAM
1535,Yijie,https://fred.stlouisfed.org/series/EXPINF10YR,Cleveland Fed – 10yr Inflation Expectations,3.0608057,Percent (%),1993-04,Federal Reserve Bank of Cleveland via FRED,FRED series EXPINF10YR
1536,Yijie,https://fred.stlouisfed.org/series/EXPINF1YR,Cleveland Fed – 1yr Inflation Expectations,2.9080126,Percent (%),1993-04,Federal Reserve Bank of Cleveland via FRED,FRED series EXPINF1YR
1537,Yijie,,Michigan ICS – Overall,85.6,Index Points,1993-04,Univ. of Michigan – Surveys of Consumers,
1538,Yijie,https://fred.stlouisfed.org/series/MICH,Michigan – 1yr Inflation Expectations,3.0,Percent (%),1993-04,University of Michigan – Surveys of Consumers,FRED series MICH
1539,Yijie,,OECD CCI – Amplitude Adjusted,99.82066,Normalised (avg=100),1993-04,OECD via FRED – CSCICP03USM665S,Above 100 = optimism; below 100 = pessimism
1540,Yijie,https://fred.stlouisfed.org/series/USACSCICP02STSAM,OECD CCI – Standardised,92.10078,Normalised (avg=100),1993-04,OECD via FRED,FRED series USACSCICP02STSAM
1541,Yijie,,Yale – Institutional 1yr Stock Confidence,56.9,%,1993-04,Yale ICF – Stock Market Confidence Indices,% of institutional investors expecting market higher in 1yr
1542,Yijie,https://fred.stlouisfed.org/series/EXPINF10YR,Cleveland Fed – 10yr Inflation Expectations,3.0064162,Percent (%),1993-05,Federal Reserve Bank of Cleveland via FRED,FRED series EXPINF10YR
1543,Yijie,https://fred.stlouisfed.org/series/EXPINF1YR,Cleveland Fed – 1yr Inflation Expectations,2.8227684,Percent (%),1993-05,Federal Reserve Bank of Cleveland via FRED,FRED series EXPINF1YR
1544,Yijie,,Michigan ICS – Overall,80.3,Index Points,1993-05,Univ. of Michigan – Surveys of Consumers,
1545,Yijie,https://fred.stlouisfed.org/series/MICH,Michigan – 1yr Inflation Expectations,2.9,Percent (%),1993-05,University of Michigan – Surveys of Consumers,FRED series MICH
1546,Yijie,,OECD CCI – Amplitude Adjusted,99.52497,Normalised (avg=100),1993-05,OECD via FRED – CSCICP03USM665S,Above 100 = optimism; below 100 = pessimism
1547,Yijie,https://fred.stlouisfed.org/series/USACSCICP02STSAM,OECD CCI – Standardised,86.39828,Normalised (avg=100),1993-05,OECD via FRED,FRED series USACSCICP02STSAM
1548,Yijie,https://fred.stlouisfed.org/series/EXPINF10YR,Cleveland Fed – 10yr Inflation Expectations,2.9998339,Percent (%),1993-06,Federal Reserve Bank of Cleveland via FRED,FRED series EXPINF10YR
1549,Yijie,https://fred.stlouisfed.org/series/EXPINF1YR,Cleveland Fed – 1yr Inflation Expectations,2.8107258,Percent (%),1993-06,Federal Reserve Bank of Cleveland via FRED,FRED series EXPINF1YR
1550,Yijie,,Michigan ICS – Overall,81.5,Index Points,1993-06,Univ. of Michigan – Surveys of Consumers,
1551,Yijie,https://fred.stlouisfed.org/series/MICH,Michigan – 1yr Inflation Expectations,3.5,Percent (%),1993-06,University of Michigan – Surveys of Consumers,FRED series MICH
1552,Yijie,,OECD CCI – Amplitude Adjusted,99.29503,Normalised (avg=100),1993-06,OECD via FRED – CSCICP03USM665S,Above 100 = optimism; below 100 = pessimism
1553,Yijie,https://fred.stlouisfed.org/series/USACSCICP02STSAM,OECD CCI – Standardised,87.68941,Normalised (avg=100),1993-06,OECD via FRED,FRED series USACSCICP02STSAM
1554,Yijie,https://fred.stlouisfed.org/series/EXPINF10YR,Cleveland Fed – 10yr Inflation Expectations,2.946292,Percent (%),1993-07,Federal Reserve Bank of Cleveland via FRED,FRED series EXPINF10YR
1555,Yijie,https://fred.stlouisfed.org/series/EXPINF1YR,Cleveland Fed – 1yr Inflation Expectations,2.8204755,Percent (%),1993-07,Federal Reserve Bank of Cleveland via FRED,FRED series EXPINF1YR
1556,Yijie,,Michigan ICS – Overall,77.0,Index Points,1993-07,Univ. of Michigan – Surveys of Consumers,
1557,Yijie,https://fred.stlouisfed.org/series/MICH,Michigan – 1yr Inflation Expectations,3.0,Percent (%),1993-07,University of Michigan – Surveys of Consumers,FRED series MICH
1558,Yijie,,OECD CCI – Amplitude Adjusted,99.08138,Normalised (avg=100),1993-07,OECD via FRED – CSCICP03USM665S,Above 100 = optimism; below 100 = pessimism
1559,Yijie,https://fred.stlouisfed.org/series/USACSCICP02STSAM,OECD CCI – Standardised,82.84766,Normalised (avg=100),1993-07,OECD via FRED,FRED series USACSCICP02STSAM
1560,Yijie,https://fred.stlouisfed.org/series/EXPINF10YR,Cleveland Fed – 10yr Inflation Expectations,2.9933546,Percent (%),1993-08,Federal Reserve Bank of Cleveland via FRED,FRED series EXPINF10YR
1561,Yijie,https://fred.stlouisfed.org/series/EXPINF1YR,Cleveland Fed – 1yr Inflation Expectations,2.8309168,Percent (%),1993-08,Federal Reserve Bank of Cleveland via FRED,FRED series EXPINF1YR
1562,Yijie,,Michigan ICS – Overall,77.3,Index Points,1993-08,Univ. of Michigan – Surveys of Consumers,
1563,Yijie,https://fred.stlouisfed.org/series/MICH,Michigan – 1yr Inflation Expectations,3.2,Percent (%),1993-08,University of Michigan – Surveys of Consumers,FRED series MICH
1564,Yijie,,OECD CCI – Amplitude Adjusted,99.02661,Normalised (avg=100),1993-08,OECD via FRED – CSCICP03USM665S,Above 100 = optimism; below 100 = pessimism
1565,Yijie,https://fred.stlouisfed.org/series/USACSCICP02STSAM,OECD CCI – Standardised,83.17045,Normalised (avg=100),1993-08,OECD via FRED,FRED series USACSCICP02STSAM
1566,Yijie,https://fred.stlouisfed.org/series/EXPINF10YR,Cleveland Fed – 10yr Inflation Expectations,2.8470506,Percent (%),1993-09,Federal Reserve Bank of Cleveland via FRED,FRED series EXPINF10YR
1567,Yijie,https://fred.stlouisfed.org/series/EXPINF1YR,Cleveland Fed – 1yr Inflation Expectations,2.6860327,Percent (%),1993-09,Federal Reserve Bank of Cleveland via FRED,FRED series EXPINF1YR
1568,Yijie,,Michigan ICS – Overall,77.9,Index Points,1993-09,Univ. of Michigan – Surveys of Consumers,
1569,Yijie,https://fred.stlouisfed.org/series/MICH,Michigan – 1yr Inflation Expectations,3.0,Percent (%),1993-09,University of Michigan – Surveys of Consumers,FRED series MICH
1570,Yijie,,OECD CCI – Amplitude Adjusted,99.14845,Normalised (avg=100),1993-09,OECD via FRED – CSCICP03USM665S,Above 100 = optimism; below 100 = pessimism
1571,Yijie,https://fred.stlouisfed.org/series/USACSCICP02STSAM,OECD CCI – Standardised,83.81602,Normalised (avg=100),1993-09,OECD via FRED,FRED series USACSCICP02STSAM
1572,Yijie,https://fred.stlouisfed.org/series/EXPINF10YR,Cleveland Fed – 10yr Inflation Expectations,2.8473516,Percent (%),1993-10,Federal Reserve Bank of Cleveland via FRED,FRED series EXPINF10YR
1573,Yijie,https://fred.stlouisfed.org/series/EXPINF1YR,Cleveland Fed – 1yr Inflation Expectations,2.7698057,Percent (%),1993-10,Federal Reserve Bank of Cleveland via FRED,FRED series EXPINF1YR
1574,Yijie,,Michigan ICS – Overall,82.7,Index Points,1993-10,Univ. of Michigan – Surveys of Consumers,
1575,Yijie,https://fred.stlouisfed.org/series/MICH,Michigan – 1yr Inflation Expectations,3.3,Percent (%),1993-10,University of Michigan – Surveys of Consumers,FRED series MICH
1576,Yijie,,OECD CCI – Amplitude Adjusted,99.42997,Normalised (avg=100),1993-10,OECD via FRED – CSCICP03USM665S,Above 100 = optimism; below 100 = pessimism
1577,Yijie,https://fred.stlouisfed.org/series/USACSCICP02STSAM,OECD CCI – Standardised,88.98055,Normalised (avg=100),1993-10,OECD via FRED,FRED series USACSCICP02STSAM
1578,Yijie,,Yale – Institutional 1yr Stock Confidence,57.69,%,1993-10,Yale ICF – Stock Market Confidence Indices,% of institutional investors expecting market higher in 1yr
1579,Yijie,https://fred.stlouisfed.org/series/EXPINF10YR,Cleveland Fed – 10yr Inflation Expectations,2.9136774,Percent (%),1993-11,Federal Reserve Bank of Cleveland via FRED,FRED series EXPINF10YR
1580,Yijie,https://fred.stlouisfed.org/series/EXPINF1YR,Cleveland Fed – 1yr Inflation Expectations,2.8056918,Percent (%),1993-11,Federal Reserve Bank of Cleveland via FRED,FRED series EXPINF1YR
1581,Yijie,,Michigan ICS – Overall,81.2,Index Points,1993-11,Univ. of Michigan – Surveys of Consumers,
1582,Yijie,https://fred.stlouisfed.org/series/MICH,Michigan – 1yr Inflation Expectations,2.8,Percent (%),1993-11,University of Michigan – Surveys of Consumers,FRED series MICH
1583,Yijie,,OECD CCI – Amplitude Adjusted,99.76839,Normalised (avg=100),1993-11,OECD via FRED – CSCICP03USM665S,Above 100 = optimism; below 100 = pessimism
1584,Yijie,https://fred.stlouisfed.org/series/USACSCICP02STSAM,OECD CCI – Standardised,87.36663,Normalised (avg=100),1993-11,OECD via FRED,FRED series USACSCICP02STSAM
1585,Yijie,https://fred.stlouisfed.org/series/EXPINF10YR,Cleveland Fed – 10yr Inflation Expectations,2.9813298,Percent (%),1993-12,Federal Reserve Bank of Cleveland via FRED,FRED series EXPINF10YR
1586,Yijie,https://fred.stlouisfed.org/series/EXPINF1YR,Cleveland Fed – 1yr Inflation Expectations,2.6618748,Percent (%),1993-12,Federal Reserve Bank of Cleveland via FRED,FRED series EXPINF1YR
1587,Yijie,,Michigan ICS – Overall,88.2,Index Points,1993-12,Univ. of Michigan – Surveys of Consumers,
1588,Yijie,https://fred.stlouisfed.org/series/MICH,Michigan – 1yr Inflation Expectations,3.0,Percent (%),1993-12,University of Michigan – Surveys of Consumers,FRED series MICH
1589,Yijie,,OECD CCI – Amplitude Adjusted,100.2595,Normalised (avg=100),1993-12,OECD via FRED – CSCICP03USM665S,Above 100 = optimism; below 100 = pessimism
1590,Yijie,https://fred.stlouisfed.org/series/USACSCICP02STSAM,OECD CCI – Standardised,94.89823,Normalised (avg=100),1993-12,OECD via FRED,FRED series USACSCICP02STSAM
1591,Yijie,https://fred.stlouisfed.org/series/EXPINF10YR,Cleveland Fed – 10yr Inflation Expectations,3.0223498,Percent (%),1994-01,Federal Reserve Bank of Cleveland via FRED,FRED series EXPINF10YR
1592,Yijie,https://fred.stlouisfed.org/series/EXPINF1YR,Cleveland Fed – 1yr Inflation Expectations,2.8546535,Percent (%),1994-01,Federal Reserve Bank of Cleveland via FRED,FRED series EXPINF1YR
1593,Yijie,,Michigan ICS – Overall,94.3,Index Points,1994-01,Univ. of Michigan – Surveys of Consumers,
1594,Yijie,https://fred.stlouisfed.org/series/MICH,Michigan – 1yr Inflation Expectations,2.8,Percent (%),1994-01,University of Michigan – Surveys of Consumers,FRED series MICH
1595,Yijie,,OECD CCI – Amplitude Adjusted,100.6824,Normalised (avg=100),1994-01,OECD via FRED – CSCICP03USM665S,Above 100 = optimism; below 100 = pessimism
1596,Yijie,https://fred.stlouisfed.org/series/USACSCICP02STSAM,OECD CCI – Standardised,101.4615,Normalised (avg=100),1994-01,OECD via FRED,FRED series USACSCICP02STSAM
1597,Yijie,https://fred.stlouisfed.org/series/EXPINF10YR,Cleveland Fed – 10yr Inflation Expectations,2.9679993,Percent (%),1994-02,Federal Reserve Bank of Cleveland via FRED,FRED series EXPINF10YR
1598,Yijie,https://fred.stlouisfed.org/series/EXPINF1YR,Cleveland Fed – 1yr Inflation Expectations,2.8042649,Percent (%),1994-02,Federal Reserve Bank of Cleveland via FRED,FRED series EXPINF1YR
1599,Yijie,,Michigan ICS – Overall,93.2,Index Points,1994-02,Univ. of Michigan – Surveys of Consumers,
1600,Yijie,https://fred.stlouisfed.org/series/MICH,Michigan – 1yr Inflation Expectations,2.8,Percent (%),1994-02,University of Michigan – Surveys of Consumers,FRED series MICH
1601,Yijie,,OECD CCI – Amplitude Adjusted,100.8334,Normalised (avg=100),1994-02,OECD via FRED – CSCICP03USM665S,Above 100 = optimism; below 100 = pessimism
1602,Yijie,https://fred.stlouisfed.org/series/USACSCICP02STSAM,OECD CCI – Standardised,100.278,Normalised (avg=100),1994-02,OECD via FRED,FRED series USACSCICP02STSAM
1603,Yijie,https://fred.stlouisfed.org/series/EXPINF10YR,Cleveland Fed – 10yr Inflation Expectations,3.2001088,Percent (%),1994-03,Federal Reserve Bank of Cleveland via FRED,FRED series EXPINF10YR
1604,Yijie,https://fred.stlouisfed.org/series/EXPINF1YR,Cleveland Fed – 1yr Inflation Expectations,3.2724485,Percent (%),1994-03,Federal Reserve Bank of Cleveland via FRED,FRED series EXPINF1YR
1605,Yijie,,Michigan ICS – Overall,91.5,Index Points,1994-03,Univ. of Michigan – Surveys of Consumers,
1606,Yijie,https://fred.stlouisfed.org/series/MICH,Michigan – 1yr Inflation Expectations,3.0,Percent (%),1994-03,University of Michigan – Surveys of Consumers,FRED series MICH
1607,Yijie,,OECD CCI – Amplitude Adjusted,100.8226,Normalised (avg=100),1994-03,OECD via FRED – CSCICP03USM665S,Above 100 = optimism; below 100 = pessimism
1608,Yijie,https://fred.stlouisfed.org/series/USACSCICP02STSAM,OECD CCI – Standardised,98.44884,Normalised (avg=100),1994-03,OECD via FRED,FRED series USACSCICP02STSAM
1609,Yijie,https://fred.stlouisfed.org/series/EXPINF10YR,Cleveland Fed – 10yr Inflation Expectations,3.4756939,Percent (%),1994-04,Federal Reserve Bank of Cleveland via FRED,FRED series EXPINF10YR
1610,Yijie,https://fred.stlouisfed.org/series/EXPINF1YR,Cleveland Fed – 1yr Inflation Expectations,3.2195329,Percent (%),1994-04,Federal Reserve Bank of Cleveland via FRED,FRED series EXPINF1YR
1611,Yijie,,Michigan ICS – Overall,92.6,Index Points,1994-04,Univ. of Michigan – Surveys of Consumers,
1612,Yijie,https://fred.stlouisfed.org/series/MICH,Michigan – 1yr Inflation Expectations,3.0,Percent (%),1994-04,University of Michigan – Surveys of Consumers,FRED series MICH
1613,Yijie,,OECD CCI – Amplitude Adjusted,100.7928,Normalised (avg=100),1994-04,OECD via FRED – CSCICP03USM665S,Above 100 = optimism; below 100 = pessimism
1614,Yijie,https://fred.stlouisfed.org/series/USACSCICP02STSAM,OECD CCI – Standardised,99.63239,Normalised (avg=100),1994-04,OECD via FRED,FRED series USACSCICP02STSAM
1615,Yijie,,Yale – Institutional 1yr Stock Confidence,65.05,%,1994-04,Yale ICF – Stock Market Confidence Indices,% of institutional investors expecting market higher in 1yr
1616,Yijie,https://fred.stlouisfed.org/series/EXPINF10YR,Cleveland Fed – 10yr Inflation Expectations,3.4511028,Percent (%),1994-05,Federal Reserve Bank of Cleveland via FRED,FRED series EXPINF10YR
1617,Yijie,https://fred.stlouisfed.org/series/EXPINF1YR,Cleveland Fed – 1yr Inflation Expectations,3.2434833,Percent (%),1994-05,Federal Reserve Bank of Cleveland via FRED,FRED series EXPINF1YR
1618,Yijie,,Michigan ICS – Overall,92.8,Index Points,1994-05,Univ. of Michigan – Surveys of Consumers,
1619,Yijie,https://fred.stlouisfed.org/series/MICH,Michigan – 1yr Inflation Expectations,3.1,Percent (%),1994-05,University of Michigan – Surveys of Consumers,FRED series MICH
1620,Yijie,,OECD CCI – Amplitude Adjusted,100.7301,Normalised (avg=100),1994-05,OECD via FRED – CSCICP03USM665S,Above 100 = optimism; below 100 = pessimism
1621,Yijie,https://fred.stlouisfed.org/series/USACSCICP02STSAM,OECD CCI – Standardised,99.84757,Normalised (avg=100),1994-05,OECD via FRED,FRED series USACSCICP02STSAM
1622,Yijie,https://fred.stlouisfed.org/series/EXPINF10YR,Cleveland Fed – 10yr Inflation Expectations,3.4930951,Percent (%),1994-06,Federal Reserve Bank of Cleveland via FRED,FRED series EXPINF10YR
1623,Yijie,https://fred.stlouisfed.org/series/EXPINF1YR,Cleveland Fed – 1yr Inflation Expectations,3.4229273,Percent (%),1994-06,Federal Reserve Bank of Cleveland via FRED,FRED series EXPINF1YR
1624,Yijie,,Michigan ICS – Overall,91.2,Index Points,1994-06,Univ. of Michigan – Surveys of Consumers,
1625,Yijie,https://fred.stlouisfed.org/series/MICH,Michigan – 1yr Inflation Expectations,2.7,Percent (%),1994-06,University of Michigan – Surveys of Consumers,FRED series MICH
1626,Yijie,,OECD CCI – Amplitude Adjusted,100.6233,Normalised (avg=100),1994-06,OECD via FRED – CSCICP03USM665S,Above 100 = optimism; below 100 = pessimism
1627,Yijie,https://fred.stlouisfed.org/series/USACSCICP02STSAM,OECD CCI – Standardised,98.12607,Normalised (avg=100),1994-06,OECD via FRED,FRED series USACSCICP02STSAM
1628,Yijie,https://fred.stlouisfed.org/series/EXPINF10YR,Cleveland Fed – 10yr Inflation Expectations,3.6032277,Percent (%),1994-07,Federal Reserve Bank of Cleveland via FRED,FRED series EXPINF10YR
1629,Yijie,https://fred.stlouisfed.org/series/EXPINF1YR,Cleveland Fed – 1yr Inflation Expectations,3.2848815,Percent (%),1994-07,Federal Reserve Bank of Cleveland via FRED,FRED series EXPINF1YR
1630,Yijie,,Michigan ICS – Overall,89.0,Index Points,1994-07,Univ. of Michigan – Surveys of Consumers,
1631,Yijie,https://fred.stlouisfed.org/series/MICH,Michigan – 1yr Inflation Expectations,2.9,Percent (%),1994-07,University of Michigan – Surveys of Consumers,FRED series MICH
1632,Yijie,,OECD CCI – Amplitude Adjusted,100.5505,Normalised (avg=100),1994-07,OECD via FRED – CSCICP03USM665S,Above 100 = optimism; below 100 = pessimism
1633,Yijie,https://fred.stlouisfed.org/series/USACSCICP02STSAM,OECD CCI – Standardised,95.75899,Normalised (avg=100),1994-07,OECD via FRED,FRED series USACSCICP02STSAM
1634,Yijie,https://fred.stlouisfed.org/series/EXPINF10YR,Cleveland Fed – 10yr Inflation Expectations,3.4472497,Percent (%),1994-08,Federal Reserve Bank of Cleveland via FRED,FRED series EXPINF10YR
1635,Yijie,https://fred.stlouisfed.org/series/EXPINF1YR,Cleveland Fed – 1yr Inflation Expectations,3.2882372,Percent (%),1994-08,Federal Reserve Bank of Cleveland via FRED,FRED series EXPINF1YR
1636,Yijie,,Michigan ICS – Overall,91.7,Index Points,1994-08,Univ. of Michigan – Surveys of Consumers,
1637,Yijie,https://fred.stlouisfed.org/series/MICH,Michigan – 1yr Inflation Expectations,3.1,Percent (%),1994-08,University of Michigan – Surveys of Consumers,FRED series MICH
1638,Yijie,,OECD CCI – Amplitude Adjusted,100.5967,Normalised (avg=100),1994-08,OECD via FRED – CSCICP03USM665S,Above 100 = optimism; below 100 = pessimism
1639,Yijie,https://fred.stlouisfed.org/series/USACSCICP02STSAM,OECD CCI – Standardised,98.66404,Normalised (avg=100),1994-08,OECD via FRED,FRED series USACSCICP02STSAM
1640,Yijie,https://fred.stlouisfed.org/series/EXPINF10YR,Cleveland Fed – 10yr Inflation Expectations,3.4803927,Percent (%),1994-09,Federal Reserve Bank of Cleveland via FRED,FRED series EXPINF10YR
1641,Yijie,https://fred.stlouisfed.org/series/EXPINF1YR,Cleveland Fed – 1yr Inflation Expectations,3.251555,Percent (%),1994-09,Federal Reserve Bank of Cleveland via FRED,FRED series EXPINF1YR
1642,Yijie,,Michigan ICS – Overall,91.5,Index Points,1994-09,Univ. of Michigan – Surveys of Consumers,
1643,Yijie,https://fred.stlouisfed.org/series/MICH,Michigan – 1yr Inflation Expectations,3.4,Percent (%),1994-09,University of Michigan – Surveys of Consumers,FRED series MICH
1644,Yijie,,OECD CCI – Amplitude Adjusted,100.6677,Normalised (avg=100),1994-09,OECD via FRED – CSCICP03USM665S,Above 100 = optimism; below 100 = pessimism
1645,Yijie,https://fred.stlouisfed.org/series/USACSCICP02STSAM,OECD CCI – Standardised,98.44884,Normalised (avg=100),1994-09,OECD via FRED,FRED series USACSCICP02STSAM
1646,Yijie,https://fred.stlouisfed.org/series/EXPINF10YR,Cleveland Fed – 10yr Inflation Expectations,3.669374,Percent (%),1994-10,Federal Reserve Bank of Cleveland via FRED,FRED series EXPINF10YR
1647,Yijie,https://fred.stlouisfed.org/series/EXPINF1YR,Cleveland Fed – 1yr Inflation Expectations,3.4983836,Percent (%),1994-10,Federal Reserve Bank of Cleveland via FRED,FRED series EXPINF1YR
1648,Yijie,,Michigan ICS – Overall,92.7,Index Points,1994-10,Univ. of Michigan – Surveys of Consumers,
1649,Yijie,https://fred.stlouisfed.org/series/MICH,Michigan – 1yr Inflation Expectations,3.0,Percent (%),1994-10,University of Michigan – Surveys of Consumers,FRED series MICH
1650,Yijie,,OECD CCI – Amplitude Adjusted,100.7621,Normalised (avg=100),1994-10,OECD via FRED – CSCICP03USM665S,Above 100 = optimism; below 100 = pessimism
1651,Yijie,https://fred.stlouisfed.org/series/USACSCICP02STSAM,OECD CCI – Standardised,99.73998,Normalised (avg=100),1994-10,OECD via FRED,FRED series USACSCICP02STSAM
1652,Yijie,,Yale – Institutional 1yr Stock Confidence,67.16,%,1994-10,Yale ICF – Stock Market Confidence Indices,% of institutional investors expecting market higher in 1yr
1653,Yijie,https://fred.stlouisfed.org/series/EXPINF10YR,Cleveland Fed – 10yr Inflation Expectations,3.7800547,Percent (%),1994-11,Federal Reserve Bank of Cleveland via FRED,FRED series EXPINF10YR
1654,Yijie,https://fred.stlouisfed.org/series/EXPINF1YR,Cleveland Fed – 1yr Inflation Expectations,3.5738487,Percent (%),1994-11,Federal Reserve Bank of Cleveland via FRED,FRED series EXPINF1YR
1655,Yijie,,Michigan ICS – Overall,91.6,Index Points,1994-11,Univ. of Michigan – Surveys of Consumers,
1656,Yijie,https://fred.stlouisfed.org/series/MICH,Michigan – 1yr Inflation Expectations,3.2,Percent (%),1994-11,University of Michigan – Surveys of Consumers,FRED series MICH
1657,Yijie,,OECD CCI – Amplitude Adjusted,100.877,Normalised (avg=100),1994-11,OECD via FRED – CSCICP03USM665S,Above 100 = optimism; below 100 = pessimism
1658,Yijie,https://fred.stlouisfed.org/series/USACSCICP02STSAM,OECD CCI – Standardised,98.55644,Normalised (avg=100),1994-11,OECD via FRED,FRED series USACSCICP02STSAM
1659,Yijie,https://fred.stlouisfed.org/series/EXPINF10YR,Cleveland Fed – 10yr Inflation Expectations,3.8150244,Percent (%),1994-12,Federal Reserve Bank of Cleveland via FRED,FRED series EXPINF10YR
1660,Yijie,https://fred.stlouisfed.org/series/EXPINF1YR,Cleveland Fed – 1yr Inflation Expectations,3.9072213,Percent (%),1994-12,Federal Reserve Bank of Cleveland via FRED,FRED series EXPINF1YR
1661,Yijie,,Michigan ICS – Overall,95.1,Index Points,1994-12,Univ. of Michigan – Surveys of Consumers,
1662,Yijie,https://fred.stlouisfed.org/series/MICH,Michigan – 1yr Inflation Expectations,3.0,Percent (%),1994-12,University of Michigan – Surveys of Consumers,FRED series MICH
1663,Yijie,,OECD CCI – Amplitude Adjusted,101.0542,Normalised (avg=100),1994-12,OECD via FRED – CSCICP03USM665S,Above 100 = optimism; below 100 = pessimism
1664,Yijie,https://fred.stlouisfed.org/series/USACSCICP02STSAM,OECD CCI – Standardised,102.3222,Normalised (avg=100),1994-12,OECD via FRED,FRED series USACSCICP02STSAM
1665,Yijie,https://fred.stlouisfed.org/series/EXPINF10YR,Cleveland Fed – 10yr Inflation Expectations,3.86664,Percent (%),1995-01,Federal Reserve Bank of Cleveland via FRED,FRED series EXPINF10YR
1666,Yijie,https://fred.stlouisfed.org/series/EXPINF1YR,Cleveland Fed – 1yr Inflation Expectations,3.7001702,Percent (%),1995-01,Federal Reserve Bank of Cleveland via FRED,FRED series EXPINF1YR
1667,Yijie,,Michigan ICS – Overall,97.6,Index Points,1995-01,Univ. of Michigan – Surveys of Consumers,
1668,Yijie,https://fred.stlouisfed.org/series/MICH,Michigan – 1yr Inflation Expectations,3.0,Percent (%),1995-01,University of Michigan – Surveys of Consumers,FRED series MICH
1669,Yijie,,OECD CCI – Amplitude Adjusted,101.1366,Normalised (avg=100),1995-01,OECD via FRED – CSCICP03USM665S,Above 100 = optimism; below 100 = pessimism
1670,Yijie,https://fred.stlouisfed.org/series/USACSCICP02STSAM,OECD CCI – Standardised,105.0121,Normalised (avg=100),1995-01,OECD via FRED,FRED series USACSCICP02STSAM
1671,Yijie,https://fred.stlouisfed.org/series/EXPINF10YR,Cleveland Fed – 10yr Inflation Expectations,3.7690674,Percent (%),1995-02,Federal Reserve Bank of Cleveland via FRED,FRED series EXPINF10YR
1672,Yijie,https://fred.stlouisfed.org/series/EXPINF1YR,Cleveland Fed – 1yr Inflation Expectations,3.5637152,Percent (%),1995-02,Federal Reserve Bank of Cleveland via FRED,FRED series EXPINF1YR
1673,Yijie,,Michigan ICS – Overall,95.1,Index Points,1995-02,Univ. of Michigan – Surveys of Consumers,
1674,Yijie,https://fred.stlouisfed.org/series/MICH,Michigan – 1yr Inflation Expectations,3.0,Percent (%),1995-02,University of Michigan – Surveys of Consumers,FRED series MICH
1675,Yijie,,OECD CCI – Amplitude Adjusted,101.0032,Normalised (avg=100),1995-02,OECD via FRED – CSCICP03USM665S,Above 100 = optimism; below 100 = pessimism
1676,Yijie,https://fred.stlouisfed.org/series/USACSCICP02STSAM,OECD CCI – Standardised,102.3222,Normalised (avg=100),1995-02,OECD via FRED,FRED series USACSCICP02STSAM
1677,Yijie,https://fred.stlouisfed.org/series/EXPINF10YR,Cleveland Fed – 10yr Inflation Expectations,3.5760654,Percent (%),1995-03,Federal Reserve Bank of Cleveland via FRED,FRED series EXPINF10YR
1678,Yijie,https://fred.stlouisfed.org/series/EXPINF1YR,Cleveland Fed – 1yr Inflation Expectations,3.474127,Percent (%),1995-03,Federal Reserve Bank of Cleveland via FRED,FRED series EXPINF1YR
1679,Yijie,,Michigan ICS – Overall,90.3,Index Points,1995-03,Univ. of Michigan – Surveys of Consumers,
1680,Yijie,https://fred.stlouisfed.org/series/MICH,Michigan – 1yr Inflation Expectations,3.2,Percent (%),1995-03,University of Michigan – Surveys of Consumers,FRED series MICH
1681,Yijie,,OECD CCI – Amplitude Adjusted,100.7811,Normalised (avg=100),1995-03,OECD via FRED – CSCICP03USM665S,Above 100 = optimism; below 100 = pessimism
1682,Yijie,https://fred.stlouisfed.org/series/USACSCICP02STSAM,OECD CCI – Standardised,97.15771,Normalised (avg=100),1995-03,OECD via FRED,FRED series USACSCICP02STSAM
1683,Yijie,https://fred.stlouisfed.org/series/EXPINF10YR,Cleveland Fed – 10yr Inflation Expectations,3.5231408,Percent (%),1995-04,Federal Reserve Bank of Cleveland via FRED,FRED series EXPINF10YR
1684,Yijie,https://fred.stlouisfed.org/series/EXPINF1YR,Cleveland Fed – 1yr Inflation Expectations,3.4644238,Percent (%),1995-04,Federal Reserve Bank of Cleveland via FRED,FRED series EXPINF1YR
1685,Yijie,,Michigan ICS – Overall,92.5,Index Points,1995-04,Univ. of Michigan – Surveys of Consumers,
1686,Yijie,https://fred.stlouisfed.org/series/MICH,Michigan – 1yr Inflation Expectations,3.3,Percent (%),1995-04,University of Michigan – Surveys of Consumers,FRED series MICH
1687,Yijie,,OECD CCI – Amplitude Adjusted,100.6848,Normalised (avg=100),1995-04,OECD via FRED – CSCICP03USM665S,Above 100 = optimism; below 100 = pessimism
1688,Yijie,https://fred.stlouisfed.org/series/USACSCICP02STSAM,OECD CCI – Standardised,99.52479,Normalised (avg=100),1995-04,OECD via FRED,FRED series USACSCICP02STSAM
1689,Yijie,,Yale – Institutional 1yr Stock Confidence,67.12,%,1995-04,Yale ICF – Stock Market Confidence Indices,% of institutional investors expecting market higher in 1yr
1690,Yijie,https://fred.stlouisfed.org/series/EXPINF10YR,Cleveland Fed – 10yr Inflation Expectations,3.3296496,Percent (%),1995-05,Federal Reserve Bank of Cleveland via FRED,FRED series EXPINF10YR
1691,Yijie,https://fred.stlouisfed.org/series/EXPINF1YR,Cleveland Fed – 1yr Inflation Expectations,3.4662409,Percent (%),1995-05,Federal Reserve Bank of Cleveland via FRED,FRED series EXPINF1YR
1692,Yijie,,Michigan ICS – Overall,89.8,Index Points,1995-05,Univ. of Michigan – Surveys of Consumers,
1693,Yijie,https://fred.stlouisfed.org/series/MICH,Michigan – 1yr Inflation Expectations,3.0,Percent (%),1995-05,University of Michigan – Surveys of Consumers,FRED series MICH
1694,Yijie,,OECD CCI – Amplitude Adjusted,100.6721,Normalised (avg=100),1995-05,OECD via FRED – CSCICP03USM665S,Above 100 = optimism; below 100 = pessimism
1695,Yijie,https://fred.stlouisfed.org/series/USACSCICP02STSAM,OECD CCI – Standardised,96.61974,Normalised (avg=100),1995-05,OECD via FRED,FRED series USACSCICP02STSAM
1696,Yijie,https://fred.stlouisfed.org/series/EXPINF10YR,Cleveland Fed – 10yr Inflation Expectations,3.015143,Percent (%),1995-06,Federal Reserve Bank of Cleveland via FRED,FRED series EXPINF10YR
1697,Yijie,https://fred.stlouisfed.org/series/EXPINF1YR,Cleveland Fed – 1yr Inflation Expectations,3.0571159,Percent (%),1995-06,Federal Reserve Bank of Cleveland via FRED,FRED series EXPINF1YR
1698,Yijie,,Michigan ICS – Overall,92.7,Index Points,1995-06,Univ. of Michigan – Surveys of Consumers,
1699,Yijie,https://fred.stlouisfed.org/series/MICH,Michigan – 1yr Inflation Expectations,2.9,Percent (%),1995-06,University of Michigan – Surveys of Consumers,FRED series MICH
1700,Yijie,,OECD CCI – Amplitude Adjusted,100.7997,Normalised (avg=100),1995-06,OECD via FRED – CSCICP03USM665S,Above 100 = optimism; below 100 = pessimism
1701,Yijie,https://fred.stlouisfed.org/series/USACSCICP02STSAM,OECD CCI – Standardised,99.73998,Normalised (avg=100),1995-06,OECD via FRED,FRED series USACSCICP02STSAM
1702,Yijie,https://fred.stlouisfed.org/series/EXPINF10YR,Cleveland Fed – 10yr Inflation Expectations,3.0816679,Percent (%),1995-07,Federal Reserve Bank of Cleveland via FRED,FRED series EXPINF10YR
1703,Yijie,https://fred.stlouisfed.org/series/EXPINF1YR,Cleveland Fed – 1yr Inflation Expectations,3.2567759,Percent (%),1995-07,Federal Reserve Bank of Cleveland via FRED,FRED series EXPINF1YR
1704,Yijie,,Michigan ICS – Overall,94.4,Index Points,1995-07,Univ. of Michigan – Surveys of Consumers,
1705,Yijie,https://fred.stlouisfed.org/series/MICH,Michigan – 1yr Inflation Expectations,2.9,Percent (%),1995-07,University of Michigan – Surveys of Consumers,FRED series MICH
1706,Yijie,,OECD CCI – Amplitude Adjusted,100.9175,Normalised (avg=100),1995-07,OECD via FRED – CSCICP03USM665S,Above 100 = optimism; below 100 = pessimism
1707,Yijie,https://fred.stlouisfed.org/series/USACSCICP02STSAM,OECD CCI – Standardised,101.5691,Normalised (avg=100),1995-07,OECD via FRED,FRED series USACSCICP02STSAM
1708,Yijie,https://fred.stlouisfed.org/series/EXPINF10YR,Cleveland Fed – 10yr Inflation Expectations,3.1708179,Percent (%),1995-08,Federal Reserve Bank of Cleveland via FRED,FRED series EXPINF10YR
1709,Yijie,https://fred.stlouisfed.org/series/EXPINF1YR,Cleveland Fed – 1yr Inflation Expectations,3.2675624,Percent (%),1995-08,Federal Reserve Bank of Cleveland via FRED,FRED series EXPINF1YR
1710,Yijie,,Michigan ICS – Overall,96.2,Index Points,1995-08,Univ. of Michigan – Surveys of Consumers,
1711,Yijie,https://fred.stlouisfed.org/series/MICH,Michigan – 1yr Inflation Expectations,2.9,Percent (%),1995-08,University of Michigan – Surveys of Consumers,FRED series MICH
1712,Yijie,,OECD CCI – Amplitude Adjusted,100.8834,Normalised (avg=100),1995-08,OECD via FRED – CSCICP03USM665S,Above 100 = optimism; below 100 = pessimism
1713,Yijie,https://fred.stlouisfed.org/series/USACSCICP02STSAM,OECD CCI – Standardised,103.5058,Normalised (avg=100),1995-08,OECD via FRED,FRED series USACSCICP02STSAM
1714,Yijie,https://fred.stlouisfed.org/series/EXPINF10YR,Cleveland Fed – 10yr Inflation Expectations,3.1177132,Percent (%),1995-09,Federal Reserve Bank of Cleveland via FRED,FRED series EXPINF10YR
1715,Yijie,https://fred.stlouisfed.org/series/EXPINF1YR,Cleveland Fed – 1yr Inflation Expectations,3.2099157,Percent (%),1995-09,Federal Reserve Bank of Cleveland via FRED,FRED series EXPINF1YR
1716,Yijie,,Michigan ICS – Overall,88.9,Index Points,1995-09,Univ. of Michigan – Surveys of Consumers,
1717,Yijie,https://fred.stlouisfed.org/series/MICH,Michigan – 1yr Inflation Expectations,2.8,Percent (%),1995-09,University of Michigan – Surveys of Consumers,FRED series MICH
1718,Yijie,,OECD CCI – Amplitude Adjusted,100.6454,Normalised (avg=100),1995-09,OECD via FRED – CSCICP03USM665S,Above 100 = optimism; below 100 = pessimism
1719,Yijie,https://fred.stlouisfed.org/series/USACSCICP02STSAM,OECD CCI – Standardised,95.6514,Normalised (avg=100),1995-09,OECD via FRED,FRED series USACSCICP02STSAM
1720,Yijie,https://fred.stlouisfed.org/series/EXPINF10YR,Cleveland Fed – 10yr Inflation Expectations,3.0711001,Percent (%),1995-10,Federal Reserve Bank of Cleveland via FRED,FRED series EXPINF10YR
1721,Yijie,https://fred.stlouisfed.org/series/EXPINF1YR,Cleveland Fed – 1yr Inflation Expectations,3.1309968,Percent (%),1995-10,Federal Reserve Bank of Cleveland via FRED,FRED series EXPINF1YR
1722,Yijie,,Michigan ICS – Overall,90.2,Index Points,1995-10,Univ. of Michigan – Surveys of Consumers,
1723,Yijie,https://fred.stlouisfed.org/series/MICH,Michigan – 1yr Inflation Expectations,2.9,Percent (%),1995-10,University of Michigan – Surveys of Consumers,FRED series MICH
1724,Yijie,,OECD CCI – Amplitude Adjusted,100.4881,Normalised (avg=100),1995-10,OECD via FRED – CSCICP03USM665S,Above 100 = optimism; below 100 = pessimism
1725,Yijie,https://fred.stlouisfed.org/series/USACSCICP02STSAM,OECD CCI – Standardised,97.05012,Normalised (avg=100),1995-10,OECD via FRED,FRED series USACSCICP02STSAM
1726,Yijie,,Yale – Institutional 1yr Stock Confidence,73.08,%,1995-10,Yale ICF – Stock Market Confidence Indices,% of institutional investors expecting market higher in 1yr
1727,Yijie,https://fred.stlouisfed.org/series/EXPINF10YR,Cleveland Fed – 10yr Inflation Expectations,3.0207028,Percent (%),1995-11,Federal Reserve Bank of Cleveland via FRED,FRED series EXPINF10YR
1728,Yijie,https://fred.stlouisfed.org/series/EXPINF1YR,Cleveland Fed – 1yr Inflation Expectations,2.9833163,Percent (%),1995-11,Federal Reserve Bank of Cleveland via FRED,FRED series EXPINF1YR
1729,Yijie,,Michigan ICS – Overall,88.2,Index Points,1995-11,Univ. of Michigan – Surveys of Consumers,
1730,Yijie,https://fred.stlouisfed.org/series/MICH,Michigan – 1yr Inflation Expectations,2.8,Percent (%),1995-11,University of Michigan – Surveys of Consumers,FRED series MICH
1731,Yijie,,OECD CCI – Amplitude Adjusted,100.41,Normalised (avg=100),1995-11,OECD via FRED – CSCICP03USM665S,Above 100 = optimism; below 100 = pessimism
1732,Yijie,https://fred.stlouisfed.org/series/USACSCICP02STSAM,OECD CCI – Standardised,94.89823,Normalised (avg=100),1995-11,OECD via FRED,FRED series USACSCICP02STSAM
1733,Yijie,https://fred.stlouisfed.org/series/EXPINF10YR,Cleveland Fed – 10yr Inflation Expectations,2.8370533,Percent (%),1995-12,Federal Reserve Bank of Cleveland via FRED,FRED series EXPINF10YR
1734,Yijie,https://fred.stlouisfed.org/series/EXPINF1YR,Cleveland Fed – 1yr Inflation Expectations,2.7518619,Percent (%),1995-12,Federal Reserve Bank of Cleveland via FRED,FRED series EXPINF1YR
1735,Yijie,,Michigan ICS – Overall,91.0,Index Points,1995-12,Univ. of Michigan – Surveys of Consumers,
1736,Yijie,https://fred.stlouisfed.org/series/MICH,Michigan – 1yr Inflation Expectations,2.7,Percent (%),1995-12,University of Michigan – Surveys of Consumers,FRED series MICH
1737,Yijie,,OECD CCI – Amplitude Adjusted,100.4341,Normalised (avg=100),1995-12,OECD via FRED – CSCICP03USM665S,Above 100 = optimism; below 100 = pessimism
1738,Yijie,https://fred.stlouisfed.org/series/USACSCICP02STSAM,OECD CCI – Standardised,97.91087,Normalised (avg=100),1995-12,OECD via FRED,FRED series USACSCICP02STSAM
1739,Yijie,https://fred.stlouisfed.org/series/EXPINF10YR,Cleveland Fed – 10yr Inflation Expectations,2.8814735,Percent (%),1996-01,Federal Reserve Bank of Cleveland via FRED,FRED series EXPINF10YR
1740,Yijie,https://fred.stlouisfed.org/series/EXPINF1YR,Cleveland Fed – 1yr Inflation Expectations,3.0038319,Percent (%),1996-01,Federal Reserve Bank of Cleveland via FRED,FRED series EXPINF1YR
1741,Yijie,,Michigan ICS – Overall,89.3,Index Points,1996-01,Univ. of Michigan – Surveys of Consumers,
1742,Yijie,https://fred.stlouisfed.org/series/MICH,Michigan – 1yr Inflation Expectations,2.8,Percent (%),1996-01,University of Michigan – Surveys of Consumers,FRED series MICH
1743,Yijie,,OECD CCI – Amplitude Adjusted,100.4504,Normalised (avg=100),1996-01,OECD via FRED – CSCICP03USM665S,Above 100 = optimism; below 100 = pessimism
1744,Yijie,https://fred.stlouisfed.org/series/USACSCICP02STSAM,OECD CCI – Standardised,96.08177,Normalised (avg=100),1996-01,OECD via FRED,FRED series USACSCICP02STSAM
1745,Yijie,https://fred.stlouisfed.org/series/EXPINF10YR,Cleveland Fed – 10yr Inflation Expectations,2.8671836,Percent (%),1996-02,Federal Reserve Bank of Cleveland via FRED,FRED series EXPINF10YR
1746,Yijie,https://fred.stlouisfed.org/series/EXPINF1YR,Cleveland Fed – 1yr Inflation Expectations,2.9196834,Percent (%),1996-02,Federal Reserve Bank of Cleveland via FRED,FRED series EXPINF1YR
1747,Yijie,,Michigan ICS – Overall,88.5,Index Points,1996-02,Univ. of Michigan – Surveys of Consumers,
1748,Yijie,https://fred.stlouisfed.org/series/MICH,Michigan – 1yr Inflation Expectations,2.8,Percent (%),1996-02,University of Michigan – Surveys of Consumers,FRED series MICH
1749,Yijie,,OECD CCI – Amplitude Adjusted,100.5219,Normalised (avg=100),1996-02,OECD via FRED – CSCICP03USM665S,Above 100 = optimism; below 100 = pessimism
1750,Yijie,https://fred.stlouisfed.org/series/USACSCICP02STSAM,OECD CCI – Standardised,95.22102,Normalised (avg=100),1996-02,OECD via FRED,FRED series USACSCICP02STSAM
1751,Yijie,https://fred.stlouisfed.org/series/EXPINF10YR,Cleveland Fed – 10yr Inflation Expectations,2.9629321,Percent (%),1996-03,Federal Reserve Bank of Cleveland via FRED,FRED series EXPINF10YR
1752,Yijie,https://fred.stlouisfed.org/series/EXPINF1YR,Cleveland Fed – 1yr Inflation Expectations,2.6168022,Percent (%),1996-03,Federal Reserve Bank of Cleveland via FRED,FRED series EXPINF1YR
1753,Yijie,,Michigan ICS – Overall,93.7,Index Points,1996-03,Univ. of Michigan – Surveys of Consumers,
1754,Yijie,https://fred.stlouisfed.org/series/MICH,Michigan – 1yr Inflation Expectations,2.9,Percent (%),1996-03,University of Michigan – Surveys of Consumers,FRED series MICH
1755,Yijie,,OECD CCI – Amplitude Adjusted,100.6673,Normalised (avg=100),1996-03,OECD via FRED – CSCICP03USM665S,Above 100 = optimism; below 100 = pessimism
1756,Yijie,https://fred.stlouisfed.org/series/USACSCICP02STSAM,OECD CCI – Standardised,100.8159,Normalised (avg=100),1996-03,OECD via FRED,FRED series USACSCICP02STSAM
1757,Yijie,https://fred.stlouisfed.org/series/EXPINF10YR,Cleveland Fed – 10yr Inflation Expectations,3.1097521,Percent (%),1996-04,Federal Reserve Bank of Cleveland via FRED,FRED series EXPINF10YR
1758,Yijie,https://fred.stlouisfed.org/series/EXPINF1YR,Cleveland Fed – 1yr Inflation Expectations,3.1333648,Percent (%),1996-04,Federal Reserve Bank of Cleveland via FRED,FRED series EXPINF1YR
1759,Yijie,,Michigan ICS – Overall,92.7,Index Points,1996-04,Univ. of Michigan – Surveys of Consumers,
1760,Yijie,https://fred.stlouisfed.org/series/MICH,Michigan – 1yr Inflation Expectations,3.0,Percent (%),1996-04,University of Michigan – Surveys of Consumers,FRED series MICH
1761,Yijie,,OECD CCI – Amplitude Adjusted,100.696,Normalised (avg=100),1996-04,OECD via FRED – CSCICP03USM665S,Above 100 = optimism; below 100 = pessimism
1762,Yijie,https://fred.stlouisfed.org/series/USACSCICP02STSAM,OECD CCI – Standardised,99.73998,Normalised (avg=100),1996-04,OECD via FRED,FRED series USACSCICP02STSAM
1763,Yijie,,Yale – Institutional 1yr Stock Confidence,65.52,%,1996-04,Yale ICF – Stock Market Confidence Indices,% of institutional investors expecting market higher in 1yr
1764,Yijie,https://fred.stlouisfed.org/series/EXPINF10YR,Cleveland Fed – 10yr Inflation Expectations,3.2719934,Percent (%),1996-05,Federal Reserve Bank of Cleveland via FRED,FRED series EXPINF10YR
1765,Yijie,https://fred.stlouisfed.org/series/EXPINF1YR,Cleveland Fed – 1yr Inflation Expectations,3.2478188,Percent (%),1996-05,Federal Reserve Bank of Cleveland via FRED,FRED series EXPINF1YR
1766,Yijie,,Michigan ICS – Overall,89.4,Index Points,1996-05,Univ. of Michigan – Surveys of Consumers,
1767,Yijie,https://fred.stlouisfed.org/series/MICH,Michigan – 1yr Inflation Expectations,3.1,Percent (%),1996-05,University of Michigan – Surveys of Consumers,FRED series MICH
1768,Yijie,,OECD CCI – Amplitude Adjusted,100.6753,Normalised (avg=100),1996-05,OECD via FRED – CSCICP03USM665S,Above 100 = optimism; below 100 = pessimism
1769,Yijie,https://fred.stlouisfed.org/series/USACSCICP02STSAM,OECD CCI – Standardised,96.18937,Normalised (avg=100),1996-05,OECD via FRED,FRED series USACSCICP02STSAM
1770,Yijie,https://fred.stlouisfed.org/series/EXPINF10YR,Cleveland Fed – 10yr Inflation Expectations,3.3646355,Percent (%),1996-06,Federal Reserve Bank of Cleveland via FRED,FRED series EXPINF10YR
1771,Yijie,https://fred.stlouisfed.org/series/EXPINF1YR,Cleveland Fed – 1yr Inflation Expectations,3.2261356,Percent (%),1996-06,Federal Reserve Bank of Cleveland via FRED,FRED series EXPINF1YR
1772,Yijie,,Michigan ICS – Overall,92.4,Index Points,1996-06,Univ. of Michigan – Surveys of Consumers,
1773,Yijie,https://fred.stlouisfed.org/series/MICH,Michigan – 1yr Inflation Expectations,2.9,Percent (%),1996-06,University of Michigan – Surveys of Consumers,FRED series MICH
1774,Yijie,,OECD CCI – Amplitude Adjusted,100.7838,Normalised (avg=100),1996-06,OECD via FRED – CSCICP03USM665S,Above 100 = optimism; below 100 = pessimism
1775,Yijie,https://fred.stlouisfed.org/series/USACSCICP02STSAM,OECD CCI – Standardised,99.4172,Normalised (avg=100),1996-06,OECD via FRED,FRED series USACSCICP02STSAM
1776,Yijie,https://fred.stlouisfed.org/series/EXPINF10YR,Cleveland Fed – 10yr Inflation Expectations,3.2589758,Percent (%),1996-07,Federal Reserve Bank of Cleveland via FRED,FRED series EXPINF10YR
1777,Yijie,https://fred.stlouisfed.org/series/EXPINF1YR,Cleveland Fed – 1yr Inflation Expectations,3.144873,Percent (%),1996-07,Federal Reserve Bank of Cleveland via FRED,FRED series EXPINF1YR
1778,Yijie,,Michigan ICS – Overall,94.7,Index Points,1996-07,Univ. of Michigan – Surveys of Consumers,
1779,Yijie,https://fred.stlouisfed.org/series/MICH,Michigan – 1yr Inflation Expectations,3.0,Percent (%),1996-07,University of Michigan – Surveys of Consumers,FRED series MICH
1780,Yijie,,OECD CCI – Amplitude Adjusted,100.943,Normalised (avg=100),1996-07,OECD via FRED – CSCICP03USM665S,Above 100 = optimism; below 100 = pessimism
1781,Yijie,https://fred.stlouisfed.org/series/USACSCICP02STSAM,OECD CCI – Standardised,101.8919,Normalised (avg=100),1996-07,OECD via FRED,FRED series USACSCICP02STSAM
1782,Yijie,https://fred.stlouisfed.org/series/EXPINF10YR,Cleveland Fed – 10yr Inflation Expectations,3.2637507,Percent (%),1996-08,Federal Reserve Bank of Cleveland via FRED,FRED series EXPINF10YR
1783,Yijie,https://fred.stlouisfed.org/series/EXPINF1YR,Cleveland Fed – 1yr Inflation Expectations,3.1073244,Percent (%),1996-08,Federal Reserve Bank of Cleveland via FRED,FRED series EXPINF1YR
1784,Yijie,,Michigan ICS – Overall,95.3,Index Points,1996-08,Univ. of Michigan – Surveys of Consumers,
1785,Yijie,https://fred.stlouisfed.org/series/MICH,Michigan – 1yr Inflation Expectations,3.1,Percent (%),1996-08,University of Michigan – Surveys of Consumers,FRED series MICH
1786,Yijie,,OECD CCI – Amplitude Adjusted,101.063,Normalised (avg=100),1996-08,OECD via FRED – CSCICP03USM665S,Above 100 = optimism; below 100 = pessimism
1787,Yijie,https://fred.stlouisfed.org/series/USACSCICP02STSAM,OECD CCI – Standardised,102.5374,Normalised (avg=100),1996-08,OECD via FRED,FRED series USACSCICP02STSAM
1788,Yijie,https://fred.stlouisfed.org/series/EXPINF10YR,Cleveland Fed – 10yr Inflation Expectations,3.3520617,Percent (%),1996-09,Federal Reserve Bank of Cleveland via FRED,FRED series EXPINF10YR
1789,Yijie,https://fred.stlouisfed.org/series/EXPINF1YR,Cleveland Fed – 1yr Inflation Expectations,3.1347765,Percent (%),1996-09,Federal Reserve Bank of Cleveland via FRED,FRED series EXPINF1YR
1790,Yijie,,Michigan ICS – Overall,94.7,Index Points,1996-09,Univ. of Michigan – Surveys of Consumers,
1791,Yijie,https://fred.stlouisfed.org/series/MICH,Michigan – 1yr Inflation Expectations,3.2,Percent (%),1996-09,University of Michigan – Surveys of Consumers,FRED series MICH
1792,Yijie,,OECD CCI – Amplitude Adjusted,101.1537,Normalised (avg=100),1996-09,OECD via FRED – CSCICP03USM665S,Above 100 = optimism; below 100 = pessimism
1793,Yijie,https://fred.stlouisfed.org/series/USACSCICP02STSAM,OECD CCI – Standardised,101.8919,Normalised (avg=100),1996-09,OECD via FRED,FRED series USACSCICP02STSAM
1794,Yijie,https://fred.stlouisfed.org/series/EXPINF10YR,Cleveland Fed – 10yr Inflation Expectations,3.2741396,Percent (%),1996-10,Federal Reserve Bank of Cleveland via FRED,FRED series EXPINF10YR
1795,Yijie,https://fred.stlouisfed.org/series/EXPINF1YR,Cleveland Fed – 1yr Inflation Expectations,3.1805381,Percent (%),1996-10,Federal Reserve Bank of Cleveland via FRED,FRED series EXPINF1YR
1796,Yijie,,Michigan ICS – Overall,96.5,Index Points,1996-10,Univ. of Michigan – Surveys of Consumers,
1797,Yijie,https://fred.stlouisfed.org/series/MICH,Michigan – 1yr Inflation Expectations,3.0,Percent (%),1996-10,University of Michigan – Surveys of Consumers,FRED series MICH
1798,Yijie,,OECD CCI – Amplitude Adjusted,101.2757,Normalised (avg=100),1996-10,OECD via FRED – CSCICP03USM665S,Above 100 = optimism; below 100 = pessimism
1799,Yijie,https://fred.stlouisfed.org/series/USACSCICP02STSAM,OECD CCI – Standardised,103.8286,Normalised (avg=100),1996-10,OECD via FRED,FRED series USACSCICP02STSAM
1800,Yijie,,Yale – Individual 1yr Stock Confidence,66.99,%,1996-10,Yale ICF – Stock Market Confidence Indices,% of individual investors expecting market higher in 1yr
1801,Yijie,,Yale – Institutional 1yr Stock Confidence,69.64,%,1996-10,Yale ICF – Stock Market Confidence Indices,% of institutional investors expecting market higher in 1yr
1802,Yijie,https://fred.stlouisfed.org/series/EXPINF10YR,Cleveland Fed – 10yr Inflation Expectations,3.1953407,Percent (%),1996-11,Federal Reserve Bank of Cleveland via FRED,FRED series EXPINF10YR
1803,Yijie,https://fred.stlouisfed.org/series/EXPINF1YR,Cleveland Fed – 1yr Inflation Expectations,3.0987135,Percent (%),1996-11,Federal Reserve Bank of Cleveland via FRED,FRED series EXPINF1YR
1804,Yijie,,Michigan ICS – Overall,99.2,Index Points,1996-11,Univ. of Michigan – Surveys of Consumers,
1805,Yijie,https://fred.stlouisfed.org/series/MICH,Michigan – 1yr Inflation Expectations,3.0,Percent (%),1996-11,University of Michigan – Surveys of Consumers,FRED series MICH
1806,Yijie,,OECD CCI – Amplitude Adjusted,101.3795,Normalised (avg=100),1996-11,OECD via FRED – CSCICP03USM665S,Above 100 = optimism; below 100 = pessimism
1807,Yijie,https://fred.stlouisfed.org/series/USACSCICP02STSAM,OECD CCI – Standardised,106.7336,Normalised (avg=100),1996-11,OECD via FRED,FRED series USACSCICP02STSAM
1808,Yijie,https://fred.stlouisfed.org/series/EXPINF10YR,Cleveland Fed – 10yr Inflation Expectations,3.040501,Percent (%),1996-12,Federal Reserve Bank of Cleveland via FRED,FRED series EXPINF10YR
1809,Yijie,https://fred.stlouisfed.org/series/EXPINF1YR,Cleveland Fed – 1yr Inflation Expectations,2.9632444,Percent (%),1996-12,Federal Reserve Bank of Cleveland via FRED,FRED series EXPINF1YR
1810,Yijie,,Michigan ICS – Overall,96.9,Index Points,1996-12,Univ. of Michigan – Surveys of Consumers,
1811,Yijie,https://fred.stlouisfed.org/series/MICH,Michigan – 1yr Inflation Expectations,3.0,Percent (%),1996-12,University of Michigan – Surveys of Consumers,FRED series MICH
1812,Yijie,,OECD CCI – Amplitude Adjusted,101.3947,Normalised (avg=100),1996-12,OECD via FRED – CSCICP03USM665S,Above 100 = optimism; below 100 = pessimism
1813,Yijie,https://fred.stlouisfed.org/series/USACSCICP02STSAM,OECD CCI – Standardised,104.2589,Normalised (avg=100),1996-12,OECD via FRED,FRED series USACSCICP02STSAM
1814,Yijie,https://fred.stlouisfed.org/series/EXPINF10YR,Cleveland Fed – 10yr Inflation Expectations,3.2421093,Percent (%),1997-01,Federal Reserve Bank of Cleveland via FRED,FRED series EXPINF10YR
1815,Yijie,https://fred.stlouisfed.org/series/EXPINF1YR,Cleveland Fed – 1yr Inflation Expectations,3.1574043,Percent (%),1997-01,Federal Reserve Bank of Cleveland via FRED,FRED series EXPINF1YR
1816,Yijie,,Michigan ICS – Overall,97.4,Index Points,1997-01,Univ. of Michigan – Surveys of Consumers,
1817,Yijie,https://fred.stlouisfed.org/series/MICH,Michigan – 1yr Inflation Expectations,3.0,Percent (%),1997-01,University of Michigan – Surveys of Consumers,FRED series MICH
1818,Yijie,,OECD CCI – Amplitude Adjusted,101.4454,Normalised (avg=100),1997-01,OECD via FRED – CSCICP03USM665S,Above 100 = optimism; below 100 = pessimism
1819,Yijie,https://fred.stlouisfed.org/series/USACSCICP02STSAM,OECD CCI – Standardised,104.7969,Normalised (avg=100),1997-01,OECD via FRED,FRED series USACSCICP02STSAM
1820,Yijie,https://fred.stlouisfed.org/series/EXPINF10YR,Cleveland Fed – 10yr Inflation Expectations,3.2370082,Percent (%),1997-02,Federal Reserve Bank of Cleveland via FRED,FRED series EXPINF10YR
1821,Yijie,https://fred.stlouisfed.org/series/EXPINF1YR,Cleveland Fed – 1yr Inflation Expectations,3.1308768,Percent (%),1997-02,Federal Reserve Bank of Cleveland via FRED,FRED series EXPINF1YR
1822,Yijie,,Michigan ICS – Overall,99.7,Index Points,1997-02,Univ. of Michigan – Surveys of Consumers,
1823,Yijie,https://fred.stlouisfed.org/series/MICH,Michigan – 1yr Inflation Expectations,3.0,Percent (%),1997-02,University of Michigan – Surveys of Consumers,FRED series MICH
1824,Yijie,,OECD CCI – Amplitude Adjusted,101.5631,Normalised (avg=100),1997-02,OECD via FRED – CSCICP03USM665S,Above 100 = optimism; below 100 = pessimism
1825,Yijie,https://fred.stlouisfed.org/series/USACSCICP02STSAM,OECD CCI – Standardised,107.2716,Normalised (avg=100),1997-02,OECD via FRED,FRED series USACSCICP02STSAM
1826,Yijie,https://fred.stlouisfed.org/series/EXPINF10YR,Cleveland Fed – 10yr Inflation Expectations,3.2576053,Percent (%),1997-03,Federal Reserve Bank of Cleveland via FRED,FRED series EXPINF10YR
1827,Yijie,https://fred.stlouisfed.org/series/EXPINF1YR,Cleveland Fed – 1yr Inflation Expectations,3.2344619,Percent (%),1997-03,Federal Reserve Bank of Cleveland via FRED,FRED series EXPINF1YR
1828,Yijie,,Michigan ICS – Overall,100.0,Index Points,1997-03,Univ. of Michigan – Surveys of Consumers,
1829,Yijie,https://fred.stlouisfed.org/series/MICH,Michigan – 1yr Inflation Expectations,2.8,Percent (%),1997-03,University of Michigan – Surveys of Consumers,FRED series MICH
1830,Yijie,,OECD CCI – Amplitude Adjusted,101.6957,Normalised (avg=100),1997-03,OECD via FRED – CSCICP03USM665S,Above 100 = optimism; below 100 = pessimism
1831,Yijie,https://fred.stlouisfed.org/series/USACSCICP02STSAM,OECD CCI – Standardised,107.5944,Normalised (avg=100),1997-03,OECD via FRED,FRED series USACSCICP02STSAM
1832,Yijie,https://fred.stlouisfed.org/series/EXPINF10YR,Cleveland Fed – 10yr Inflation Expectations,3.3733109,Percent (%),1997-04,Federal Reserve Bank of Cleveland via FRED,FRED series EXPINF10YR
1833,Yijie,https://fred.stlouisfed.org/series/EXPINF1YR,Cleveland Fed – 1yr Inflation Expectations,3.2328116,Percent (%),1997-04,Federal Reserve Bank of Cleveland via FRED,FRED series EXPINF1YR
1834,Yijie,,Michigan ICS – Overall,101.4,Index Points,1997-04,Univ. of Michigan – Surveys of Consumers,
1835,Yijie,https://fred.stlouisfed.org/series/MICH,Michigan – 1yr Inflation Expectations,3.0,Percent (%),1997-04,University of Michigan – Surveys of Consumers,FRED series MICH
1836,Yijie,,OECD CCI – Amplitude Adjusted,101.8602,Normalised (avg=100),1997-04,OECD via FRED – CSCICP03USM665S,Above 100 = optimism; below 100 = pessimism
1837,Yijie,https://fred.stlouisfed.org/series/USACSCICP02STSAM,OECD CCI – Standardised,109.1007,Normalised (avg=100),1997-04,OECD via FRED,FRED series USACSCICP02STSAM
1838,Yijie,,Yale – Institutional 1yr Stock Confidence,50.57,%,1997-04,Yale ICF – Stock Market Confidence Indices,% of institutional investors expecting market higher in 1yr
1839,Yijie,https://fred.stlouisfed.org/series/EXPINF10YR,Cleveland Fed – 10yr Inflation Expectations,3.3054865,Percent (%),1997-05,Federal Reserve Bank of Cleveland via FRED,FRED series EXPINF10YR
1840,Yijie,https://fred.stlouisfed.org/series/EXPINF1YR,Cleveland Fed – 1yr Inflation Expectations,3.1341546,Percent (%),1997-05,Federal Reserve Bank of Cleveland via FRED,FRED series EXPINF1YR
1841,Yijie,,Michigan ICS – Overall,103.2,Index Points,1997-05,Univ. of Michigan – Surveys of Consumers,
1842,Yijie,https://fred.stlouisfed.org/series/MICH,Michigan – 1yr Inflation Expectations,2.9,Percent (%),1997-05,University of Michigan – Surveys of Consumers,FRED series MICH
1843,Yijie,,OECD CCI – Amplitude Adjusted,102.0461,Normalised (avg=100),1997-05,OECD via FRED – CSCICP03USM665S,Above 100 = optimism; below 100 = pessimism
1844,Yijie,https://fred.stlouisfed.org/series/USACSCICP02STSAM,OECD CCI – Standardised,111.0374,Normalised (avg=100),1997-05,OECD via FRED,FRED series USACSCICP02STSAM
1845,Yijie,https://fred.stlouisfed.org/series/EXPINF10YR,Cleveland Fed – 10yr Inflation Expectations,3.2962754,Percent (%),1997-06,Federal Reserve Bank of Cleveland via FRED,FRED series EXPINF10YR
1846,Yijie,https://fred.stlouisfed.org/series/EXPINF1YR,Cleveland Fed – 1yr Inflation Expectations,3.201087,Percent (%),1997-06,Federal Reserve Bank of Cleveland via FRED,FRED series EXPINF1YR
1847,Yijie,,Michigan ICS – Overall,104.5,Index Points,1997-06,Univ. of Michigan – Surveys of Consumers,
1848,Yijie,https://fred.stlouisfed.org/series/MICH,Michigan – 1yr Inflation Expectations,2.8,Percent (%),1997-06,University of Michigan – Surveys of Consumers,FRED series MICH
1849,Yijie,,OECD CCI – Amplitude Adjusted,102.2155,Normalised (avg=100),1997-06,OECD via FRED – CSCICP03USM665S,Above 100 = optimism; below 100 = pessimism
1850,Yijie,https://fred.stlouisfed.org/series/USACSCICP02STSAM,OECD CCI – Standardised,112.4361,Normalised (avg=100),1997-06,OECD via FRED,FRED series USACSCICP02STSAM
1851,Yijie,https://fred.stlouisfed.org/series/EXPINF10YR,Cleveland Fed – 10yr Inflation Expectations,3.1968296,Percent (%),1997-07,Federal Reserve Bank of Cleveland via FRED,FRED series EXPINF10YR
1852,Yijie,https://fred.stlouisfed.org/series/EXPINF1YR,Cleveland Fed – 1yr Inflation Expectations,3.0903227,Percent (%),1997-07,Federal Reserve Bank of Cleveland via FRED,FRED series EXPINF1YR
1853,Yijie,,Michigan ICS – Overall,107.1,Index Points,1997-07,Univ. of Michigan – Surveys of Consumers,
1854,Yijie,https://fred.stlouisfed.org/series/MICH,Michigan – 1yr Inflation Expectations,2.7,Percent (%),1997-07,University of Michigan – Surveys of Consumers,FRED series MICH
1855,Yijie,,OECD CCI – Amplitude Adjusted,102.3295,Normalised (avg=100),1997-07,OECD via FRED – CSCICP03USM665S,Above 100 = optimism; below 100 = pessimism
1856,Yijie,https://fred.stlouisfed.org/series/USACSCICP02STSAM,OECD CCI – Standardised,115.2336,Normalised (avg=100),1997-07,OECD via FRED,FRED series USACSCICP02STSAM
1857,Yijie,https://fred.stlouisfed.org/series/EXPINF10YR,Cleveland Fed – 10yr Inflation Expectations,3.1381246,Percent (%),1997-08,Federal Reserve Bank of Cleveland via FRED,FRED series EXPINF10YR
1858,Yijie,https://fred.stlouisfed.org/series/EXPINF1YR,Cleveland Fed – 1yr Inflation Expectations,2.9692178,Percent (%),1997-08,Federal Reserve Bank of Cleveland via FRED,FRED series EXPINF1YR
1859,Yijie,,Michigan ICS – Overall,104.4,Index Points,1997-08,Univ. of Michigan – Surveys of Consumers,
1860,Yijie,https://fred.stlouisfed.org/series/MICH,Michigan – 1yr Inflation Expectations,2.7,Percent (%),1997-08,University of Michigan – Surveys of Consumers,FRED series MICH
1861,Yijie,,OECD CCI – Amplitude Adjusted,102.3321,Normalised (avg=100),1997-08,OECD via FRED – CSCICP03USM665S,Above 100 = optimism; below 100 = pessimism
1862,Yijie,https://fred.stlouisfed.org/series/USACSCICP02STSAM,OECD CCI – Standardised,112.3285,Normalised (avg=100),1997-08,OECD via FRED,FRED series USACSCICP02STSAM
1863,Yijie,https://fred.stlouisfed.org/series/EXPINF10YR,Cleveland Fed – 10yr Inflation Expectations,3.1400638,Percent (%),1997-09,Federal Reserve Bank of Cleveland via FRED,FRED series EXPINF10YR
1864,Yijie,https://fred.stlouisfed.org/series/EXPINF1YR,Cleveland Fed – 1yr Inflation Expectations,3.0134879,Percent (%),1997-09,Federal Reserve Bank of Cleveland via FRED,FRED series EXPINF1YR
1865,Yijie,,Michigan ICS – Overall,106.0,Index Points,1997-09,Univ. of Michigan – Surveys of Consumers,
1866,Yijie,https://fred.stlouisfed.org/series/MICH,Michigan – 1yr Inflation Expectations,2.8,Percent (%),1997-09,University of Michigan – Surveys of Consumers,FRED series MICH
1867,Yijie,,OECD CCI – Amplitude Adjusted,102.343,Normalised (avg=100),1997-09,OECD via FRED – CSCICP03USM665S,Above 100 = optimism; below 100 = pessimism
1868,Yijie,https://fred.stlouisfed.org/series/USACSCICP02STSAM,OECD CCI – Standardised,114.05,Normalised (avg=100),1997-09,OECD via FRED,FRED series USACSCICP02STSAM
1869,Yijie,https://fred.stlouisfed.org/series/EXPINF10YR,Cleveland Fed – 10yr Inflation Expectations,3.1142757,Percent (%),1997-10,Federal Reserve Bank of Cleveland via FRED,FRED series EXPINF10YR
1870,Yijie,https://fred.stlouisfed.org/series/EXPINF1YR,Cleveland Fed – 1yr Inflation Expectations,2.9881361,Percent (%),1997-10,Federal Reserve Bank of Cleveland via FRED,FRED series EXPINF1YR
1871,Yijie,,Michigan ICS – Overall,105.6,Index Points,1997-10,Univ. of Michigan – Surveys of Consumers,
1872,Yijie,https://fred.stlouisfed.org/series/MICH,Michigan – 1yr Inflation Expectations,2.8,Percent (%),1997-10,University of Michigan – Surveys of Consumers,FRED series MICH
1873,Yijie,,OECD CCI – Amplitude Adjusted,102.3361,Normalised (avg=100),1997-10,OECD via FRED – CSCICP03USM665S,Above 100 = optimism; below 100 = pessimism
1874,Yijie,https://fred.stlouisfed.org/series/USACSCICP02STSAM,OECD CCI – Standardised,113.6197,Normalised (avg=100),1997-10,OECD via FRED,FRED series USACSCICP02STSAM
1875,Yijie,,Yale – Institutional 1yr Stock Confidence,83.93,%,1997-10,Yale ICF – Stock Market Confidence Indices,% of institutional investors expecting market higher in 1yr
1876,Yijie,https://fred.stlouisfed.org/series/EXPINF10YR,Cleveland Fed – 10yr Inflation Expectations,3.0902691,Percent (%),1997-11,Federal Reserve Bank of Cleveland via FRED,FRED series EXPINF10YR
1877,Yijie,https://fred.stlouisfed.org/series/EXPINF1YR,Cleveland Fed – 1yr Inflation Expectations,2.9327548,Percent (%),1997-11,Federal Reserve Bank of Cleveland via FRED,FRED series EXPINF1YR
1878,Yijie,,Michigan ICS – Overall,107.2,Index Points,1997-11,Univ. of Michigan – Surveys of Consumers,
1879,Yijie,https://fred.stlouisfed.org/series/MICH,Michigan – 1yr Inflation Expectations,2.9,Percent (%),1997-11,University of Michigan – Surveys of Consumers,FRED series MICH
1880,Yijie,,OECD CCI – Amplitude Adjusted,102.3177,Normalised (avg=100),1997-11,OECD via FRED – CSCICP03USM665S,Above 100 = optimism; below 100 = pessimism
1881,Yijie,https://fred.stlouisfed.org/series/USACSCICP02STSAM,OECD CCI – Standardised,115.3412,Normalised (avg=100),1997-11,OECD via FRED,FRED series USACSCICP02STSAM
1882,Yijie,https://fred.stlouisfed.org/series/EXPINF10YR,Cleveland Fed – 10yr Inflation Expectations,2.9939903,Percent (%),1997-12,Federal Reserve Bank of Cleveland via FRED,FRED series EXPINF10YR
1883,Yijie,https://fred.stlouisfed.org/series/EXPINF1YR,Cleveland Fed – 1yr Inflation Expectations,2.9354614,Percent (%),1997-12,Federal Reserve Bank of Cleveland via FRED,FRED series EXPINF1YR
1884,Yijie,,Michigan ICS – Overall,102.1,Index Points,1997-12,Univ. of Michigan – Surveys of Consumers,
1885,Yijie,https://fred.stlouisfed.org/series/MICH,Michigan – 1yr Inflation Expectations,2.8,Percent (%),1997-12,University of Michigan – Surveys of Consumers,FRED series MICH
1886,Yijie,,OECD CCI – Amplitude Adjusted,102.2861,Normalised (avg=100),1997-12,OECD via FRED – CSCICP03USM665S,Above 100 = optimism; below 100 = pessimism
1887,Yijie,https://fred.stlouisfed.org/series/USACSCICP02STSAM,OECD CCI – Standardised,109.8539,Normalised (avg=100),1997-12,OECD via FRED,FRED series USACSCICP02STSAM
1888,Yijie,https://fred.stlouisfed.org/series/EXPINF10YR,Cleveland Fed – 10yr Inflation Expectations,2.9523563,Percent (%),1998-01,Federal Reserve Bank of Cleveland via FRED,FRED series EXPINF10YR
1889,Yijie,https://fred.stlouisfed.org/series/EXPINF1YR,Cleveland Fed – 1yr Inflation Expectations,2.7570107,Percent (%),1998-01,Federal Reserve Bank of Cleveland via FRED,FRED series EXPINF1YR
1890,Yijie,,Michigan ICS – Overall,106.6,Index Points,1998-01,Univ. of Michigan – Surveys of Consumers,
1891,Yijie,https://fred.stlouisfed.org/series/MICH,Michigan – 1yr Inflation Expectations,2.3,Percent (%),1998-01,University of Michigan – Surveys of Consumers,FRED series MICH
1892,Yijie,,OECD CCI – Amplitude Adjusted,102.4385,Normalised (avg=100),1998-01,OECD via FRED – CSCICP03USM665S,Above 100 = optimism; below 100 = pessimism
1893,Yijie,https://fred.stlouisfed.org/series/USACSCICP02STSAM,OECD CCI – Standardised,114.6956,Normalised (avg=100),1998-01,OECD via FRED,FRED series USACSCICP02STSAM
1894,Yijie,https://fred.stlouisfed.org/series/EXPINF10YR,Cleveland Fed – 10yr Inflation Expectations,2.9135125,Percent (%),1998-02,Federal Reserve Bank of Cleveland via FRED,FRED series EXPINF10YR
1895,Yijie,https://fred.stlouisfed.org/series/EXPINF1YR,Cleveland Fed – 1yr Inflation Expectations,2.6177094,Percent (%),1998-02,Federal Reserve Bank of Cleveland via FRED,FRED series EXPINF1YR
1896,Yijie,,Michigan ICS – Overall,110.4,Index Points,1998-02,Univ. of Michigan – Surveys of Consumers,
1897,Yijie,https://fred.stlouisfed.org/series/MICH,Michigan – 1yr Inflation Expectations,2.4,Percent (%),1998-02,University of Michigan – Surveys of Consumers,FRED series MICH
1898,Yijie,,OECD CCI – Amplitude Adjusted,102.6015,Normalised (avg=100),1998-02,OECD via FRED – CSCICP03USM665S,Above 100 = optimism; below 100 = pessimism
1899,Yijie,https://fred.stlouisfed.org/series/USACSCICP02STSAM,OECD CCI – Standardised,118.7842,Normalised (avg=100),1998-02,OECD via FRED,FRED series USACSCICP02STSAM
1900,Yijie,https://fred.stlouisfed.org/series/EXPINF10YR,Cleveland Fed – 10yr Inflation Expectations,2.9446482,Percent (%),1998-03,Federal Reserve Bank of Cleveland via FRED,FRED series EXPINF10YR
1901,Yijie,https://fred.stlouisfed.org/series/EXPINF1YR,Cleveland Fed – 1yr Inflation Expectations,2.8714847,Percent (%),1998-03,Federal Reserve Bank of Cleveland via FRED,FRED series EXPINF1YR
1902,Yijie,,Michigan ICS – Overall,106.5,Index Points,1998-03,Univ. of Michigan – Surveys of Consumers,
1903,Yijie,https://fred.stlouisfed.org/series/MICH,Michigan – 1yr Inflation Expectations,2.5,Percent (%),1998-03,University of Michigan – Surveys of Consumers,FRED series MICH
1904,Yijie,,OECD CCI – Amplitude Adjusted,102.6091,Normalised (avg=100),1998-03,OECD via FRED – CSCICP03USM665S,Above 100 = optimism; below 100 = pessimism
1905,Yijie,https://fred.stlouisfed.org/series/USACSCICP02STSAM,OECD CCI – Standardised,114.588,Normalised (avg=100),1998-03,OECD via FRED,FRED series USACSCICP02STSAM
1906,Yijie,https://fred.stlouisfed.org/series/EXPINF10YR,Cleveland Fed – 10yr Inflation Expectations,2.9271605,Percent (%),1998-04,Federal Reserve Bank of Cleveland via FRED,FRED series EXPINF10YR
1907,Yijie,https://fred.stlouisfed.org/series/EXPINF1YR,Cleveland Fed – 1yr Inflation Expectations,2.7267374,Percent (%),1998-04,Federal Reserve Bank of Cleveland via FRED,FRED series EXPINF1YR
1908,Yijie,,Michigan ICS – Overall,108.7,Index Points,1998-04,Univ. of Michigan – Surveys of Consumers,
1909,Yijie,https://fred.stlouisfed.org/series/MICH,Michigan – 1yr Inflation Expectations,2.4,Percent (%),1998-04,University of Michigan – Surveys of Consumers,FRED series MICH
1910,Yijie,,OECD CCI – Amplitude Adjusted,102.5876,Normalised (avg=100),1998-04,OECD via FRED – CSCICP03USM665S,Above 100 = optimism; below 100 = pessimism
1911,Yijie,https://fred.stlouisfed.org/series/USACSCICP02STSAM,OECD CCI – Standardised,116.9551,Normalised (avg=100),1998-04,OECD via FRED,FRED series USACSCICP02STSAM
1912,Yijie,,Yale – Institutional 1yr Stock Confidence,62.62,%,1998-04,Yale ICF – Stock Market Confidence Indices,% of institutional investors expecting market higher in 1yr
1913,Yijie,https://fred.stlouisfed.org/series/EXPINF10YR,Cleveland Fed – 10yr Inflation Expectations,2.9741111,Percent (%),1998-05,Federal Reserve Bank of Cleveland via FRED,FRED series EXPINF10YR
1914,Yijie,https://fred.stlouisfed.org/series/EXPINF1YR,Cleveland Fed – 1yr Inflation Expectations,2.644841,Percent (%),1998-05,Federal Reserve Bank of Cleveland via FRED,FRED series EXPINF1YR
1915,Yijie,,Michigan ICS – Overall,106.5,Index Points,1998-05,Univ. of Michigan – Surveys of Consumers,
1916,Yijie,https://fred.stlouisfed.org/series/MICH,Michigan – 1yr Inflation Expectations,2.6,Percent (%),1998-05,University of Michigan – Surveys of Consumers,FRED series MICH
1917,Yijie,,OECD CCI – Amplitude Adjusted,102.4888,Normalised (avg=100),1998-05,OECD via FRED – CSCICP03USM665S,Above 100 = optimism; below 100 = pessimism
1918,Yijie,https://fred.stlouisfed.org/series/USACSCICP02STSAM,OECD CCI – Standardised,114.588,Normalised (avg=100),1998-05,OECD via FRED,FRED series USACSCICP02STSAM
1919,Yijie,https://fred.stlouisfed.org/series/EXPINF10YR,Cleveland Fed – 10yr Inflation Expectations,2.9159772,Percent (%),1998-06,Federal Reserve Bank of Cleveland via FRED,FRED series EXPINF10YR
1920,Yijie,https://fred.stlouisfed.org/series/EXPINF1YR,Cleveland Fed – 1yr Inflation Expectations,2.4650222,Percent (%),1998-06,Federal Reserve Bank of Cleveland via FRED,FRED series EXPINF1YR
1921,Yijie,,Michigan ICS – Overall,105.6,Index Points,1998-06,Univ. of Michigan – Surveys of Consumers,
1922,Yijie,https://fred.stlouisfed.org/series/MICH,Michigan – 1yr Inflation Expectations,2.7,Percent (%),1998-06,University of Michigan – Surveys of Consumers,FRED series MICH
1923,Yijie,,OECD CCI – Amplitude Adjusted,102.3699,Normalised (avg=100),1998-06,OECD via FRED – CSCICP03USM665S,Above 100 = optimism; below 100 = pessimism
1924,Yijie,https://fred.stlouisfed.org/series/USACSCICP02STSAM,OECD CCI – Standardised,113.6197,Normalised (avg=100),1998-06,OECD via FRED,FRED series USACSCICP02STSAM
1925,Yijie,https://fred.stlouisfed.org/series/EXPINF10YR,Cleveland Fed – 10yr Inflation Expectations,2.9275565,Percent (%),1998-07,Federal Reserve Bank of Cleveland via FRED,FRED series EXPINF10YR
1926,Yijie,https://fred.stlouisfed.org/series/EXPINF1YR,Cleveland Fed – 1yr Inflation Expectations,2.7361812,Percent (%),1998-07,Federal Reserve Bank of Cleveland via FRED,FRED series EXPINF1YR
1927,Yijie,,Michigan ICS – Overall,105.2,Index Points,1998-07,Univ. of Michigan – Surveys of Consumers,
1928,Yijie,https://fred.stlouisfed.org/series/MICH,Michigan – 1yr Inflation Expectations,2.6,Percent (%),1998-07,University of Michigan – Surveys of Consumers,FRED series MICH
1929,Yijie,,OECD CCI – Amplitude Adjusted,102.234,Normalised (avg=100),1998-07,OECD via FRED – CSCICP03USM665S,Above 100 = optimism; below 100 = pessimism
1930,Yijie,https://fred.stlouisfed.org/series/USACSCICP02STSAM,OECD CCI – Standardised,113.1893,Normalised (avg=100),1998-07,OECD via FRED,FRED series USACSCICP02STSAM
1931,Yijie,https://fred.stlouisfed.org/series/EXPINF10YR,Cleveland Fed – 10yr Inflation Expectations,2.9154367,Percent (%),1998-08,Federal Reserve Bank of Cleveland via FRED,FRED series EXPINF10YR
1932,Yijie,https://fred.stlouisfed.org/series/EXPINF1YR,Cleveland Fed – 1yr Inflation Expectations,2.7124419,Percent (%),1998-08,Federal Reserve Bank of Cleveland via FRED,FRED series EXPINF1YR
1933,Yijie,,Michigan ICS – Overall,104.4,Index Points,1998-08,Univ. of Michigan – Surveys of Consumers,
1934,Yijie,https://fred.stlouisfed.org/series/MICH,Michigan – 1yr Inflation Expectations,2.4,Percent (%),1998-08,University of Michigan – Surveys of Consumers,FRED series MICH
1935,Yijie,,OECD CCI – Amplitude Adjusted,102.042,Normalised (avg=100),1998-08,OECD via FRED – CSCICP03USM665S,Above 100 = optimism; below 100 = pessimism
1936,Yijie,https://fred.stlouisfed.org/series/USACSCICP02STSAM,OECD CCI – Standardised,112.3285,Normalised (avg=100),1998-08,OECD via FRED,FRED series USACSCICP02STSAM
1937,Yijie,https://fred.stlouisfed.org/series/EXPINF10YR,Cleveland Fed – 10yr Inflation Expectations,2.7392548,Percent (%),1998-09,Federal Reserve Bank of Cleveland via FRED,FRED series EXPINF10YR
1938,Yijie,https://fred.stlouisfed.org/series/EXPINF1YR,Cleveland Fed – 1yr Inflation Expectations,2.5336411,Percent (%),1998-09,Federal Reserve Bank of Cleveland via FRED,FRED series EXPINF1YR
1939,Yijie,,Michigan ICS – Overall,100.9,Index Points,1998-09,Univ. of Michigan – Surveys of Consumers,
1940,Yijie,https://fred.stlouisfed.org/series/MICH,Michigan – 1yr Inflation Expectations,2.3,Percent (%),1998-09,University of Michigan – Surveys of Consumers,FRED series MICH
1941,Yijie,,OECD CCI – Amplitude Adjusted,101.8018,Normalised (avg=100),1998-09,OECD via FRED – CSCICP03USM665S,Above 100 = optimism; below 100 = pessimism
1942,Yijie,https://fred.stlouisfed.org/series/USACSCICP02STSAM,OECD CCI – Standardised,108.5627,Normalised (avg=100),1998-09,OECD via FRED,FRED series USACSCICP02STSAM
1943,Yijie,https://fred.stlouisfed.org/series/EXPINF10YR,Cleveland Fed – 10yr Inflation Expectations,2.407417,Percent (%),1998-10,Federal Reserve Bank of Cleveland via FRED,FRED series EXPINF10YR
1944,Yijie,https://fred.stlouisfed.org/series/EXPINF1YR,Cleveland Fed – 1yr Inflation Expectations,2.3601762,Percent (%),1998-10,Federal Reserve Bank of Cleveland via FRED,FRED series EXPINF1YR
1945,Yijie,,Michigan ICS – Overall,97.4,Index Points,1998-10,Univ. of Michigan – Surveys of Consumers,
1946,Yijie,https://fred.stlouisfed.org/series/MICH,Michigan – 1yr Inflation Expectations,2.5,Percent (%),1998-10,University of Michigan – Surveys of Consumers,FRED series MICH
1947,Yijie,,OECD CCI – Amplitude Adjusted,101.666,Normalised (avg=100),1998-10,OECD via FRED – CSCICP03USM665S,Above 100 = optimism; below 100 = pessimism
1948,Yijie,https://fred.stlouisfed.org/series/USACSCICP02STSAM,OECD CCI – Standardised,104.7969,Normalised (avg=100),1998-10,OECD via FRED,FRED series USACSCICP02STSAM
1949,Yijie,,Yale – Institutional 1yr Stock Confidence,77.01,%,1998-10,Yale ICF – Stock Market Confidence Indices,% of institutional investors expecting market higher in 1yr
1950,Yijie,https://fred.stlouisfed.org/series/EXPINF10YR,Cleveland Fed – 10yr Inflation Expectations,2.5441109,Percent (%),1998-11,Federal Reserve Bank of Cleveland via FRED,FRED series EXPINF10YR
1951,Yijie,https://fred.stlouisfed.org/series/EXPINF1YR,Cleveland Fed – 1yr Inflation Expectations,2.3458166,Percent (%),1998-11,Federal Reserve Bank of Cleveland via FRED,FRED series EXPINF1YR
1952,Yijie,,Michigan ICS – Overall,102.7,Index Points,1998-11,Univ. of Michigan – Surveys of Consumers,
1953,Yijie,https://fred.stlouisfed.org/series/MICH,Michigan – 1yr Inflation Expectations,2.3,Percent (%),1998-11,University of Michigan – Surveys of Consumers,FRED series MICH
1954,Yijie,,OECD CCI – Amplitude Adjusted,101.7593,Normalised (avg=100),1998-11,OECD via FRED – CSCICP03USM665S,Above 100 = optimism; below 100 = pessimism
1955,Yijie,https://fred.stlouisfed.org/series/USACSCICP02STSAM,OECD CCI – Standardised,110.4994,Normalised (avg=100),1998-11,OECD via FRED,FRED series USACSCICP02STSAM
1956,Yijie,https://fred.stlouisfed.org/series/EXPINF10YR,Cleveland Fed – 10yr Inflation Expectations,2.5016398,Percent (%),1998-12,Federal Reserve Bank of Cleveland via FRED,FRED series EXPINF10YR
1957,Yijie,https://fred.stlouisfed.org/series/EXPINF1YR,Cleveland Fed – 1yr Inflation Expectations,2.2704824,Percent (%),1998-12,Federal Reserve Bank of Cleveland via FRED,FRED series EXPINF1YR
1958,Yijie,,Michigan ICS – Overall,100.5,Index Points,1998-12,Univ. of Michigan – Surveys of Consumers,
1959,Yijie,https://fred.stlouisfed.org/series/MICH,Michigan – 1yr Inflation Expectations,2.5,Percent (%),1998-12,University of Michigan – Surveys of Consumers,FRED series MICH
1960,Yijie,,OECD CCI – Amplitude Adjusted,101.9019,Normalised (avg=100),1998-12,OECD via FRED – CSCICP03USM665S,Above 100 = optimism; below 100 = pessimism
1961,Yijie,https://fred.stlouisfed.org/series/USACSCICP02STSAM,OECD CCI – Standardised,108.1323,Normalised (avg=100),1998-12,OECD via FRED,FRED series USACSCICP02STSAM
1962,Yijie,https://fred.stlouisfed.org/series/EXPINF10YR,Cleveland Fed – 10yr Inflation Expectations,2.5871265,Percent (%),1999-01,Federal Reserve Bank of Cleveland via FRED,FRED series EXPINF10YR
1963,Yijie,https://fred.stlouisfed.org/series/EXPINF1YR,Cleveland Fed – 1yr Inflation Expectations,2.395567,Percent (%),1999-01,Federal Reserve Bank of Cleveland via FRED,FRED series EXPINF1YR
1964,Yijie,,Michigan ICS – Overall,103.9,Index Points,1999-01,Univ. of Michigan – Surveys of Consumers,
1965,Yijie,https://fred.stlouisfed.org/series/MICH,Michigan – 1yr Inflation Expectations,2.7,Percent (%),1999-01,University of Michigan – Surveys of Consumers,FRED series MICH
1966,Yijie,,OECD CCI – Amplitude Adjusted,102.1411,Normalised (avg=100),1999-01,OECD via FRED – CSCICP03USM665S,Above 100 = optimism; below 100 = pessimism
1967,Yijie,https://fred.stlouisfed.org/series/USACSCICP02STSAM,OECD CCI – Standardised,111.7906,Normalised (avg=100),1999-01,OECD via FRED,FRED series USACSCICP02STSAM
1968,Yijie,https://fred.stlouisfed.org/series/EXPINF10YR,Cleveland Fed – 10yr Inflation Expectations,2.6252973,Percent (%),1999-02,Federal Reserve Bank of Cleveland via FRED,FRED series EXPINF10YR
1969,Yijie,https://fred.stlouisfed.org/series/EXPINF1YR,Cleveland Fed – 1yr Inflation Expectations,2.4182198,Percent (%),1999-02,Federal Reserve Bank of Cleveland via FRED,FRED series EXPINF1YR
1970,Yijie,,Michigan ICS – Overall,108.1,Index Points,1999-02,Univ. of Michigan – Surveys of Consumers,
1971,Yijie,https://fred.stlouisfed.org/series/MICH,Michigan – 1yr Inflation Expectations,2.5,Percent (%),1999-02,University of Michigan – Surveys of Consumers,FRED series MICH
1972,Yijie,,OECD CCI – Amplitude Adjusted,102.3489,Normalised (avg=100),1999-02,OECD via FRED – CSCICP03USM665S,Above 100 = optimism; below 100 = pessimism
1973,Yijie,https://fred.stlouisfed.org/series/USACSCICP02STSAM,OECD CCI – Standardised,116.3095,Normalised (avg=100),1999-02,OECD via FRED,FRED series USACSCICP02STSAM
1974,Yijie,https://fred.stlouisfed.org/series/EXPINF10YR,Cleveland Fed – 10yr Inflation Expectations,2.789154,Percent (%),1999-03,Federal Reserve Bank of Cleveland via FRED,FRED series EXPINF10YR
1975,Yijie,https://fred.stlouisfed.org/series/EXPINF1YR,Cleveland Fed – 1yr Inflation Expectations,2.7113296,Percent (%),1999-03,Federal Reserve Bank of Cleveland via FRED,FRED series EXPINF1YR
1976,Yijie,,Michigan ICS – Overall,105.7,Index Points,1999-03,Univ. of Michigan – Surveys of Consumers,
1977,Yijie,https://fred.stlouisfed.org/series/MICH,Michigan – 1yr Inflation Expectations,2.7,Percent (%),1999-03,University of Michigan – Surveys of Consumers,FRED series MICH
1978,Yijie,,OECD CCI – Amplitude Adjusted,102.3841,Normalised (avg=100),1999-03,OECD via FRED – CSCICP03USM665S,Above 100 = optimism; below 100 = pessimism
1979,Yijie,https://fred.stlouisfed.org/series/USACSCICP02STSAM,OECD CCI – Standardised,113.7272,Normalised (avg=100),1999-03,OECD via FRED,FRED series USACSCICP02STSAM
1980,Yijie,https://fred.stlouisfed.org/series/EXPINF10YR,Cleveland Fed – 10yr Inflation Expectations,2.7963377,Percent (%),1999-04,Federal Reserve Bank of Cleveland via FRED,FRED series EXPINF10YR
1981,Yijie,https://fred.stlouisfed.org/series/EXPINF1YR,Cleveland Fed – 1yr Inflation Expectations,2.7007827,Percent (%),1999-04,Federal Reserve Bank of Cleveland via FRED,FRED series EXPINF1YR
1982,Yijie,,Michigan ICS – Overall,104.6,Index Points,1999-04,Univ. of Michigan – Surveys of Consumers,
1983,Yijie,https://fred.stlouisfed.org/series/MICH,Michigan – 1yr Inflation Expectations,2.7,Percent (%),1999-04,University of Michigan – Surveys of Consumers,FRED series MICH
1984,Yijie,,OECD CCI – Amplitude Adjusted,102.3793,Normalised (avg=100),1999-04,OECD via FRED – CSCICP03USM665S,Above 100 = optimism; below 100 = pessimism
1985,Yijie,https://fred.stlouisfed.org/series/USACSCICP02STSAM,OECD CCI – Standardised,112.5437,Normalised (avg=100),1999-04,OECD via FRED,FRED series USACSCICP02STSAM
1986,Yijie,,Yale – Individual 1yr Stock Confidence,75.59,%,1999-04,Yale ICF – Stock Market Confidence Indices,% of individual investors expecting market higher in 1yr
1987,Yijie,,Yale – Institutional 1yr Stock Confidence,54.74,%,1999-04,Yale ICF – Stock Market Confidence Indices,% of institutional investors expecting market higher in 1yr
1988,Yijie,https://fred.stlouisfed.org/series/EXPINF10YR,Cleveland Fed – 10yr Inflation Expectations,2.8490328,Percent (%),1999-05,Federal Reserve Bank of Cleveland via FRED,FRED series EXPINF10YR
1989,Yijie,https://fred.stlouisfed.org/series/EXPINF1YR,Cleveland Fed – 1yr Inflation Expectations,2.7428736,Percent (%),1999-05,Federal Reserve Bank of Cleveland via FRED,FRED series EXPINF1YR
1990,Yijie,,Michigan ICS – Overall,106.8,Index Points,1999-05,Univ. of Michigan – Surveys of Consumers,
1991,Yijie,https://fred.stlouisfed.org/series/MICH,Michigan – 1yr Inflation Expectations,2.8,Percent (%),1999-05,University of Michigan – Surveys of Consumers,FRED series MICH
1992,Yijie,,OECD CCI – Amplitude Adjusted,102.4228,Normalised (avg=100),1999-05,OECD via FRED – CSCICP03USM665S,Above 100 = optimism; below 100 = pessimism
1993,Yijie,https://fred.stlouisfed.org/series/USACSCICP02STSAM,OECD CCI – Standardised,114.9108,Normalised (avg=100),1999-05,OECD via FRED,FRED series USACSCICP02STSAM
1994,Yijie,https://fred.stlouisfed.org/series/EXPINF10YR,Cleveland Fed – 10yr Inflation Expectations,2.9371065,Percent (%),1999-06,Federal Reserve Bank of Cleveland via FRED,FRED series EXPINF10YR
1995,Yijie,https://fred.stlouisfed.org/series/EXPINF1YR,Cleveland Fed – 1yr Inflation Expectations,2.3467564,Percent (%),1999-06,Federal Reserve Bank of Cleveland via FRED,FRED series EXPINF1YR
1996,Yijie,,Michigan ICS – Overall,107.3,Index Points,1999-06,Univ. of Michigan – Surveys of Consumers,
1997,Yijie,https://fred.stlouisfed.org/series/MICH,Michigan – 1yr Inflation Expectations,2.5,Percent (%),1999-06,University of Michigan – Surveys of Consumers,FRED series MICH
1998,Yijie,,OECD CCI – Amplitude Adjusted,102.4339,Normalised (avg=100),1999-06,OECD via FRED – CSCICP03USM665S,Above 100 = optimism; below 100 = pessimism
1999,Yijie,https://fred.stlouisfed.org/series/USACSCICP02STSAM,OECD CCI – Standardised,115.4488,Normalised (avg=100),1999-06,OECD via FRED,FRED series USACSCICP02STSAM
2000,Yijie,https://fred.stlouisfed.org/series/EXPINF10YR,Cleveland Fed – 10yr Inflation Expectations,3.0105503,Percent (%),1999-07,Federal Reserve Bank of Cleveland via FRED,FRED series EXPINF10YR
2001,Yijie,https://fred.stlouisfed.org/series/EXPINF1YR,Cleveland Fed – 1yr Inflation Expectations,2.8008632,Percent (%),1999-07,Federal Reserve Bank of Cleveland via FRED,FRED series EXPINF1YR
2002,Yijie,,Michigan ICS – Overall,106.0,Index Points,1999-07,Univ. of Michigan – Surveys of Consumers,
2003,Yijie,https://fred.stlouisfed.org/series/MICH,Michigan – 1yr Inflation Expectations,2.7,Percent (%),1999-07,University of Michigan – Surveys of Consumers,FRED series MICH
2004,Yijie,,OECD CCI – Amplitude Adjusted,102.3785,Normalised (avg=100),1999-07,OECD via FRED – CSCICP03USM665S,Above 100 = optimism; below 100 = pessimism
2005,Yijie,https://fred.stlouisfed.org/series/USACSCICP02STSAM,OECD CCI – Standardised,114.05,Normalised (avg=100),1999-07,OECD via FRED,FRED series USACSCICP02STSAM
2006,Yijie,https://fred.stlouisfed.org/series/EXPINF10YR,Cleveland Fed – 10yr Inflation Expectations,3.0557115,Percent (%),1999-08,Federal Reserve Bank of Cleveland via FRED,FRED series EXPINF10YR
2007,Yijie,https://fred.stlouisfed.org/series/EXPINF1YR,Cleveland Fed – 1yr Inflation Expectations,2.8129568,Percent (%),1999-08,Federal Reserve Bank of Cleveland via FRED,FRED series EXPINF1YR
2008,Yijie,,Michigan ICS – Overall,104.5,Index Points,1999-08,Univ. of Michigan – Surveys of Consumers,
2009,Yijie,https://fred.stlouisfed.org/series/MICH,Michigan – 1yr Inflation Expectations,2.8,Percent (%),1999-08,University of Michigan – Surveys of Consumers,FRED series MICH
2010,Yijie,,OECD CCI – Amplitude Adjusted,102.317,Normalised (avg=100),1999-08,OECD via FRED – CSCICP03USM665S,Above 100 = optimism; below 100 = pessimism
2011,Yijie,https://fred.stlouisfed.org/series/USACSCICP02STSAM,OECD CCI – Standardised,112.4361,Normalised (avg=100),1999-08,OECD via FRED,FRED series USACSCICP02STSAM
2012,Yijie,https://fred.stlouisfed.org/series/EXPINF10YR,Cleveland Fed – 10yr Inflation Expectations,3.0939121,Percent (%),1999-09,Federal Reserve Bank of Cleveland via FRED,FRED series EXPINF10YR
2013,Yijie,https://fred.stlouisfed.org/series/EXPINF1YR,Cleveland Fed – 1yr Inflation Expectations,2.6882069,Percent (%),1999-09,Federal Reserve Bank of Cleveland via FRED,FRED series EXPINF1YR
2014,Yijie,,Michigan ICS – Overall,107.2,Index Points,1999-09,Univ. of Michigan – Surveys of Consumers,
2015,Yijie,https://fred.stlouisfed.org/series/MICH,Michigan – 1yr Inflation Expectations,2.7,Percent (%),1999-09,University of Michigan – Surveys of Consumers,FRED series MICH
2016,Yijie,,OECD CCI – Amplitude Adjusted,102.3068,Normalised (avg=100),1999-09,OECD via FRED – CSCICP03USM665S,Above 100 = optimism; below 100 = pessimism
2017,Yijie,https://fred.stlouisfed.org/series/USACSCICP02STSAM,OECD CCI – Standardised,115.3412,Normalised (avg=100),1999-09,OECD via FRED,FRED series USACSCICP02STSAM
2018,Yijie,https://fred.stlouisfed.org/series/EXPINF10YR,Cleveland Fed – 10yr Inflation Expectations,3.134861,Percent (%),1999-10,Federal Reserve Bank of Cleveland via FRED,FRED series EXPINF10YR
2019,Yijie,https://fred.stlouisfed.org/series/EXPINF1YR,Cleveland Fed – 1yr Inflation Expectations,2.8762836,Percent (%),1999-10,Federal Reserve Bank of Cleveland via FRED,FRED series EXPINF1YR
2020,Yijie,,Michigan ICS – Overall,103.2,Index Points,1999-10,Univ. of Michigan – Surveys of Consumers,
2021,Yijie,https://fred.stlouisfed.org/series/MICH,Michigan – 1yr Inflation Expectations,2.9,Percent (%),1999-10,University of Michigan – Surveys of Consumers,FRED series MICH
2022,Yijie,,OECD CCI – Amplitude Adjusted,102.2862,Normalised (avg=100),1999-10,OECD via FRED – CSCICP03USM665S,Above 100 = optimism; below 100 = pessimism
2023,Yijie,https://fred.stlouisfed.org/series/USACSCICP02STSAM,OECD CCI – Standardised,111.0374,Normalised (avg=100),1999-10,OECD via FRED,FRED series USACSCICP02STSAM
2024,Yijie,,Yale – Individual 1yr Stock Confidence,77.14,%,1999-10,Yale ICF – Stock Market Confidence Indices,% of individual investors expecting market higher in 1yr
2025,Yijie,,Yale – Institutional 1yr Stock Confidence,66.67,%,1999-10,Yale ICF – Stock Market Confidence Indices,% of institutional investors expecting market higher in 1yr
2026,Yijie,https://fred.stlouisfed.org/series/EXPINF10YR,Cleveland Fed – 10yr Inflation Expectations,3.1492332,Percent (%),1999-11,Federal Reserve Bank of Cleveland via FRED,FRED series EXPINF10YR
2027,Yijie,https://fred.stlouisfed.org/series/EXPINF1YR,Cleveland Fed – 1yr Inflation Expectations,2.9859271,Percent (%),1999-11,Federal Reserve Bank of Cleveland via FRED,FRED series EXPINF1YR
2028,Yijie,,Michigan ICS – Overall,107.2,Index Points,1999-11,Univ. of Michigan – Surveys of Consumers,
2029,Yijie,https://fred.stlouisfed.org/series/MICH,Michigan – 1yr Inflation Expectations,2.9,Percent (%),1999-11,University of Michigan – Surveys of Consumers,FRED series MICH
2030,Yijie,,OECD CCI – Amplitude Adjusted,102.4039,Normalised (avg=100),1999-11,OECD via FRED – CSCICP03USM665S,Above 100 = optimism; below 100 = pessimism
2031,Yijie,https://fred.stlouisfed.org/series/USACSCICP02STSAM,OECD CCI – Standardised,115.3412,Normalised (avg=100),1999-11,OECD via FRED,FRED series USACSCICP02STSAM
2032,Yijie,https://fred.stlouisfed.org/series/EXPINF10YR,Cleveland Fed – 10yr Inflation Expectations,3.2173645,Percent (%),1999-12,Federal Reserve Bank of Cleveland via FRED,FRED series EXPINF10YR
2033,Yijie,https://fred.stlouisfed.org/series/EXPINF1YR,Cleveland Fed – 1yr Inflation Expectations,3.1640203,Percent (%),1999-12,Federal Reserve Bank of Cleveland via FRED,FRED series EXPINF1YR
2034,Yijie,,Michigan ICS – Overall,105.4,Index Points,1999-12,Univ. of Michigan – Surveys of Consumers,
2035,Yijie,https://fred.stlouisfed.org/series/MICH,Michigan – 1yr Inflation Expectations,3.0,Percent (%),1999-12,University of Michigan – Surveys of Consumers,FRED series MICH
2036,Yijie,,OECD CCI – Amplitude Adjusted,102.5672,Normalised (avg=100),1999-12,OECD via FRED – CSCICP03USM665S,Above 100 = optimism; below 100 = pessimism
2037,Yijie,https://fred.stlouisfed.org/series/USACSCICP02STSAM,OECD CCI – Standardised,113.4045,Normalised (avg=100),1999-12,OECD via FRED,FRED series USACSCICP02STSAM
2038,Yijie,https://fred.stlouisfed.org/series/EXPINF10YR,Cleveland Fed – 10yr Inflation Expectations,3.2743698,Percent (%),2000-01,Federal Reserve Bank of Cleveland via FRED,FRED series EXPINF10YR
2039,Yijie,https://fred.stlouisfed.org/series/EXPINF1YR,Cleveland Fed – 1yr Inflation Expectations,3.080288,Percent (%),2000-01,Federal Reserve Bank of Cleveland via FRED,FRED series EXPINF1YR
2040,Yijie,,Michigan ICS – Overall,112.0,Index Points,2000-01,Univ. of Michigan – Surveys of Consumers,
2041,Yijie,https://fred.stlouisfed.org/series/MICH,Michigan – 1yr Inflation Expectations,3.0,Percent (%),2000-01,University of Michigan – Surveys of Consumers,FRED series MICH
2042,Yijie,,OECD CCI – Amplitude Adjusted,102.7963,Normalised (avg=100),2000-01,OECD via FRED – CSCICP03USM665S,Above 100 = optimism; below 100 = pessimism
2043,Yijie,https://fred.stlouisfed.org/series/USACSCICP02STSAM,OECD CCI – Standardised,120.5057,Normalised (avg=100),2000-01,OECD via FRED,FRED series USACSCICP02STSAM
2044,Yijie,https://fred.stlouisfed.org/series/EXPINF10YR,Cleveland Fed – 10yr Inflation Expectations,3.3488244,Percent (%),2000-02,Federal Reserve Bank of Cleveland via FRED,FRED series EXPINF10YR
2045,Yijie,https://fred.stlouisfed.org/series/EXPINF1YR,Cleveland Fed – 1yr Inflation Expectations,3.1570678,Percent (%),2000-02,Federal Reserve Bank of Cleveland via FRED,FRED series EXPINF1YR
2046,Yijie,,Michigan ICS – Overall,111.3,Index Points,2000-02,Univ. of Michigan – Surveys of Consumers,
2047,Yijie,https://fred.stlouisfed.org/series/MICH,Michigan – 1yr Inflation Expectations,2.9,Percent (%),2000-02,University of Michigan – Surveys of Consumers,FRED series MICH
2048,Yijie,,OECD CCI – Amplitude Adjusted,102.8489,Normalised (avg=100),2000-02,OECD via FRED – CSCICP03USM665S,Above 100 = optimism; below 100 = pessimism
2049,Yijie,https://fred.stlouisfed.org/series/USACSCICP02STSAM,OECD CCI – Standardised,119.7525,Normalised (avg=100),2000-02,OECD via FRED,FRED series USACSCICP02STSAM
2050,Yijie,https://fred.stlouisfed.org/series/EXPINF10YR,Cleveland Fed – 10yr Inflation Expectations,3.3286618,Percent (%),2000-03,Federal Reserve Bank of Cleveland via FRED,FRED series EXPINF10YR
2051,Yijie,https://fred.stlouisfed.org/series/EXPINF1YR,Cleveland Fed – 1yr Inflation Expectations,3.2388566,Percent (%),2000-03,Federal Reserve Bank of Cleveland via FRED,FRED series EXPINF1YR
2052,Yijie,,Michigan ICS – Overall,107.1,Index Points,2000-03,Univ. of Michigan – Surveys of Consumers,
2053,Yijie,https://fred.stlouisfed.org/series/MICH,Michigan – 1yr Inflation Expectations,3.2,Percent (%),2000-03,University of Michigan – Surveys of Consumers,FRED series MICH
2054,Yijie,,OECD CCI – Amplitude Adjusted,102.7685,Normalised (avg=100),2000-03,OECD via FRED – CSCICP03USM665S,Above 100 = optimism; below 100 = pessimism
2055,Yijie,https://fred.stlouisfed.org/series/USACSCICP02STSAM,OECD CCI – Standardised,115.2336,Normalised (avg=100),2000-03,OECD via FRED,FRED series USACSCICP02STSAM
2056,Yijie,https://fred.stlouisfed.org/series/EXPINF10YR,Cleveland Fed – 10yr Inflation Expectations,3.1782392,Percent (%),2000-04,Federal Reserve Bank of Cleveland via FRED,FRED series EXPINF10YR
2057,Yijie,https://fred.stlouisfed.org/series/EXPINF1YR,Cleveland Fed – 1yr Inflation Expectations,3.1606735,Percent (%),2000-04,Federal Reserve Bank of Cleveland via FRED,FRED series EXPINF1YR
2058,Yijie,,Michigan ICS – Overall,109.2,Index Points,2000-04,Univ. of Michigan – Surveys of Consumers,
2059,Yijie,https://fred.stlouisfed.org/series/MICH,Michigan – 1yr Inflation Expectations,3.2,Percent (%),2000-04,University of Michigan – Surveys of Consumers,FRED series MICH
2060,Yijie,,OECD CCI – Amplitude Adjusted,102.7501,Normalised (avg=100),2000-04,OECD via FRED – CSCICP03USM665S,Above 100 = optimism; below 100 = pessimism
2061,Yijie,https://fred.stlouisfed.org/series/USACSCICP02STSAM,OECD CCI – Standardised,117.493,Normalised (avg=100),2000-04,OECD via FRED,FRED series USACSCICP02STSAM
2062,Yijie,,Yale – Individual 1yr Stock Confidence,76.34,%,2000-04,Yale ICF – Stock Market Confidence Indices,% of individual investors expecting market higher in 1yr
2063,Yijie,,Yale – Institutional 1yr Stock Confidence,56.82,%,2000-04,Yale ICF – Stock Market Confidence Indices,% of institutional investors expecting market higher in 1yr
2064,Yijie,https://fred.stlouisfed.org/series/EXPINF10YR,Cleveland Fed – 10yr Inflation Expectations,3.2724233,Percent (%),2000-05,Federal Reserve Bank of Cleveland via FRED,FRED series EXPINF10YR
2065,Yijie,https://fred.stlouisfed.org/series/EXPINF1YR,Cleveland Fed – 1yr Inflation Expectations,3.3126257,Percent (%),2000-05,Federal Reserve Bank of Cleveland via FRED,FRED series EXPINF1YR
2066,Yijie,,Michigan ICS – Overall,110.7,Index Points,2000-05,Univ. of Michigan – Surveys of Consumers,
2067,Yijie,https://fred.stlouisfed.org/series/MICH,Michigan – 1yr Inflation Expectations,3.0,Percent (%),2000-05,University of Michigan – Surveys of Consumers,FRED series MICH
2068,Yijie,,OECD CCI – Amplitude Adjusted,102.7249,Normalised (avg=100),2000-05,OECD via FRED – CSCICP03USM665S,Above 100 = optimism; below 100 = pessimism
2069,Yijie,https://fred.stlouisfed.org/series/USACSCICP02STSAM,OECD CCI – Standardised,119.107,Normalised (avg=100),2000-05,OECD via FRED,FRED series USACSCICP02STSAM
2070,Yijie,https://fred.stlouisfed.org/series/EXPINF10YR,Cleveland Fed – 10yr Inflation Expectations,3.3262841,Percent (%),2000-06,Federal Reserve Bank of Cleveland via FRED,FRED series EXPINF10YR
2071,Yijie,https://fred.stlouisfed.org/series/EXPINF1YR,Cleveland Fed – 1yr Inflation Expectations,3.7602013,Percent (%),2000-06,Federal Reserve Bank of Cleveland via FRED,FRED series EXPINF1YR
2072,Yijie,,Michigan ICS – Overall,106.4,Index Points,2000-06,Univ. of Michigan – Surveys of Consumers,
2073,Yijie,https://fred.stlouisfed.org/series/MICH,Michigan – 1yr Inflation Expectations,2.9,Percent (%),2000-06,University of Michigan – Surveys of Consumers,FRED series MICH
2074,Yijie,,OECD CCI – Amplitude Adjusted,102.6267,Normalised (avg=100),2000-06,OECD via FRED – CSCICP03USM665S,Above 100 = optimism; below 100 = pessimism
2075,Yijie,https://fred.stlouisfed.org/series/USACSCICP02STSAM,OECD CCI – Standardised,114.4804,Normalised (avg=100),2000-06,OECD via FRED,FRED series USACSCICP02STSAM
2076,Yijie,https://fred.stlouisfed.org/series/EXPINF10YR,Cleveland Fed – 10yr Inflation Expectations,3.0885155,Percent (%),2000-07,Federal Reserve Bank of Cleveland via FRED,FRED series EXPINF10YR
2077,Yijie,https://fred.stlouisfed.org/series/EXPINF1YR,Cleveland Fed – 1yr Inflation Expectations,3.0862813,Percent (%),2000-07,Federal Reserve Bank of Cleveland via FRED,FRED series EXPINF1YR
2078,Yijie,,Michigan ICS – Overall,108.3,Index Points,2000-07,Univ. of Michigan – Surveys of Consumers,
2079,Yijie,https://fred.stlouisfed.org/series/MICH,Michigan – 1yr Inflation Expectations,3.0,Percent (%),2000-07,University of Michigan – Surveys of Consumers,FRED series MICH
2080,Yijie,,OECD CCI – Amplitude Adjusted,102.5935,Normalised (avg=100),2000-07,OECD via FRED – CSCICP03USM665S,Above 100 = optimism; below 100 = pessimism
2081,Yijie,https://fred.stlouisfed.org/series/USACSCICP02STSAM,OECD CCI – Standardised,116.5247,Normalised (avg=100),2000-07,OECD via FRED,FRED series USACSCICP02STSAM
2082,Yijie,https://fred.stlouisfed.org/series/EXPINF10YR,Cleveland Fed – 10yr Inflation Expectations,3.0654361,Percent (%),2000-08,Federal Reserve Bank of Cleveland via FRED,FRED series EXPINF10YR
2083,Yijie,https://fred.stlouisfed.org/series/EXPINF1YR,Cleveland Fed – 1yr Inflation Expectations,3.1234906,Percent (%),2000-08,Federal Reserve Bank of Cleveland via FRED,FRED series EXPINF1YR
2084,Yijie,,Michigan ICS – Overall,107.3,Index Points,2000-08,Univ. of Michigan – Surveys of Consumers,
2085,Yijie,https://fred.stlouisfed.org/series/MICH,Michigan – 1yr Inflation Expectations,2.7,Percent (%),2000-08,University of Michigan – Surveys of Consumers,FRED series MICH
2086,Yijie,,OECD CCI – Amplitude Adjusted,102.5589,Normalised (avg=100),2000-08,OECD via FRED – CSCICP03USM665S,Above 100 = optimism; below 100 = pessimism
2087,Yijie,https://fred.stlouisfed.org/series/USACSCICP02STSAM,OECD CCI – Standardised,115.4488,Normalised (avg=100),2000-08,OECD via FRED,FRED series USACSCICP02STSAM
2088,Yijie,https://fred.stlouisfed.org/series/EXPINF10YR,Cleveland Fed – 10yr Inflation Expectations,2.9890166,Percent (%),2000-09,Federal Reserve Bank of Cleveland via FRED,FRED series EXPINF10YR
2089,Yijie,https://fred.stlouisfed.org/series/EXPINF1YR,Cleveland Fed – 1yr Inflation Expectations,3.1741185,Percent (%),2000-09,Federal Reserve Bank of Cleveland via FRED,FRED series EXPINF1YR
2090,Yijie,,Michigan ICS – Overall,106.8,Index Points,2000-09,Univ. of Michigan – Surveys of Consumers,
2091,Yijie,https://fred.stlouisfed.org/series/MICH,Michigan – 1yr Inflation Expectations,2.9,Percent (%),2000-09,University of Michigan – Surveys of Consumers,FRED series MICH
2092,Yijie,,OECD CCI – Amplitude Adjusted,102.5094,Normalised (avg=100),2000-09,OECD via FRED – CSCICP03USM665S,Above 100 = optimism; below 100 = pessimism
2093,Yijie,https://fred.stlouisfed.org/series/USACSCICP02STSAM,OECD CCI – Standardised,114.9108,Normalised (avg=100),2000-09,OECD via FRED,FRED series USACSCICP02STSAM
2094,Yijie,https://fred.stlouisfed.org/series/EXPINF10YR,Cleveland Fed – 10yr Inflation Expectations,2.9611545,Percent (%),2000-10,Federal Reserve Bank of Cleveland via FRED,FRED series EXPINF10YR
2095,Yijie,https://fred.stlouisfed.org/series/EXPINF1YR,Cleveland Fed – 1yr Inflation Expectations,3.1062109,Percent (%),2000-10,Federal Reserve Bank of Cleveland via FRED,FRED series EXPINF1YR
2096,Yijie,,Michigan ICS – Overall,105.8,Index Points,2000-10,Univ. of Michigan – Surveys of Consumers,
2097,Yijie,https://fred.stlouisfed.org/series/MICH,Michigan – 1yr Inflation Expectations,3.2,Percent (%),2000-10,University of Michigan – Surveys of Consumers,FRED series MICH
2098,Yijie,,OECD CCI – Amplitude Adjusted,102.4011,Normalised (avg=100),2000-10,OECD via FRED – CSCICP03USM665S,Above 100 = optimism; below 100 = pessimism
2099,Yijie,https://fred.stlouisfed.org/series/USACSCICP02STSAM,OECD CCI – Standardised,113.8348,Normalised (avg=100),2000-10,OECD via FRED,FRED series USACSCICP02STSAM
2100,Yijie,,Yale – Individual 1yr Stock Confidence,75.61,%,2000-10,Yale ICF – Stock Market Confidence Indices,% of individual investors expecting market higher in 1yr
2101,Yijie,,Yale – Institutional 1yr Stock Confidence,74.07,%,2000-10,Yale ICF – Stock Market Confidence Indices,% of institutional investors expecting market higher in 1yr
2102,Yijie,https://fred.stlouisfed.org/series/EXPINF10YR,Cleveland Fed – 10yr Inflation Expectations,2.9558753,Percent (%),2000-11,Federal Reserve Bank of Cleveland via FRED,FRED series EXPINF10YR
2103,Yijie,https://fred.stlouisfed.org/series/EXPINF1YR,Cleveland Fed – 1yr Inflation Expectations,3.0989798,Percent (%),2000-11,Federal Reserve Bank of Cleveland via FRED,FRED series EXPINF1YR
2104,Yijie,,Michigan ICS – Overall,107.6,Index Points,2000-11,Univ. of Michigan – Surveys of Consumers,
2105,Yijie,https://fred.stlouisfed.org/series/MICH,Michigan – 1yr Inflation Expectations,2.9,Percent (%),2000-11,University of Michigan – Surveys of Consumers,FRED series MICH
2106,Yijie,,OECD CCI – Amplitude Adjusted,102.1504,Normalised (avg=100),2000-11,OECD via FRED – CSCICP03USM665S,Above 100 = optimism; below 100 = pessimism
2107,Yijie,https://fred.stlouisfed.org/series/USACSCICP02STSAM,OECD CCI – Standardised,115.7715,Normalised (avg=100),2000-11,OECD via FRED,FRED series USACSCICP02STSAM
2108,Yijie,https://fred.stlouisfed.org/series/EXPINF10YR,Cleveland Fed – 10yr Inflation Expectations,2.8761227,Percent (%),2000-12,Federal Reserve Bank of Cleveland via FRED,FRED series EXPINF10YR
2109,Yijie,https://fred.stlouisfed.org/series/EXPINF1YR,Cleveland Fed – 1yr Inflation Expectations,3.1672986,Percent (%),2000-12,Federal Reserve Bank of Cleveland via FRED,FRED series EXPINF1YR
2110,Yijie,,Michigan ICS – Overall,98.4,Index Points,2000-12,Univ. of Michigan – Surveys of Consumers,
2111,Yijie,https://fred.stlouisfed.org/series/MICH,Michigan – 1yr Inflation Expectations,2.8,Percent (%),2000-12,University of Michigan – Surveys of Consumers,FRED series MICH
2112,Yijie,,OECD CCI – Amplitude Adjusted,101.624,Normalised (avg=100),2000-12,OECD via FRED – CSCICP03USM665S,Above 100 = optimism; below 100 = pessimism
2113,Yijie,https://fred.stlouisfed.org/series/USACSCICP02STSAM,OECD CCI – Standardised,105.8729,Normalised (avg=100),2000-12,OECD via FRED,FRED series USACSCICP02STSAM
2114,Yijie,https://fred.stlouisfed.org/series/EXPINF10YR,Cleveland Fed – 10yr Inflation Expectations,2.5332933,Percent (%),2001-01,Federal Reserve Bank of Cleveland via FRED,FRED series EXPINF10YR
2115,Yijie,https://fred.stlouisfed.org/series/EXPINF1YR,Cleveland Fed – 1yr Inflation Expectations,2.6536536,Percent (%),2001-01,Federal Reserve Bank of Cleveland via FRED,FRED series EXPINF1YR
2116,Yijie,,Michigan ICS – Overall,94.7,Index Points,2001-01,Univ. of Michigan – Surveys of Consumers,
2117,Yijie,https://fred.stlouisfed.org/series/MICH,Michigan – 1yr Inflation Expectations,3.0,Percent (%),2001-01,University of Michigan – Surveys of Consumers,FRED series MICH
2118,Yijie,,OECD CCI – Amplitude Adjusted,101.1024,Normalised (avg=100),2001-01,OECD via FRED – CSCICP03USM665S,Above 100 = optimism; below 100 = pessimism
2119,Yijie,https://fred.stlouisfed.org/series/USACSCICP02STSAM,OECD CCI – Standardised,101.8919,Normalised (avg=100),2001-01,OECD via FRED,FRED series USACSCICP02STSAM
2120,Yijie,https://fred.stlouisfed.org/series/EXPINF10YR,Cleveland Fed – 10yr Inflation Expectations,2.6418159,Percent (%),2001-02,Federal Reserve Bank of Cleveland via FRED,FRED series EXPINF10YR
2121,Yijie,https://fred.stlouisfed.org/series/EXPINF1YR,Cleveland Fed – 1yr Inflation Expectations,2.632136,Percent (%),2001-02,Federal Reserve Bank of Cleveland via FRED,FRED series EXPINF1YR
2122,Yijie,,Michigan ICS – Overall,90.6,Index Points,2001-02,Univ. of Michigan – Surveys of Consumers,
2123,Yijie,https://fred.stlouisfed.org/series/MICH,Michigan – 1yr Inflation Expectations,2.8,Percent (%),2001-02,University of Michigan – Surveys of Consumers,FRED series MICH
2124,Yijie,,OECD CCI – Amplitude Adjusted,100.7213,Normalised (avg=100),2001-02,OECD via FRED – CSCICP03USM665S,Above 100 = optimism; below 100 = pessimism
2125,Yijie,https://fred.stlouisfed.org/series/USACSCICP02STSAM,OECD CCI – Standardised,97.4805,Normalised (avg=100),2001-02,OECD via FRED,FRED series USACSCICP02STSAM
2126,Yijie,https://fred.stlouisfed.org/series/EXPINF10YR,Cleveland Fed – 10yr Inflation Expectations,2.4986875,Percent (%),2001-03,Federal Reserve Bank of Cleveland via FRED,FRED series EXPINF10YR
2127,Yijie,https://fred.stlouisfed.org/series/EXPINF1YR,Cleveland Fed – 1yr Inflation Expectations,2.1422446,Percent (%),2001-03,Federal Reserve Bank of Cleveland via FRED,FRED series EXPINF1YR
2128,Yijie,,Michigan ICS – Overall,91.5,Index Points,2001-03,Univ. of Michigan – Surveys of Consumers,
2129,Yijie,https://fred.stlouisfed.org/series/MICH,Michigan – 1yr Inflation Expectations,2.8,Percent (%),2001-03,University of Michigan – Surveys of Consumers,FRED series MICH
2130,Yijie,,OECD CCI – Amplitude Adjusted,100.5567,Normalised (avg=100),2001-03,OECD via FRED – CSCICP03USM665S,Above 100 = optimism; below 100 = pessimism
2131,Yijie,https://fred.stlouisfed.org/series/USACSCICP02STSAM,OECD CCI – Standardised,98.44884,Normalised (avg=100),2001-03,OECD via FRED,FRED series USACSCICP02STSAM
2132,Yijie,https://fred.stlouisfed.org/series/EXPINF10YR,Cleveland Fed – 10yr Inflation Expectations,2.586794,Percent (%),2001-04,Federal Reserve Bank of Cleveland via FRED,FRED series EXPINF10YR
2133,Yijie,https://fred.stlouisfed.org/series/EXPINF1YR,Cleveland Fed – 1yr Inflation Expectations,2.5592129,Percent (%),2001-04,Federal Reserve Bank of Cleveland via FRED,FRED series EXPINF1YR
2134,Yijie,,Michigan ICS – Overall,88.4,Index Points,2001-04,Univ. of Michigan – Surveys of Consumers,
2135,Yijie,https://fred.stlouisfed.org/series/MICH,Michigan – 1yr Inflation Expectations,3.1,Percent (%),2001-04,University of Michigan – Surveys of Consumers,FRED series MICH
2136,Yijie,,OECD CCI – Amplitude Adjusted,100.5238,Normalised (avg=100),2001-04,OECD via FRED – CSCICP03USM665S,Above 100 = optimism; below 100 = pessimism
2137,Yijie,https://fred.stlouisfed.org/series/USACSCICP02STSAM,OECD CCI – Standardised,95.11342,Normalised (avg=100),2001-04,OECD via FRED,FRED series USACSCICP02STSAM
2138,Yijie,,Yale – Individual 1yr Stock Confidence,89.55,%,2001-04,Yale ICF – Stock Market Confidence Indices,% of individual investors expecting market higher in 1yr
2139,Yijie,,Yale – Institutional 1yr Stock Confidence,85.71,%,2001-04,Yale ICF – Stock Market Confidence Indices,% of institutional investors expecting market higher in 1yr
2140,Yijie,https://fred.stlouisfed.org/series/EXPINF10YR,Cleveland Fed – 10yr Inflation Expectations,2.7619294,Percent (%),2001-05,Federal Reserve Bank of Cleveland via FRED,FRED series EXPINF10YR
2141,Yijie,https://fred.stlouisfed.org/series/EXPINF1YR,Cleveland Fed – 1yr Inflation Expectations,2.7238774,Percent (%),2001-05,Federal Reserve Bank of Cleveland via FRED,FRED series EXPINF1YR
2142,Yijie,,Michigan ICS – Overall,92.0,Index Points,2001-05,Univ. of Michigan – Surveys of Consumers,
2143,Yijie,https://fred.stlouisfed.org/series/MICH,Michigan – 1yr Inflation Expectations,3.2,Percent (%),2001-05,University of Michigan – Surveys of Consumers,FRED series MICH
2144,Yijie,,OECD CCI – Amplitude Adjusted,100.6463,Normalised (avg=100),2001-05,OECD via FRED – CSCICP03USM665S,Above 100 = optimism; below 100 = pessimism
2145,Yijie,https://fred.stlouisfed.org/series/USACSCICP02STSAM,OECD CCI – Standardised,98.98682,Normalised (avg=100),2001-05,OECD via FRED,FRED series USACSCICP02STSAM
2146,Yijie,https://fred.stlouisfed.org/series/EXPINF10YR,Cleveland Fed – 10yr Inflation Expectations,2.8453051,Percent (%),2001-06,Federal Reserve Bank of Cleveland via FRED,FRED series EXPINF10YR
2147,Yijie,https://fred.stlouisfed.org/series/EXPINF1YR,Cleveland Fed – 1yr Inflation Expectations,2.7511842,Percent (%),2001-06,Federal Reserve Bank of Cleveland via FRED,FRED series EXPINF1YR
2148,Yijie,,Michigan ICS – Overall,92.6,Index Points,2001-06,Univ. of Michigan – Surveys of Consumers,
2149,Yijie,https://fred.stlouisfed.org/series/MICH,Michigan – 1yr Inflation Expectations,3.0,Percent (%),2001-06,University of Michigan – Surveys of Consumers,FRED series MICH
2150,Yijie,,OECD CCI – Amplitude Adjusted,100.7251,Normalised (avg=100),2001-06,OECD via FRED – CSCICP03USM665S,Above 100 = optimism; below 100 = pessimism
2151,Yijie,https://fred.stlouisfed.org/series/USACSCICP02STSAM,OECD CCI – Standardised,99.63239,Normalised (avg=100),2001-06,OECD via FRED,FRED series USACSCICP02STSAM
2152,Yijie,https://fred.stlouisfed.org/series/EXPINF10YR,Cleveland Fed – 10yr Inflation Expectations,2.8069829,Percent (%),2001-07,Federal Reserve Bank of Cleveland via FRED,FRED series EXPINF10YR
2153,Yijie,https://fred.stlouisfed.org/series/EXPINF1YR,Cleveland Fed – 1yr Inflation Expectations,2.6878453,Percent (%),2001-07,Federal Reserve Bank of Cleveland via FRED,FRED series EXPINF1YR
2154,Yijie,,Michigan ICS – Overall,92.4,Index Points,2001-07,Univ. of Michigan – Surveys of Consumers,
2155,Yijie,https://fred.stlouisfed.org/series/MICH,Michigan – 1yr Inflation Expectations,2.6,Percent (%),2001-07,University of Michigan – Surveys of Consumers,FRED series MICH
2156,Yijie,,OECD CCI – Amplitude Adjusted,100.6393,Normalised (avg=100),2001-07,OECD via FRED – CSCICP03USM665S,Above 100 = optimism; below 100 = pessimism
2157,Yijie,https://fred.stlouisfed.org/series/USACSCICP02STSAM,OECD CCI – Standardised,99.4172,Normalised (avg=100),2001-07,OECD via FRED,FRED series USACSCICP02STSAM
2158,Yijie,,Yale – Individual 1yr Stock Confidence,90.14,%,2001-07,Yale ICF – Stock Market Confidence Indices,% of individual investors expecting market higher in 1yr
2159,Yijie,,Yale – Institutional 1yr Stock Confidence,76.25,%,2001-07,Yale ICF – Stock Market Confidence Indices,% of institutional investors expecting market higher in 1yr
2160,Yijie,https://fred.stlouisfed.org/series/EXPINF10YR,Cleveland Fed – 10yr Inflation Expectations,2.6864373,Percent (%),2001-08,Federal Reserve Bank of Cleveland via FRED,FRED series EXPINF10YR
2161,Yijie,https://fred.stlouisfed.org/series/EXPINF1YR,Cleveland Fed – 1yr Inflation Expectations,2.5859519,Percent (%),2001-08,Federal Reserve Bank of Cleveland via FRED,FRED series EXPINF1YR
2162,Yijie,,Michigan ICS – Overall,91.5,Index Points,2001-08,Univ. of Michigan – Surveys of Consumers,
2163,Yijie,https://fred.stlouisfed.org/series/MICH,Michigan – 1yr Inflation Expectations,2.7,Percent (%),2001-08,University of Michigan – Surveys of Consumers,FRED series MICH
2164,Yijie,,OECD CCI – Amplitude Adjusted,100.3387,Normalised (avg=100),2001-08,OECD via FRED – CSCICP03USM665S,Above 100 = optimism; below 100 = pessimism
2165,Yijie,https://fred.stlouisfed.org/series/USACSCICP02STSAM,OECD CCI – Standardised,98.44884,Normalised (avg=100),2001-08,OECD via FRED,FRED series USACSCICP02STSAM
2166,Yijie,,Yale – Individual 1yr Stock Confidence,90.79,%,2001-08,Yale ICF – Stock Market Confidence Indices,% of individual investors expecting market higher in 1yr
2167,Yijie,,Yale – Institutional 1yr Stock Confidence,77.11,%,2001-08,Yale ICF – Stock Market Confidence Indices,% of institutional investors expecting market higher in 1yr
2168,Yijie,https://fred.stlouisfed.org/series/EXPINF10YR,Cleveland Fed – 10yr Inflation Expectations,2.7490267,Percent (%),2001-09,Federal Reserve Bank of Cleveland via FRED,FRED series EXPINF10YR
2169,Yijie,https://fred.stlouisfed.org/series/EXPINF1YR,Cleveland Fed – 1yr Inflation Expectations,3.1152263,Percent (%),2001-09,Federal Reserve Bank of Cleveland via FRED,FRED series EXPINF1YR
2170,Yijie,,Michigan ICS – Overall,81.8,Index Points,2001-09,Univ. of Michigan – Surveys of Consumers,
2171,Yijie,https://fred.stlouisfed.org/series/MICH,Michigan – 1yr Inflation Expectations,2.8,Percent (%),2001-09,University of Michigan – Surveys of Consumers,FRED series MICH
2172,Yijie,,OECD CCI – Amplitude Adjusted,99.90548,Normalised (avg=100),2001-09,OECD via FRED – CSCICP03USM665S,Above 100 = optimism; below 100 = pessimism
2173,Yijie,https://fred.stlouisfed.org/series/USACSCICP02STSAM,OECD CCI – Standardised,88.01219,Normalised (avg=100),2001-09,OECD via FRED,FRED series USACSCICP02STSAM
2174,Yijie,,Yale – Individual 1yr Stock Confidence,88.64,%,2001-09,Yale ICF – Stock Market Confidence Indices,% of individual investors expecting market higher in 1yr
2175,Yijie,,Yale – Institutional 1yr Stock Confidence,76.74,%,2001-09,Yale ICF – Stock Market Confidence Indices,% of institutional investors expecting market higher in 1yr
2176,Yijie,https://fred.stlouisfed.org/series/EXPINF10YR,Cleveland Fed – 10yr Inflation Expectations,2.5279263,Percent (%),2001-10,Federal Reserve Bank of Cleveland via FRED,FRED series EXPINF10YR
2177,Yijie,https://fred.stlouisfed.org/series/EXPINF1YR,Cleveland Fed – 1yr Inflation Expectations,2.2912795,Percent (%),2001-10,Federal Reserve Bank of Cleveland via FRED,FRED series EXPINF1YR
2178,Yijie,,Michigan ICS – Overall,82.7,Index Points,2001-10,Univ. of Michigan – Surveys of Consumers,
2179,Yijie,https://fred.stlouisfed.org/series/MICH,Michigan – 1yr Inflation Expectations,1.0,Percent (%),2001-10,University of Michigan – Surveys of Consumers,FRED series MICH
2180,Yijie,,OECD CCI – Amplitude Adjusted,99.74929,Normalised (avg=100),2001-10,OECD via FRED – CSCICP03USM665S,Above 100 = optimism; below 100 = pessimism
2181,Yijie,https://fred.stlouisfed.org/series/USACSCICP02STSAM,OECD CCI – Standardised,88.98055,Normalised (avg=100),2001-10,OECD via FRED,FRED series USACSCICP02STSAM
2182,Yijie,,Yale – Individual 1yr Stock Confidence,92.5,%,2001-10,Yale ICF – Stock Market Confidence Indices,% of individual investors expecting market higher in 1yr
2183,Yijie,,Yale – Institutional 1yr Stock Confidence,78.57,%,2001-10,Yale ICF – Stock Market Confidence Indices,% of institutional investors expecting market higher in 1yr
2184,Yijie,https://fred.stlouisfed.org/series/EXPINF10YR,Cleveland Fed – 10yr Inflation Expectations,2.3965374,Percent (%),2001-11,Federal Reserve Bank of Cleveland via FRED,FRED series EXPINF10YR
2185,Yijie,https://fred.stlouisfed.org/series/EXPINF1YR,Cleveland Fed – 1yr Inflation Expectations,2.0813513,Percent (%),2001-11,Federal Reserve Bank of Cleveland via FRED,FRED series EXPINF1YR
2186,Yijie,,Michigan ICS – Overall,83.9,Index Points,2001-11,Univ. of Michigan – Surveys of Consumers,
2187,Yijie,https://fred.stlouisfed.org/series/MICH,Michigan – 1yr Inflation Expectations,0.4,Percent (%),2001-11,University of Michigan – Surveys of Consumers,FRED series MICH
2188,Yijie,,OECD CCI – Amplitude Adjusted,99.89661,Normalised (avg=100),2001-11,OECD via FRED – CSCICP03USM665S,Above 100 = optimism; below 100 = pessimism
2189,Yijie,https://fred.stlouisfed.org/series/USACSCICP02STSAM,OECD CCI – Standardised,90.27168,Normalised (avg=100),2001-11,OECD via FRED,FRED series USACSCICP02STSAM
2190,Yijie,,Yale – Individual 1yr Stock Confidence,90.32,%,2001-11,Yale ICF – Stock Market Confidence Indices,% of individual investors expecting market higher in 1yr
2191,Yijie,,Yale – Institutional 1yr Stock Confidence,72.45,%,2001-11,Yale ICF – Stock Market Confidence Indices,% of institutional investors expecting market higher in 1yr
2192,Yijie,https://fred.stlouisfed.org/series/EXPINF10YR,Cleveland Fed – 10yr Inflation Expectations,2.6393462,Percent (%),2001-12,Federal Reserve Bank of Cleveland via FRED,FRED series EXPINF10YR
2193,Yijie,https://fred.stlouisfed.org/series/EXPINF1YR,Cleveland Fed – 1yr Inflation Expectations,2.7313753,Percent (%),2001-12,Federal Reserve Bank of Cleveland via FRED,FRED series EXPINF1YR
2194,Yijie,,Michigan ICS – Overall,88.8,Index Points,2001-12,Univ. of Michigan – Surveys of Consumers,
2195,Yijie,https://fred.stlouisfed.org/series/MICH,Michigan – 1yr Inflation Expectations,1.8,Percent (%),2001-12,University of Michigan – Surveys of Consumers,FRED series MICH
2196,Yijie,,OECD CCI – Amplitude Adjusted,100.2531,Normalised (avg=100),2001-12,OECD via FRED – CSCICP03USM665S,Above 100 = optimism; below 100 = pessimism
2197,Yijie,https://fred.stlouisfed.org/series/USACSCICP02STSAM,OECD CCI – Standardised,95.5438,Normalised (avg=100),2001-12,OECD via FRED,FRED series USACSCICP02STSAM
2198,Yijie,,Yale – Individual 1yr Stock Confidence,89.09,%,2001-12,Yale ICF – Stock Market Confidence Indices,% of individual investors expecting market higher in 1yr
2199,Yijie,,Yale – Institutional 1yr Stock Confidence,74.55,%,2001-12,Yale ICF – Stock Market Confidence Indices,% of institutional investors expecting market higher in 1yr
2200,Yijie,https://fred.stlouisfed.org/series/EXPINF10YR,Cleveland Fed – 10yr Inflation Expectations,2.7899369,Percent (%),2002-01,Federal Reserve Bank of Cleveland via FRED,FRED series EXPINF10YR
2201,Yijie,https://fred.stlouisfed.org/series/EXPINF1YR,Cleveland Fed – 1yr Inflation Expectations,2.2902539,Percent (%),2002-01,Federal Reserve Bank of Cleveland via FRED,FRED series EXPINF1YR
2202,Yijie,,Michigan ICS – Overall,93.0,Index Points,2002-01,Univ. of Michigan – Surveys of Consumers,
2203,Yijie,https://fred.stlouisfed.org/series/MICH,Michigan – 1yr Inflation Expectations,1.9,Percent (%),2002-01,University of Michigan – Surveys of Consumers,FRED series MICH
2204,Yijie,,OECD CCI – Amplitude Adjusted,100.5978,Normalised (avg=100),2002-01,OECD via FRED – CSCICP03USM665S,Above 100 = optimism; below 100 = pessimism
2205,Yijie,https://fred.stlouisfed.org/series/USACSCICP02STSAM,OECD CCI – Standardised,100.0628,Normalised (avg=100),2002-01,OECD via FRED,FRED series USACSCICP02STSAM
2206,Yijie,,Yale – Individual 1yr Stock Confidence,88.49,%,2002-01,Yale ICF – Stock Market Confidence Indices,% of individual investors expecting market higher in 1yr
2207,Yijie,,Yale – Institutional 1yr Stock Confidence,78.95,%,2002-01,Yale ICF – Stock Market Confidence Indices,% of institutional investors expecting market higher in 1yr
2208,Yijie,https://fred.stlouisfed.org/series/EXPINF10YR,Cleveland Fed – 10yr Inflation Expectations,2.7123769,Percent (%),2002-02,Federal Reserve Bank of Cleveland via FRED,FRED series EXPINF10YR
2209,Yijie,https://fred.stlouisfed.org/series/EXPINF1YR,Cleveland Fed – 1yr Inflation Expectations,2.1457897,Percent (%),2002-02,Federal Reserve Bank of Cleveland via FRED,FRED series EXPINF1YR
2210,Yijie,,Michigan ICS – Overall,90.7,Index Points,2002-02,Univ. of Michigan – Surveys of Consumers,
2211,Yijie,https://fred.stlouisfed.org/series/MICH,Michigan – 1yr Inflation Expectations,2.1,Percent (%),2002-02,University of Michigan – Surveys of Consumers,FRED series MICH
2212,Yijie,,OECD CCI – Amplitude Adjusted,100.8044,Normalised (avg=100),2002-02,OECD via FRED – CSCICP03USM665S,Above 100 = optimism; below 100 = pessimism
2213,Yijie,https://fred.stlouisfed.org/series/USACSCICP02STSAM,OECD CCI – Standardised,97.5881,Normalised (avg=100),2002-02,OECD via FRED,FRED series USACSCICP02STSAM
2214,Yijie,,Yale – Individual 1yr Stock Confidence,89.08,%,2002-02,Yale ICF – Stock Market Confidence Indices,% of individual investors expecting market higher in 1yr
2215,Yijie,,Yale – Institutional 1yr Stock Confidence,80.0,%,2002-02,Yale ICF – Stock Market Confidence Indices,% of institutional investors expecting market higher in 1yr
2216,Yijie,https://fred.stlouisfed.org/series/EXPINF10YR,Cleveland Fed – 10yr Inflation Expectations,2.7046551,Percent (%),2002-03,Federal Reserve Bank of Cleveland via FRED,FRED series EXPINF10YR
2217,Yijie,https://fred.stlouisfed.org/series/EXPINF1YR,Cleveland Fed – 1yr Inflation Expectations,2.013877,Percent (%),2002-03,Federal Reserve Bank of Cleveland via FRED,FRED series EXPINF1YR
2218,Yijie,,Michigan ICS – Overall,95.7,Index Points,2002-03,Univ. of Michigan – Surveys of Consumers,
2219,Yijie,https://fred.stlouisfed.org/series/MICH,Michigan – 1yr Inflation Expectations,2.7,Percent (%),2002-03,University of Michigan – Surveys of Consumers,FRED series MICH
2220,Yijie,,OECD CCI – Amplitude Adjusted,100.9911,Normalised (avg=100),2002-03,OECD via FRED – CSCICP03USM665S,Above 100 = optimism; below 100 = pessimism
2221,Yijie,https://fred.stlouisfed.org/series/USACSCICP02STSAM,OECD CCI – Standardised,102.9678,Normalised (avg=100),2002-03,OECD via FRED,FRED series USACSCICP02STSAM
2222,Yijie,,Yale – Individual 1yr Stock Confidence,90.59,%,2002-03,Yale ICF – Stock Market Confidence Indices,% of individual investors expecting market higher in 1yr
2223,Yijie,,Yale – Institutional 1yr Stock Confidence,81.67,%,2002-03,Yale ICF – Stock Market Confidence Indices,% of institutional investors expecting market higher in 1yr
2224,Yijie,https://fred.stlouisfed.org/series/EXPINF10YR,Cleveland Fed – 10yr Inflation Expectations,2.9520356,Percent (%),2002-04,Federal Reserve Bank of Cleveland via FRED,FRED series EXPINF10YR
2225,Yijie,https://fred.stlouisfed.org/series/EXPINF1YR,Cleveland Fed – 1yr Inflation Expectations,2.5878316,Percent (%),2002-04,Federal Reserve Bank of Cleveland via FRED,FRED series EXPINF1YR
2226,Yijie,,Michigan ICS – Overall,93.0,Index Points,2002-04,Univ. of Michigan – Surveys of Consumers,
2227,Yijie,https://fred.stlouisfed.org/series/MICH,Michigan – 1yr Inflation Expectations,2.8,Percent (%),2002-04,University of Michigan – Surveys of Consumers,FRED series MICH
2228,Yijie,,OECD CCI – Amplitude Adjusted,101.0437,Normalised (avg=100),2002-04,OECD via FRED – CSCICP03USM665S,Above 100 = optimism; below 100 = pessimism
2229,Yijie,https://fred.stlouisfed.org/series/USACSCICP02STSAM,OECD CCI – Standardised,100.0628,Normalised (avg=100),2002-04,OECD via FRED,FRED series USACSCICP02STSAM
2230,Yijie,,Yale – Individual 1yr Stock Confidence,88.78,%,2002-04,Yale ICF – Stock Market Confidence Indices,% of individual investors expecting market higher in 1yr
2231,Yijie,,Yale – Institutional 1yr Stock Confidence,80.0,%,2002-04,Yale ICF – Stock Market Confidence Indices,% of institutional investors expecting market higher in 1yr
2232,Yijie,https://fred.stlouisfed.org/series/EXPINF10YR,Cleveland Fed – 10yr Inflation Expectations,2.7927848,Percent (%),2002-05,Federal Reserve Bank of Cleveland via FRED,FRED series EXPINF10YR
2233,Yijie,https://fred.stlouisfed.org/series/EXPINF1YR,Cleveland Fed – 1yr Inflation Expectations,2.6186536,Percent (%),2002-05,Federal Reserve Bank of Cleveland via FRED,FRED series EXPINF1YR
2234,Yijie,,Michigan ICS – Overall,96.9,Index Points,2002-05,Univ. of Michigan – Surveys of Consumers,
2235,Yijie,https://fred.stlouisfed.org/series/MICH,Michigan – 1yr Inflation Expectations,2.7,Percent (%),2002-05,University of Michigan – Surveys of Consumers,FRED series MICH
2236,Yijie,,OECD CCI – Amplitude Adjusted,101.0177,Normalised (avg=100),2002-05,OECD via FRED – CSCICP03USM665S,Above 100 = optimism; below 100 = pessimism
2237,Yijie,https://fred.stlouisfed.org/series/USACSCICP02STSAM,OECD CCI – Standardised,104.2589,Normalised (avg=100),2002-05,OECD via FRED,FRED series USACSCICP02STSAM
2238,Yijie,,Yale – Individual 1yr Stock Confidence,89.33,%,2002-05,Yale ICF – Stock Market Confidence Indices,% of individual investors expecting market higher in 1yr
2239,Yijie,,Yale – Institutional 1yr Stock Confidence,83.18,%,2002-05,Yale ICF – Stock Market Confidence Indices,% of institutional investors expecting market higher in 1yr
2240,Yijie,https://fred.stlouisfed.org/series/EXPINF10YR,Cleveland Fed – 10yr Inflation Expectations,2.7303686,Percent (%),2002-06,Federal Reserve Bank of Cleveland via FRED,FRED series EXPINF10YR
2241,Yijie,https://fred.stlouisfed.org/series/EXPINF1YR,Cleveland Fed – 1yr Inflation Expectations,2.3419254,Percent (%),2002-06,Federal Reserve Bank of Cleveland via FRED,FRED series EXPINF1YR
2242,Yijie,,Michigan ICS – Overall,92.4,Index Points,2002-06,Univ. of Michigan – Surveys of Consumers,
2243,Yijie,https://fred.stlouisfed.org/series/MICH,Michigan – 1yr Inflation Expectations,2.7,Percent (%),2002-06,University of Michigan – Surveys of Consumers,FRED series MICH
2244,Yijie,,OECD CCI – Amplitude Adjusted,100.7677,Normalised (avg=100),2002-06,OECD via FRED – CSCICP03USM665S,Above 100 = optimism; below 100 = pessimism
2245,Yijie,https://fred.stlouisfed.org/series/USACSCICP02STSAM,OECD CCI – Standardised,99.4172,Normalised (avg=100),2002-06,OECD via FRED,FRED series USACSCICP02STSAM
2246,Yijie,,Yale – Individual 1yr Stock Confidence,88.39,%,2002-06,Yale ICF – Stock Market Confidence Indices,% of individual investors expecting market higher in 1yr
2247,Yijie,,Yale – Institutional 1yr Stock Confidence,84.21,%,2002-06,Yale ICF – Stock Market Confidence Indices,% of institutional investors expecting market higher in 1yr
2248,Yijie,https://fred.stlouisfed.org/series/EXPINF10YR,Cleveland Fed – 10yr Inflation Expectations,2.6473991,Percent (%),2002-07,Federal Reserve Bank of Cleveland via FRED,FRED series EXPINF10YR
2249,Yijie,https://fred.stlouisfed.org/series/EXPINF1YR,Cleveland Fed – 1yr Inflation Expectations,2.3480992,Percent (%),2002-07,Federal Reserve Bank of Cleveland via FRED,FRED series EXPINF1YR
2250,Yijie,,Michigan ICS – Overall,88.1,Index Points,2002-07,Univ. of Michigan – Surveys of Consumers,
2251,Yijie,https://fred.stlouisfed.org/series/MICH,Michigan – 1yr Inflation Expectations,2.6,Percent (%),2002-07,University of Michigan – Surveys of Consumers,FRED series MICH
2252,Yijie,,OECD CCI – Amplitude Adjusted,100.433,Normalised (avg=100),2002-07,OECD via FRED – CSCICP03USM665S,Above 100 = optimism; below 100 = pessimism
2253,Yijie,https://fred.stlouisfed.org/series/USACSCICP02STSAM,OECD CCI – Standardised,94.79064,Normalised (avg=100),2002-07,OECD via FRED,FRED series USACSCICP02STSAM
2254,Yijie,,Yale – Individual 1yr Stock Confidence,87.5,%,2002-07,Yale ICF – Stock Market Confidence Indices,% of individual investors expecting market higher in 1yr
2255,Yijie,,Yale – Institutional 1yr Stock Confidence,84.15,%,2002-07,Yale ICF – Stock Market Confidence Indices,% of institutional investors expecting market higher in 1yr
2256,Yijie,https://fred.stlouisfed.org/series/EXPINF10YR,Cleveland Fed – 10yr Inflation Expectations,2.3926105,Percent (%),2002-08,Federal Reserve Bank of Cleveland via FRED,FRED series EXPINF10YR
2257,Yijie,https://fred.stlouisfed.org/series/EXPINF1YR,Cleveland Fed – 1yr Inflation Expectations,2.1314545,Percent (%),2002-08,Federal Reserve Bank of Cleveland via FRED,FRED series EXPINF1YR
2258,Yijie,,Michigan ICS – Overall,87.6,Index Points,2002-08,Univ. of Michigan – Surveys of Consumers,
2259,Yijie,https://fred.stlouisfed.org/series/MICH,Michigan – 1yr Inflation Expectations,2.6,Percent (%),2002-08,University of Michigan – Surveys of Consumers,FRED series MICH
2260,Yijie,,OECD CCI – Amplitude Adjusted,100.1572,Normalised (avg=100),2002-08,OECD via FRED – CSCICP03USM665S,Above 100 = optimism; below 100 = pessimism
2261,Yijie,https://fred.stlouisfed.org/series/USACSCICP02STSAM,OECD CCI – Standardised,94.25267,Normalised (avg=100),2002-08,OECD via FRED,FRED series USACSCICP02STSAM
2262,Yijie,,Yale – Individual 1yr Stock Confidence,85.04,%,2002-08,Yale ICF – Stock Market Confidence Indices,% of individual investors expecting market higher in 1yr
2263,Yijie,,Yale – Institutional 1yr Stock Confidence,80.77,%,2002-08,Yale ICF – Stock Market Confidence Indices,% of institutional investors expecting market higher in 1yr
2264,Yijie,https://fred.stlouisfed.org/series/EXPINF10YR,Cleveland Fed – 10yr Inflation Expectations,2.2175256,Percent (%),2002-09,Federal Reserve Bank of Cleveland via FRED,FRED series EXPINF10YR
2265,Yijie,https://fred.stlouisfed.org/series/EXPINF1YR,Cleveland Fed – 1yr Inflation Expectations,2.0411286,Percent (%),2002-09,Federal Reserve Bank of Cleveland via FRED,FRED series EXPINF1YR
2266,Yijie,,Michigan ICS – Overall,86.1,Index Points,2002-09,Univ. of Michigan – Surveys of Consumers,
2267,Yijie,https://fred.stlouisfed.org/series/MICH,Michigan – 1yr Inflation Expectations,2.5,Percent (%),2002-09,University of Michigan – Surveys of Consumers,FRED series MICH
2268,Yijie,,OECD CCI – Amplitude Adjusted,99.91587,Normalised (avg=100),2002-09,OECD via FRED – CSCICP03USM665S,Above 100 = optimism; below 100 = pessimism
2269,Yijie,https://fred.stlouisfed.org/series/USACSCICP02STSAM,OECD CCI – Standardised,92.63875,Normalised (avg=100),2002-09,OECD via FRED,FRED series USACSCICP02STSAM
2270,Yijie,,Yale – Individual 1yr Stock Confidence,84.48,%,2002-09,Yale ICF – Stock Market Confidence Indices,% of individual investors expecting market higher in 1yr
2271,Yijie,,Yale – Institutional 1yr Stock Confidence,81.48,%,2002-09,Yale ICF – Stock Market Confidence Indices,% of institutional investors expecting market higher in 1yr
2272,Yijie,https://fred.stlouisfed.org/series/EXPINF10YR,Cleveland Fed – 10yr Inflation Expectations,2.1200192,Percent (%),2002-10,Federal Reserve Bank of Cleveland via FRED,FRED series EXPINF10YR
2273,Yijie,https://fred.stlouisfed.org/series/EXPINF1YR,Cleveland Fed – 1yr Inflation Expectations,2.0053377,Percent (%),2002-10,Federal Reserve Bank of Cleveland via FRED,FRED series EXPINF1YR
2274,Yijie,,Michigan ICS – Overall,80.6,Index Points,2002-10,Univ. of Michigan – Surveys of Consumers,
2275,Yijie,https://fred.stlouisfed.org/series/MICH,Michigan – 1yr Inflation Expectations,2.5,Percent (%),2002-10,University of Michigan – Surveys of Consumers,FRED series MICH
2276,Yijie,,OECD CCI – Amplitude Adjusted,99.7337,Normalised (avg=100),2002-10,OECD via FRED – CSCICP03USM665S,Above 100 = optimism; below 100 = pessimism
2277,Yijie,https://fred.stlouisfed.org/series/USACSCICP02STSAM,OECD CCI – Standardised,86.72106,Normalised (avg=100),2002-10,OECD via FRED,FRED series USACSCICP02STSAM
2278,Yijie,,Yale – Individual 1yr Stock Confidence,85.5,%,2002-10,Yale ICF – Stock Market Confidence Indices,% of individual investors expecting market higher in 1yr
2279,Yijie,,Yale – Institutional 1yr Stock Confidence,80.25,%,2002-10,Yale ICF – Stock Market Confidence Indices,% of institutional investors expecting market higher in 1yr
2280,Yijie,https://fred.stlouisfed.org/series/EXPINF10YR,Cleveland Fed – 10yr Inflation Expectations,2.1935127,Percent (%),2002-11,Federal Reserve Bank of Cleveland via FRED,FRED series EXPINF10YR
2281,Yijie,https://fred.stlouisfed.org/series/EXPINF1YR,Cleveland Fed – 1yr Inflation Expectations,2.0305948,Percent (%),2002-11,Federal Reserve Bank of Cleveland via FRED,FRED series EXPINF1YR
2282,Yijie,,Michigan ICS – Overall,84.2,Index Points,2002-11,Univ. of Michigan – Surveys of Consumers,
2283,Yijie,https://fred.stlouisfed.org/series/MICH,Michigan – 1yr Inflation Expectations,2.4,Percent (%),2002-11,University of Michigan – Surveys of Consumers,FRED series MICH
2284,Yijie,,OECD CCI – Amplitude Adjusted,99.74871,Normalised (avg=100),2002-11,OECD via FRED – CSCICP03USM665S,Above 100 = optimism; below 100 = pessimism
2285,Yijie,https://fred.stlouisfed.org/series/USACSCICP02STSAM,OECD CCI – Standardised,90.59446,Normalised (avg=100),2002-11,OECD via FRED,FRED series USACSCICP02STSAM
2286,Yijie,,Yale – Individual 1yr Stock Confidence,86.47,%,2002-11,Yale ICF – Stock Market Confidence Indices,% of individual investors expecting market higher in 1yr
2287,Yijie,,Yale – Institutional 1yr Stock Confidence,80.25,%,2002-11,Yale ICF – Stock Market Confidence Indices,% of institutional investors expecting market higher in 1yr
2288,Yijie,https://fred.stlouisfed.org/series/EXPINF10YR,Cleveland Fed – 10yr Inflation Expectations,2.3274091,Percent (%),2002-12,Federal Reserve Bank of Cleveland via FRED,FRED series EXPINF10YR
2289,Yijie,https://fred.stlouisfed.org/series/EXPINF1YR,Cleveland Fed – 1yr Inflation Expectations,1.9511579,Percent (%),2002-12,Federal Reserve Bank of Cleveland via FRED,FRED series EXPINF1YR
2290,Yijie,,Michigan ICS – Overall,86.7,Index Points,2002-12,Univ. of Michigan – Surveys of Consumers,
2291,Yijie,https://fred.stlouisfed.org/series/MICH,Michigan – 1yr Inflation Expectations,2.5,Percent (%),2002-12,University of Michigan – Surveys of Consumers,FRED series MICH
2292,Yijie,,OECD CCI – Amplitude Adjusted,99.74618,Normalised (avg=100),2002-12,OECD via FRED – CSCICP03USM665S,Above 100 = optimism; below 100 = pessimism
2293,Yijie,https://fred.stlouisfed.org/series/USACSCICP02STSAM,OECD CCI – Standardised,93.28432,Normalised (avg=100),2002-12,OECD via FRED,FRED series USACSCICP02STSAM
2294,Yijie,,Yale – Individual 1yr Stock Confidence,88.51,%,2002-12,Yale ICF – Stock Market Confidence Indices,% of individual investors expecting market higher in 1yr
2295,Yijie,,Yale – Institutional 1yr Stock Confidence,80.23,%,2002-12,Yale ICF – Stock Market Confidence Indices,% of institutional investors expecting market higher in 1yr
2296,Yijie,https://fred.stlouisfed.org/series/T5YIE,5yr Breakeven Inflation Rate,1.3,Percent (%),2003-01,Federal Reserve Bank of St. Louis,FRED series T5YIE
2297,Yijie,https://fred.stlouisfed.org/series/EXPINF10YR,Cleveland Fed – 10yr Inflation Expectations,2.2439394,Percent (%),2003-01,Federal Reserve Bank of Cleveland via FRED,FRED series EXPINF10YR
2298,Yijie,https://fred.stlouisfed.org/series/EXPINF1YR,Cleveland Fed – 1yr Inflation Expectations,2.0790118,Percent (%),2003-01,Federal Reserve Bank of Cleveland via FRED,FRED series EXPINF1YR
2299,Yijie,,Michigan ICS – Overall,82.4,Index Points,2003-01,Univ. of Michigan – Surveys of Consumers,
2300,Yijie,https://fred.stlouisfed.org/series/MICH,Michigan – 1yr Inflation Expectations,2.5,Percent (%),2003-01,University of Michigan – Surveys of Consumers,FRED series MICH
2301,Yijie,,OECD CCI – Amplitude Adjusted,99.56802,Normalised (avg=100),2003-01,OECD via FRED – CSCICP03USM665S,Above 100 = optimism; below 100 = pessimism
2302,Yijie,https://fred.stlouisfed.org/series/USACSCICP02STSAM,OECD CCI – Standardised,88.65776,Normalised (avg=100),2003-01,OECD via FRED,FRED series USACSCICP02STSAM
2303,Yijie,,Yale – Individual 1yr Stock Confidence,90.48,%,2003-01,Yale ICF – Stock Market Confidence Indices,% of individual investors expecting market higher in 1yr
2304,Yijie,,Yale – Institutional 1yr Stock Confidence,82.8,%,2003-01,Yale ICF – Stock Market Confidence Indices,% of institutional investors expecting market higher in 1yr
2305,Yijie,https://fred.stlouisfed.org/series/T5YIE,5yr Breakeven Inflation Rate,1.52,Percent (%),2003-02,Federal Reserve Bank of St. Louis,FRED series T5YIE
2306,Yijie,https://fred.stlouisfed.org/series/EXPINF10YR,Cleveland Fed – 10yr Inflation Expectations,2.2455641,Percent (%),2003-02,Federal Reserve Bank of Cleveland via FRED,FRED series EXPINF10YR
2307,Yijie,https://fred.stlouisfed.org/series/EXPINF1YR,Cleveland Fed – 1yr Inflation Expectations,2.1065381,Percent (%),2003-02,Federal Reserve Bank of Cleveland via FRED,FRED series EXPINF1YR
2308,Yijie,,Michigan ICS – Overall,79.9,Index Points,2003-02,Univ. of Michigan – Surveys of Consumers,
2309,Yijie,https://fred.stlouisfed.org/series/MICH,Michigan – 1yr Inflation Expectations,2.7,Percent (%),2003-02,University of Michigan – Surveys of Consumers,FRED series MICH
2310,Yijie,,OECD CCI – Amplitude Adjusted,99.41,Normalised (avg=100),2003-02,OECD via FRED – CSCICP03USM665S,Above 100 = optimism; below 100 = pessimism
2311,Yijie,https://fred.stlouisfed.org/series/USACSCICP02STSAM,OECD CCI – Standardised,85.9679,Normalised (avg=100),2003-02,OECD via FRED,FRED series USACSCICP02STSAM
2312,Yijie,,Yale – Individual 1yr Stock Confidence,90.85,%,2003-02,Yale ICF – Stock Market Confidence Indices,% of individual investors expecting market higher in 1yr
2313,Yijie,,Yale – Institutional 1yr Stock Confidence,86.21,%,2003-02,Yale ICF – Stock Market Confidence Indices,% of institutional investors expecting market higher in 1yr
2314,Yijie,https://fred.stlouisfed.org/series/T5YIE,5yr Breakeven Inflation Rate,1.73,Percent (%),2003-03,Federal Reserve Bank of St. Louis,FRED series T5YIE
2315,Yijie,https://fred.stlouisfed.org/series/EXPINF10YR,Cleveland Fed – 10yr Inflation Expectations,2.0783864,Percent (%),2003-03,Federal Reserve Bank of Cleveland via FRED,FRED series EXPINF10YR
2316,Yijie,https://fred.stlouisfed.org/series/EXPINF1YR,Cleveland Fed – 1yr Inflation Expectations,1.903343,Percent (%),2003-03,Federal Reserve Bank of Cleveland via FRED,FRED series EXPINF1YR
2317,Yijie,,Michigan ICS – Overall,77.6,Index Points,2003-03,Univ. of Michigan – Surveys of Consumers,
2318,Yijie,https://fred.stlouisfed.org/series/MICH,Michigan – 1yr Inflation Expectations,3.1,Percent (%),2003-03,University of Michigan – Surveys of Consumers,FRED series MICH
2319,Yijie,,OECD CCI – Amplitude Adjusted,99.49301,Normalised (avg=100),2003-03,OECD via FRED – CSCICP03USM665S,Above 100 = optimism; below 100 = pessimism
2320,Yijie,https://fred.stlouisfed.org/series/USACSCICP02STSAM,OECD CCI – Standardised,83.49323,Normalised (avg=100),2003-03,OECD via FRED,FRED series USACSCICP02STSAM
2321,Yijie,,Yale – Individual 1yr Stock Confidence,89.62,%,2003-03,Yale ICF – Stock Market Confidence Indices,% of individual investors expecting market higher in 1yr
2322,Yijie,,Yale – Institutional 1yr Stock Confidence,84.35,%,2003-03,Yale ICF – Stock Market Confidence Indices,% of institutional investors expecting market higher in 1yr
2323,Yijie,https://fred.stlouisfed.org/series/T5YIE,5yr Breakeven Inflation Rate,1.64,Percent (%),2003-04,Federal Reserve Bank of St. Louis,FRED series T5YIE
2324,Yijie,https://fred.stlouisfed.org/series/EXPINF10YR,Cleveland Fed – 10yr Inflation Expectations,2.1166901,Percent (%),2003-04,Federal Reserve Bank of Cleveland via FRED,FRED series EXPINF10YR
2325,Yijie,https://fred.stlouisfed.org/series/EXPINF1YR,Cleveland Fed – 1yr Inflation Expectations,1.9895133,Percent (%),2003-04,Federal Reserve Bank of Cleveland via FRED,FRED series EXPINF1YR
2326,Yijie,,Michigan ICS – Overall,86.0,Index Points,2003-04,Univ. of Michigan – Surveys of Consumers,
2327,Yijie,https://fred.stlouisfed.org/series/MICH,Michigan – 1yr Inflation Expectations,2.4,Percent (%),2003-04,University of Michigan – Surveys of Consumers,FRED series MICH
2328,Yijie,,OECD CCI – Amplitude Adjusted,99.92635,Normalised (avg=100),2003-04,OECD via FRED – CSCICP03USM665S,Above 100 = optimism; below 100 = pessimism
2329,Yijie,https://fred.stlouisfed.org/series/USACSCICP02STSAM,OECD CCI – Standardised,92.53116,Normalised (avg=100),2003-04,OECD via FRED,FRED series USACSCICP02STSAM
2330,Yijie,,Yale – Individual 1yr Stock Confidence,91.03,%,2003-04,Yale ICF – Stock Market Confidence Indices,% of individual investors expecting market higher in 1yr
2331,Yijie,,Yale – Institutional 1yr Stock Confidence,85.71,%,2003-04,Yale ICF – Stock Market Confidence Indices,% of institutional investors expecting market higher in 1yr
2332,Yijie,https://fred.stlouisfed.org/series/T5YIE,5yr Breakeven Inflation Rate,1.3,Percent (%),2003-05,Federal Reserve Bank of St. Louis,FRED series T5YIE
2333,Yijie,https://fred.stlouisfed.org/series/EXPINF10YR,Cleveland Fed – 10yr Inflation Expectations,2.1170777,Percent (%),2003-05,Federal Reserve Bank of Cleveland via FRED,FRED series EXPINF10YR
2334,Yijie,https://fred.stlouisfed.org/series/EXPINF1YR,Cleveland Fed – 1yr Inflation Expectations,1.8385312,Percent (%),2003-05,Federal Reserve Bank of Cleveland via FRED,FRED series EXPINF1YR
2335,Yijie,,Michigan ICS – Overall,92.1,Index Points,2003-05,Univ. of Michigan – Surveys of Consumers,
2336,Yijie,https://fred.stlouisfed.org/series/MICH,Michigan – 1yr Inflation Expectations,2.0,Percent (%),2003-05,University of Michigan – Surveys of Consumers,FRED series MICH
2337,Yijie,,OECD CCI – Amplitude Adjusted,100.3536,Normalised (avg=100),2003-05,OECD via FRED – CSCICP03USM665S,Above 100 = optimism; below 100 = pessimism
2338,Yijie,https://fred.stlouisfed.org/series/USACSCICP02STSAM,OECD CCI – Standardised,99.09441,Normalised (avg=100),2003-05,OECD via FRED,FRED series USACSCICP02STSAM
2339,Yijie,,Yale – Individual 1yr Stock Confidence,90.86,%,2003-05,Yale ICF – Stock Market Confidence Indices,% of individual investors expecting market higher in 1yr
2340,Yijie,,Yale – Institutional 1yr Stock Confidence,88.29,%,2003-05,Yale ICF – Stock Market Confidence Indices,% of institutional investors expecting market higher in 1yr
2341,Yijie,https://fred.stlouisfed.org/series/T5YIE,5yr Breakeven Inflation Rate,1.29,Percent (%),2003-06,Federal Reserve Bank of St. Louis,FRED series T5YIE
2342,Yijie,https://fred.stlouisfed.org/series/EXPINF10YR,Cleveland Fed – 10yr Inflation Expectations,1.9788142,Percent (%),2003-06,Federal Reserve Bank of Cleveland via FRED,FRED series EXPINF10YR
2343,Yijie,https://fred.stlouisfed.org/series/EXPINF1YR,Cleveland Fed – 1yr Inflation Expectations,2.2847306,Percent (%),2003-06,Federal Reserve Bank of Cleveland via FRED,FRED series EXPINF1YR
2344,Yijie,,Michigan ICS – Overall,89.7,Index Points,2003-06,Univ. of Michigan – Surveys of Consumers,
2345,Yijie,https://fred.stlouisfed.org/series/MICH,Michigan – 1yr Inflation Expectations,2.1,Percent (%),2003-06,University of Michigan – Surveys of Consumers,FRED series MICH
2346,Yijie,,OECD CCI – Amplitude Adjusted,100.5095,Normalised (avg=100),2003-06,OECD via FRED – CSCICP03USM665S,Above 100 = optimism; below 100 = pessimism
2347,Yijie,https://fred.stlouisfed.org/series/USACSCICP02STSAM,OECD CCI – Standardised,96.51215,Normalised (avg=100),2003-06,OECD via FRED,FRED series USACSCICP02STSAM
2348,Yijie,,Yale – Individual 1yr Stock Confidence,89.39,%,2003-06,Yale ICF – Stock Market Confidence Indices,% of individual investors expecting market higher in 1yr
2349,Yijie,,Yale – Institutional 1yr Stock Confidence,86.92,%,2003-06,Yale ICF – Stock Market Confidence Indices,% of institutional investors expecting market higher in 1yr
2350,Yijie,https://fred.stlouisfed.org/series/T5YIE,5yr Breakeven Inflation Rate,1.45,Percent (%),2003-07,Federal Reserve Bank of St. Louis,FRED series T5YIE
2351,Yijie,https://fred.stlouisfed.org/series/EXPINF10YR,Cleveland Fed – 10yr Inflation Expectations,1.973451,Percent (%),2003-07,Federal Reserve Bank of Cleveland via FRED,FRED series EXPINF10YR
2352,Yijie,https://fred.stlouisfed.org/series/EXPINF1YR,Cleveland Fed – 1yr Inflation Expectations,1.6263355,Percent (%),2003-07,Federal Reserve Bank of Cleveland via FRED,FRED series EXPINF1YR
2353,Yijie,,Michigan ICS – Overall,90.9,Index Points,2003-07,Univ. of Michigan – Surveys of Consumers,
2354,Yijie,https://fred.stlouisfed.org/series/MICH,Michigan – 1yr Inflation Expectations,1.7,Percent (%),2003-07,University of Michigan – Surveys of Consumers,FRED series MICH
2355,Yijie,,OECD CCI – Amplitude Adjusted,100.5117,Normalised (avg=100),2003-07,OECD via FRED – CSCICP03USM665S,Above 100 = optimism; below 100 = pessimism
2356,Yijie,https://fred.stlouisfed.org/series/USACSCICP02STSAM,OECD CCI – Standardised,97.80328,Normalised (avg=100),2003-07,OECD via FRED,FRED series USACSCICP02STSAM
2357,Yijie,,Yale – Individual 1yr Stock Confidence,88.89,%,2003-07,Yale ICF – Stock Market Confidence Indices,% of individual investors expecting market higher in 1yr
2358,Yijie,,Yale – Institutional 1yr Stock Confidence,87.5,%,2003-07,Yale ICF – Stock Market Confidence Indices,% of institutional investors expecting market higher in 1yr
2359,Yijie,https://fred.stlouisfed.org/series/T5YIE,5yr Breakeven Inflation Rate,1.75,Percent (%),2003-08,Federal Reserve Bank of St. Louis,FRED series T5YIE
2360,Yijie,https://fred.stlouisfed.org/series/EXPINF10YR,Cleveland Fed – 10yr Inflation Expectations,2.2894709,Percent (%),2003-08,Federal Reserve Bank of Cleveland via FRED,FRED series EXPINF10YR
2361,Yijie,https://fred.stlouisfed.org/series/EXPINF1YR,Cleveland Fed – 1yr Inflation Expectations,1.8526073,Percent (%),2003-08,Federal Reserve Bank of Cleveland via FRED,FRED series EXPINF1YR
2362,Yijie,,Michigan ICS – Overall,89.3,Index Points,2003-08,Univ. of Michigan – Surveys of Consumers,
2363,Yijie,https://fred.stlouisfed.org/series/MICH,Michigan – 1yr Inflation Expectations,2.5,Percent (%),2003-08,University of Michigan – Surveys of Consumers,FRED series MICH
2364,Yijie,,OECD CCI – Amplitude Adjusted,100.4225,Normalised (avg=100),2003-08,OECD via FRED – CSCICP03USM665S,Above 100 = optimism; below 100 = pessimism
2365,Yijie,https://fred.stlouisfed.org/series/USACSCICP02STSAM,OECD CCI – Standardised,96.08177,Normalised (avg=100),2003-08,OECD via FRED,FRED series USACSCICP02STSAM
2366,Yijie,,Yale – Individual 1yr Stock Confidence,90.57,%,2003-08,Yale ICF – Stock Market Confidence Indices,% of individual investors expecting market higher in 1yr
2367,Yijie,,Yale – Institutional 1yr Stock Confidence,88.06,%,2003-08,Yale ICF – Stock Market Confidence Indices,% of institutional investors expecting market higher in 1yr
2368,Yijie,https://fred.stlouisfed.org/series/T5YIE,5yr Breakeven Inflation Rate,2.0,Percent (%),2003-09,Federal Reserve Bank of St. Louis,FRED series T5YIE
2369,Yijie,https://fred.stlouisfed.org/series/EXPINF10YR,Cleveland Fed – 10yr Inflation Expectations,2.3966164,Percent (%),2003-09,Federal Reserve Bank of Cleveland via FRED,FRED series EXPINF10YR
2370,Yijie,https://fred.stlouisfed.org/series/EXPINF1YR,Cleveland Fed – 1yr Inflation Expectations,1.9804944,Percent (%),2003-09,Federal Reserve Bank of Cleveland via FRED,FRED series EXPINF1YR
2371,Yijie,,Michigan ICS – Overall,87.7,Index Points,2003-09,Univ. of Michigan – Surveys of Consumers,
2372,Yijie,https://fred.stlouisfed.org/series/MICH,Michigan – 1yr Inflation Expectations,2.8,Percent (%),2003-09,University of Michigan – Surveys of Consumers,FRED series MICH
2373,Yijie,,OECD CCI – Amplitude Adjusted,100.3871,Normalised (avg=100),2003-09,OECD via FRED – CSCICP03USM665S,Above 100 = optimism; below 100 = pessimism
2374,Yijie,https://fred.stlouisfed.org/series/USACSCICP02STSAM,OECD CCI – Standardised,94.36026,Normalised (avg=100),2003-09,OECD via FRED,FRED series USACSCICP02STSAM
2375,Yijie,,Yale – Individual 1yr Stock Confidence,93.06,%,2003-09,Yale ICF – Stock Market Confidence Indices,% of individual investors expecting market higher in 1yr
2376,Yijie,,Yale – Institutional 1yr Stock Confidence,89.19,%,2003-09,Yale ICF – Stock Market Confidence Indices,% of institutional investors expecting market higher in 1yr
2377,Yijie,https://fred.stlouisfed.org/series/T5YIE,5yr Breakeven Inflation Rate,1.84,Percent (%),2003-10,Federal Reserve Bank of St. Louis,FRED series T5YIE
2378,Yijie,https://fred.stlouisfed.org/series/EXPINF10YR,Cleveland Fed – 10yr Inflation Expectations,2.1063259,Percent (%),2003-10,Federal Reserve Bank of Cleveland via FRED,FRED series EXPINF10YR
2379,Yijie,https://fred.stlouisfed.org/series/EXPINF1YR,Cleveland Fed – 1yr Inflation Expectations,1.7885532,Percent (%),2003-10,Federal Reserve Bank of Cleveland via FRED,FRED series EXPINF1YR
2380,Yijie,,Michigan ICS – Overall,89.6,Index Points,2003-10,Univ. of Michigan – Surveys of Consumers,
2381,Yijie,https://fred.stlouisfed.org/series/MICH,Michigan – 1yr Inflation Expectations,2.6,Percent (%),2003-10,University of Michigan – Surveys of Consumers,FRED series MICH
2382,Yijie,,OECD CCI – Amplitude Adjusted,100.5351,Normalised (avg=100),2003-10,OECD via FRED – CSCICP03USM665S,Above 100 = optimism; below 100 = pessimism
2383,Yijie,https://fred.stlouisfed.org/series/USACSCICP02STSAM,OECD CCI – Standardised,96.40456,Normalised (avg=100),2003-10,OECD via FRED,FRED series USACSCICP02STSAM
2384,Yijie,,Yale – Individual 1yr Stock Confidence,92.99,%,2003-10,Yale ICF – Stock Market Confidence Indices,% of individual investors expecting market higher in 1yr
2385,Yijie,,Yale – Institutional 1yr Stock Confidence,90.83,%,2003-10,Yale ICF – Stock Market Confidence Indices,% of institutional investors expecting market higher in 1yr
2386,Yijie,https://fred.stlouisfed.org/series/T5YIE,5yr Breakeven Inflation Rate,2.07,Percent (%),2003-11,Federal Reserve Bank of St. Louis,FRED series T5YIE
2387,Yijie,https://fred.stlouisfed.org/series/EXPINF10YR,Cleveland Fed – 10yr Inflation Expectations,2.2911369,Percent (%),2003-11,Federal Reserve Bank of Cleveland via FRED,FRED series EXPINF10YR
2388,Yijie,https://fred.stlouisfed.org/series/EXPINF1YR,Cleveland Fed – 1yr Inflation Expectations,1.9308072,Percent (%),2003-11,Federal Reserve Bank of Cleveland via FRED,FRED series EXPINF1YR
2389,Yijie,,Michigan ICS – Overall,93.7,Index Points,2003-11,Univ. of Michigan – Surveys of Consumers,
2390,Yijie,https://fred.stlouisfed.org/series/MICH,Michigan – 1yr Inflation Expectations,2.7,Percent (%),2003-11,University of Michigan – Surveys of Consumers,FRED series MICH
2391,Yijie,,OECD CCI – Amplitude Adjusted,100.827,Normalised (avg=100),2003-11,OECD via FRED – CSCICP03USM665S,Above 100 = optimism; below 100 = pessimism
2392,Yijie,https://fred.stlouisfed.org/series/USACSCICP02STSAM,OECD CCI – Standardised,100.8159,Normalised (avg=100),2003-11,OECD via FRED,FRED series USACSCICP02STSAM
2393,Yijie,,Yale – Individual 1yr Stock Confidence,93.18,%,2003-11,Yale ICF – Stock Market Confidence Indices,% of individual investors expecting market higher in 1yr
2394,Yijie,,Yale – Institutional 1yr Stock Confidence,91.74,%,2003-11,Yale ICF – Stock Market Confidence Indices,% of institutional investors expecting market higher in 1yr
2395,Yijie,https://fred.stlouisfed.org/series/T5YIE,5yr Breakeven Inflation Rate,2.04,Percent (%),2003-12,Federal Reserve Bank of St. Louis,FRED series T5YIE
2396,Yijie,https://fred.stlouisfed.org/series/EXPINF10YR,Cleveland Fed – 10yr Inflation Expectations,2.3653793,Percent (%),2003-12,Federal Reserve Bank of Cleveland via FRED,FRED series EXPINF10YR
2397,Yijie,https://fred.stlouisfed.org/series/EXPINF1YR,Cleveland Fed – 1yr Inflation Expectations,2.2234564,Percent (%),2003-12,Federal Reserve Bank of Cleveland via FRED,FRED series EXPINF1YR
2398,Yijie,,Michigan ICS – Overall,92.6,Index Points,2003-12,Univ. of Michigan – Surveys of Consumers,
2399,Yijie,https://fred.stlouisfed.org/series/MICH,Michigan – 1yr Inflation Expectations,2.6,Percent (%),2003-12,University of Michigan – Surveys of Consumers,FRED series MICH
2400,Yijie,,OECD CCI – Amplitude Adjusted,101.1297,Normalised (avg=100),2003-12,OECD via FRED – CSCICP03USM665S,Above 100 = optimism; below 100 = pessimism
2401,Yijie,https://fred.stlouisfed.org/series/USACSCICP02STSAM,OECD CCI – Standardised,99.63239,Normalised (avg=100),2003-12,OECD via FRED,FRED series USACSCICP02STSAM
2402,Yijie,,Yale – Individual 1yr Stock Confidence,95.28,%,2003-12,Yale ICF – Stock Market Confidence Indices,% of individual investors expecting market higher in 1yr
2403,Yijie,,Yale – Institutional 1yr Stock Confidence,92.52,%,2003-12,Yale ICF – Stock Market Confidence Indices,% of institutional investors expecting market higher in 1yr
2404,Yijie,https://fred.stlouisfed.org/series/T5YIE,5yr Breakeven Inflation Rate,2.08,Percent (%),2004-01,Federal Reserve Bank of St. Louis,FRED series T5YIE
2405,Yijie,https://fred.stlouisfed.org/series/EXPINF10YR,Cleveland Fed – 10yr Inflation Expectations,2.3167501,Percent (%),2004-01,Federal Reserve Bank of Cleveland via FRED,FRED series EXPINF10YR
2406,Yijie,https://fred.stlouisfed.org/series/EXPINF1YR,Cleveland Fed – 1yr Inflation Expectations,1.9069713,Percent (%),2004-01,Federal Reserve Bank of Cleveland via FRED,FRED series EXPINF1YR
2407,Yijie,,Michigan ICS – Overall,103.8,Index Points,2004-01,Univ. of Michigan – Surveys of Consumers,
2408,Yijie,https://fred.stlouisfed.org/series/MICH,Michigan – 1yr Inflation Expectations,2.7,Percent (%),2004-01,University of Michigan – Surveys of Consumers,FRED series MICH
2409,Yijie,,OECD CCI – Amplitude Adjusted,101.4088,Normalised (avg=100),2004-01,OECD via FRED – CSCICP03USM665S,Above 100 = optimism; below 100 = pessimism
2410,Yijie,https://fred.stlouisfed.org/series/USACSCICP02STSAM,OECD CCI – Standardised,111.683,Normalised (avg=100),2004-01,OECD via FRED,FRED series USACSCICP02STSAM
2411,Yijie,,Yale – Individual 1yr Stock Confidence,95.62,%,2004-01,Yale ICF – Stock Market Confidence Indices,% of individual investors expecting market higher in 1yr
2412,Yijie,,Yale – Institutional 1yr Stock Confidence,90.1,%,2004-01,Yale ICF – Stock Market Confidence Indices,% of institutional investors expecting market higher in 1yr
2413,Yijie,https://fred.stlouisfed.org/series/T5YIE,5yr Breakeven Inflation Rate,2.22,Percent (%),2004-02,Federal Reserve Bank of St. Louis,FRED series T5YIE
2414,Yijie,https://fred.stlouisfed.org/series/EXPINF10YR,Cleveland Fed – 10yr Inflation Expectations,2.2754574,Percent (%),2004-02,Federal Reserve Bank of Cleveland via FRED,FRED series EXPINF10YR
2415,Yijie,https://fred.stlouisfed.org/series/EXPINF1YR,Cleveland Fed – 1yr Inflation Expectations,1.9871939,Percent (%),2004-02,Federal Reserve Bank of Cleveland via FRED,FRED series EXPINF1YR
2416,Yijie,,Michigan ICS – Overall,94.4,Index Points,2004-02,Univ. of Michigan – Surveys of Consumers,
2417,Yijie,https://fred.stlouisfed.org/series/MICH,Michigan – 1yr Inflation Expectations,2.6,Percent (%),2004-02,University of Michigan – Surveys of Consumers,FRED series MICH
2418,Yijie,,OECD CCI – Amplitude Adjusted,101.2953,Normalised (avg=100),2004-02,OECD via FRED – CSCICP03USM665S,Above 100 = optimism; below 100 = pessimism
2419,Yijie,https://fred.stlouisfed.org/series/USACSCICP02STSAM,OECD CCI – Standardised,101.5691,Normalised (avg=100),2004-02,OECD via FRED,FRED series USACSCICP02STSAM
2420,Yijie,,Yale – Individual 1yr Stock Confidence,93.38,%,2004-02,Yale ICF – Stock Market Confidence Indices,% of individual investors expecting market higher in 1yr
2421,Yijie,,Yale – Institutional 1yr Stock Confidence,87.91,%,2004-02,Yale ICF – Stock Market Confidence Indices,% of institutional investors expecting market higher in 1yr
2422,Yijie,https://fred.stlouisfed.org/series/T5YIE,5yr Breakeven Inflation Rate,2.4,Percent (%),2004-03,Federal Reserve Bank of St. Louis,FRED series T5YIE
2423,Yijie,https://fred.stlouisfed.org/series/EXPINF10YR,Cleveland Fed – 10yr Inflation Expectations,2.1716856,Percent (%),2004-03,Federal Reserve Bank of Cleveland via FRED,FRED series EXPINF10YR
2424,Yijie,https://fred.stlouisfed.org/series/EXPINF1YR,Cleveland Fed – 1yr Inflation Expectations,1.7042839,Percent (%),2004-03,Federal Reserve Bank of Cleveland via FRED,FRED series EXPINF1YR
2425,Yijie,,Michigan ICS – Overall,95.8,Index Points,2004-03,Univ. of Michigan – Surveys of Consumers,
2426,Yijie,https://fred.stlouisfed.org/series/MICH,Michigan – 1yr Inflation Expectations,2.9,Percent (%),2004-03,University of Michigan – Surveys of Consumers,FRED series MICH
2427,Yijie,,OECD CCI – Amplitude Adjusted,101.1277,Normalised (avg=100),2004-03,OECD via FRED – CSCICP03USM665S,Above 100 = optimism; below 100 = pessimism
2428,Yijie,https://fred.stlouisfed.org/series/USACSCICP02STSAM,OECD CCI – Standardised,103.0754,Normalised (avg=100),2004-03,OECD via FRED,FRED series USACSCICP02STSAM
2429,Yijie,,Yale – Individual 1yr Stock Confidence,89.29,%,2004-03,Yale ICF – Stock Market Confidence Indices,% of individual investors expecting market higher in 1yr
2430,Yijie,,Yale – Institutional 1yr Stock Confidence,88.04,%,2004-03,Yale ICF – Stock Market Confidence Indices,% of institutional investors expecting market higher in 1yr
2431,Yijie,https://fred.stlouisfed.org/series/T5YIE,5yr Breakeven Inflation Rate,2.34,Percent (%),2004-04,Federal Reserve Bank of St. Louis,FRED series T5YIE
2432,Yijie,https://fred.stlouisfed.org/series/EXPINF10YR,Cleveland Fed – 10yr Inflation Expectations,2.1480768,Percent (%),2004-04,Federal Reserve Bank of Cleveland via FRED,FRED series EXPINF10YR
2433,Yijie,https://fred.stlouisfed.org/series/EXPINF1YR,Cleveland Fed – 1yr Inflation Expectations,1.8527671,Percent (%),2004-04,Federal Reserve Bank of Cleveland via FRED,FRED series EXPINF1YR
2434,Yijie,,Michigan ICS – Overall,94.2,Index Points,2004-04,Univ. of Michigan – Surveys of Consumers,
2435,Yijie,https://fred.stlouisfed.org/series/MICH,Michigan – 1yr Inflation Expectations,3.2,Percent (%),2004-04,University of Michigan – Surveys of Consumers,FRED series MICH
2436,Yijie,,OECD CCI – Amplitude Adjusted,100.9568,Normalised (avg=100),2004-04,OECD via FRED – CSCICP03USM665S,Above 100 = optimism; below 100 = pessimism
2437,Yijie,https://fred.stlouisfed.org/series/USACSCICP02STSAM,OECD CCI – Standardised,101.3539,Normalised (avg=100),2004-04,OECD via FRED,FRED series USACSCICP02STSAM
2438,Yijie,,Yale – Individual 1yr Stock Confidence,87.32,%,2004-04,Yale ICF – Stock Market Confidence Indices,% of individual investors expecting market higher in 1yr
2439,Yijie,,Yale – Institutional 1yr Stock Confidence,81.11,%,2004-04,Yale ICF – Stock Market Confidence Indices,% of institutional investors expecting market higher in 1yr
2440,Yijie,https://fred.stlouisfed.org/series/T5YIE,5yr Breakeven Inflation Rate,2.35,Percent (%),2004-05,Federal Reserve Bank of St. Louis,FRED series T5YIE
2441,Yijie,https://fred.stlouisfed.org/series/EXPINF10YR,Cleveland Fed – 10yr Inflation Expectations,2.4546894,Percent (%),2004-05,Federal Reserve Bank of Cleveland via FRED,FRED series EXPINF10YR
2442,Yijie,https://fred.stlouisfed.org/series/EXPINF1YR,Cleveland Fed – 1yr Inflation Expectations,2.2141024,Percent (%),2004-05,Federal Reserve Bank of Cleveland via FRED,FRED series EXPINF1YR
2443,Yijie,,Michigan ICS – Overall,90.2,Index Points,2004-05,Univ. of Michigan – Surveys of Consumers,
2444,Yijie,https://fred.stlouisfed.org/series/MICH,Michigan – 1yr Inflation Expectations,3.3,Percent (%),2004-05,University of Michigan – Surveys of Consumers,FRED series MICH
2445,Yijie,,OECD CCI – Amplitude Adjusted,100.8785,Normalised (avg=100),2004-05,OECD via FRED – CSCICP03USM665S,Above 100 = optimism; below 100 = pessimism
2446,Yijie,https://fred.stlouisfed.org/series/USACSCICP02STSAM,OECD CCI – Standardised,97.05012,Normalised (avg=100),2004-05,OECD via FRED,FRED series USACSCICP02STSAM
2447,Yijie,,Yale – Individual 1yr Stock Confidence,85.42,%,2004-05,Yale ICF – Stock Market Confidence Indices,% of individual investors expecting market higher in 1yr
2448,Yijie,,Yale – Institutional 1yr Stock Confidence,77.45,%,2004-05,Yale ICF – Stock Market Confidence Indices,% of institutional investors expecting market higher in 1yr
2449,Yijie,https://fred.stlouisfed.org/series/T5YIE,5yr Breakeven Inflation Rate,2.64,Percent (%),2004-06,Federal Reserve Bank of St. Louis,FRED series T5YIE
2450,Yijie,https://fred.stlouisfed.org/series/EXPINF10YR,Cleveland Fed – 10yr Inflation Expectations,2.5673682,Percent (%),2004-06,Federal Reserve Bank of Cleveland via FRED,FRED series EXPINF10YR
2451,Yijie,https://fred.stlouisfed.org/series/EXPINF1YR,Cleveland Fed – 1yr Inflation Expectations,2.5740778,Percent (%),2004-06,Federal Reserve Bank of Cleveland via FRED,FRED series EXPINF1YR
2452,Yijie,,Michigan ICS – Overall,95.6,Index Points,2004-06,Univ. of Michigan – Surveys of Consumers,
2453,Yijie,https://fred.stlouisfed.org/series/MICH,Michigan – 1yr Inflation Expectations,3.3,Percent (%),2004-06,University of Michigan – Surveys of Consumers,FRED series MICH
2454,Yijie,,OECD CCI – Amplitude Adjusted,101.0162,Normalised (avg=100),2004-06,OECD via FRED – CSCICP03USM665S,Above 100 = optimism; below 100 = pessimism
2455,Yijie,https://fred.stlouisfed.org/series/USACSCICP02STSAM,OECD CCI – Standardised,102.8602,Normalised (avg=100),2004-06,OECD via FRED,FRED series USACSCICP02STSAM
2456,Yijie,,Yale – Individual 1yr Stock Confidence,84.47,%,2004-06,Yale ICF – Stock Market Confidence Indices,% of individual investors expecting market higher in 1yr
2457,Yijie,,Yale – Institutional 1yr Stock Confidence,77.57,%,2004-06,Yale ICF – Stock Market Confidence Indices,% of institutional investors expecting market higher in 1yr
2458,Yijie,https://fred.stlouisfed.org/series/T5YIE,5yr Breakeven Inflation Rate,2.44,Percent (%),2004-07,Federal Reserve Bank of St. Louis,FRED series T5YIE
2459,Yijie,https://fred.stlouisfed.org/series/EXPINF10YR,Cleveland Fed – 10yr Inflation Expectations,2.501857,Percent (%),2004-07,Federal Reserve Bank of Cleveland via FRED,FRED series EXPINF10YR
2460,Yijie,https://fred.stlouisfed.org/series/EXPINF1YR,Cleveland Fed – 1yr Inflation Expectations,2.2558469,Percent (%),2004-07,Federal Reserve Bank of Cleveland via FRED,FRED series EXPINF1YR
2461,Yijie,,Michigan ICS – Overall,96.7,Index Points,2004-07,Univ. of Michigan – Surveys of Consumers,
2462,Yijie,https://fred.stlouisfed.org/series/MICH,Michigan – 1yr Inflation Expectations,3.0,Percent (%),2004-07,University of Michigan – Surveys of Consumers,FRED series MICH
2463,Yijie,,OECD CCI – Amplitude Adjusted,101.1275,Normalised (avg=100),2004-07,OECD via FRED – CSCICP03USM665S,Above 100 = optimism; below 100 = pessimism
2464,Yijie,https://fred.stlouisfed.org/series/USACSCICP02STSAM,OECD CCI – Standardised,104.0438,Normalised (avg=100),2004-07,OECD via FRED,FRED series USACSCICP02STSAM
2465,Yijie,,Yale – Individual 1yr Stock Confidence,83.87,%,2004-07,Yale ICF – Stock Market Confidence Indices,% of individual investors expecting market higher in 1yr
2466,Yijie,,Yale – Institutional 1yr Stock Confidence,74.34,%,2004-07,Yale ICF – Stock Market Confidence Indices,% of institutional investors expecting market higher in 1yr
2467,Yijie,https://fred.stlouisfed.org/series/T5YIE,5yr Breakeven Inflation Rate,2.42,Percent (%),2004-08,Federal Reserve Bank of St. Louis,FRED series T5YIE
2468,Yijie,https://fred.stlouisfed.org/series/EXPINF10YR,Cleveland Fed – 10yr Inflation Expectations,2.4716518,Percent (%),2004-08,Federal Reserve Bank of Cleveland via FRED,FRED series EXPINF10YR
2469,Yijie,https://fred.stlouisfed.org/series/EXPINF1YR,Cleveland Fed – 1yr Inflation Expectations,2.3408529,Percent (%),2004-08,Federal Reserve Bank of Cleveland via FRED,FRED series EXPINF1YR
2470,Yijie,,Michigan ICS – Overall,95.9,Index Points,2004-08,Univ. of Michigan – Surveys of Consumers,
2471,Yijie,https://fred.stlouisfed.org/series/MICH,Michigan – 1yr Inflation Expectations,2.8,Percent (%),2004-08,University of Michigan – Surveys of Consumers,FRED series MICH
2472,Yijie,,OECD CCI – Amplitude Adjusted,101.1028,Normalised (avg=100),2004-08,OECD via FRED – CSCICP03USM665S,Above 100 = optimism; below 100 = pessimism
2473,Yijie,https://fred.stlouisfed.org/series/USACSCICP02STSAM,OECD CCI – Standardised,103.183,Normalised (avg=100),2004-08,OECD via FRED,FRED series USACSCICP02STSAM
2474,Yijie,,Yale – Individual 1yr Stock Confidence,84.87,%,2004-08,Yale ICF – Stock Market Confidence Indices,% of individual investors expecting market higher in 1yr
2475,Yijie,,Yale – Institutional 1yr Stock Confidence,72.9,%,2004-08,Yale ICF – Stock Market Confidence Indices,% of institutional investors expecting market higher in 1yr
2476,Yijie,https://fred.stlouisfed.org/series/T5YIE,5yr Breakeven Inflation Rate,2.28,Percent (%),2004-09,Federal Reserve Bank of St. Louis,FRED series T5YIE
2477,Yijie,https://fred.stlouisfed.org/series/EXPINF10YR,Cleveland Fed – 10yr Inflation Expectations,2.3558656,Percent (%),2004-09,Federal Reserve Bank of Cleveland via FRED,FRED series EXPINF10YR
2478,Yijie,https://fred.stlouisfed.org/series/EXPINF1YR,Cleveland Fed – 1yr Inflation Expectations,2.6767708,Percent (%),2004-09,Federal Reserve Bank of Cleveland via FRED,FRED series EXPINF1YR
2479,Yijie,,Michigan ICS – Overall,94.2,Index Points,2004-09,Univ. of Michigan – Surveys of Consumers,
2480,Yijie,https://fred.stlouisfed.org/series/MICH,Michigan – 1yr Inflation Expectations,2.8,Percent (%),2004-09,University of Michigan – Surveys of Consumers,FRED series MICH
2481,Yijie,,OECD CCI – Amplitude Adjusted,100.9841,Normalised (avg=100),2004-09,OECD via FRED – CSCICP03USM665S,Above 100 = optimism; below 100 = pessimism
2482,Yijie,https://fred.stlouisfed.org/series/USACSCICP02STSAM,OECD CCI – Standardised,101.3539,Normalised (avg=100),2004-09,OECD via FRED,FRED series USACSCICP02STSAM
2483,Yijie,,Yale – Individual 1yr Stock Confidence,85.83,%,2004-09,Yale ICF – Stock Market Confidence Indices,% of individual investors expecting market higher in 1yr
2484,Yijie,,Yale – Institutional 1yr Stock Confidence,71.11,%,2004-09,Yale ICF – Stock Market Confidence Indices,% of institutional investors expecting market higher in 1yr
2485,Yijie,https://fred.stlouisfed.org/series/T5YIE,5yr Breakeven Inflation Rate,2.35,Percent (%),2004-10,Federal Reserve Bank of St. Louis,FRED series T5YIE
2486,Yijie,https://fred.stlouisfed.org/series/EXPINF10YR,Cleveland Fed – 10yr Inflation Expectations,2.3505515,Percent (%),2004-10,Federal Reserve Bank of Cleveland via FRED,FRED series EXPINF10YR
2487,Yijie,https://fred.stlouisfed.org/series/EXPINF1YR,Cleveland Fed – 1yr Inflation Expectations,2.145831,Percent (%),2004-10,Federal Reserve Bank of Cleveland via FRED,FRED series EXPINF1YR
2488,Yijie,,Michigan ICS – Overall,91.7,Index Points,2004-10,Univ. of Michigan – Surveys of Consumers,
2489,Yijie,https://fred.stlouisfed.org/series/MICH,Michigan – 1yr Inflation Expectations,3.1,Percent (%),2004-10,University of Michigan – Surveys of Consumers,FRED series MICH
2490,Yijie,,OECD CCI – Amplitude Adjusted,100.895,Normalised (avg=100),2004-10,OECD via FRED – CSCICP03USM665S,Above 100 = optimism; below 100 = pessimism
2491,Yijie,https://fred.stlouisfed.org/series/USACSCICP02STSAM,OECD CCI – Standardised,98.66404,Normalised (avg=100),2004-10,OECD via FRED,FRED series USACSCICP02STSAM
2492,Yijie,,Yale – Individual 1yr Stock Confidence,87.18,%,2004-10,Yale ICF – Stock Market Confidence Indices,% of individual investors expecting market higher in 1yr
2493,Yijie,,Yale – Institutional 1yr Stock Confidence,72.94,%,2004-10,Yale ICF – Stock Market Confidence Indices,% of institutional investors expecting market higher in 1yr
2494,Yijie,https://fred.stlouisfed.org/series/T5YIE,5yr Breakeven Inflation Rate,2.52,Percent (%),2004-11,Federal Reserve Bank of St. Louis,FRED series T5YIE
2495,Yijie,https://fred.stlouisfed.org/series/EXPINF10YR,Cleveland Fed – 10yr Inflation Expectations,2.3070912,Percent (%),2004-11,Federal Reserve Bank of Cleveland via FRED,FRED series EXPINF10YR
2496,Yijie,https://fred.stlouisfed.org/series/EXPINF1YR,Cleveland Fed – 1yr Inflation Expectations,2.2068239,Percent (%),2004-11,Federal Reserve Bank of Cleveland via FRED,FRED series EXPINF1YR
2497,Yijie,,Michigan ICS – Overall,92.8,Index Points,2004-11,Univ. of Michigan – Surveys of Consumers,
2498,Yijie,https://fred.stlouisfed.org/series/MICH,Michigan – 1yr Inflation Expectations,2.8,Percent (%),2004-11,University of Michigan – Surveys of Consumers,FRED series MICH
2499,Yijie,,OECD CCI – Amplitude Adjusted,100.9591,Normalised (avg=100),2004-11,OECD via FRED – CSCICP03USM665S,Above 100 = optimism; below 100 = pessimism
2500,Yijie,https://fred.stlouisfed.org/series/USACSCICP02STSAM,OECD CCI – Standardised,99.84757,Normalised (avg=100),2004-11,OECD via FRED,FRED series USACSCICP02STSAM
2501,Yijie,,Yale – Individual 1yr Stock Confidence,87.2,%,2004-11,Yale ICF – Stock Market Confidence Indices,% of individual investors expecting market higher in 1yr
2502,Yijie,,Yale – Institutional 1yr Stock Confidence,72.09,%,2004-11,Yale ICF – Stock Market Confidence Indices,% of institutional investors expecting market higher in 1yr
2503,Yijie,https://fred.stlouisfed.org/series/T5YIE,5yr Breakeven Inflation Rate,2.73,Percent (%),2004-12,Federal Reserve Bank of St. Louis,FRED series T5YIE
2504,Yijie,https://fred.stlouisfed.org/series/EXPINF10YR,Cleveland Fed – 10yr Inflation Expectations,2.3469422,Percent (%),2004-12,Federal Reserve Bank of Cleveland via FRED,FRED series EXPINF10YR
2505,Yijie,https://fred.stlouisfed.org/series/EXPINF1YR,Cleveland Fed – 1yr Inflation Expectations,1.7525286,Percent (%),2004-12,Federal Reserve Bank of Cleveland via FRED,FRED series EXPINF1YR
2506,Yijie,,Michigan ICS – Overall,97.1,Index Points,2004-12,Univ. of Michigan – Surveys of Consumers,
2507,Yijie,https://fred.stlouisfed.org/series/MICH,Michigan – 1yr Inflation Expectations,3.0,Percent (%),2004-12,University of Michigan – Surveys of Consumers,FRED series MICH
2508,Yijie,,OECD CCI – Amplitude Adjusted,101.0947,Normalised (avg=100),2004-12,OECD via FRED – CSCICP03USM665S,Above 100 = optimism; below 100 = pessimism
2509,Yijie,https://fred.stlouisfed.org/series/USACSCICP02STSAM,OECD CCI – Standardised,104.4741,Normalised (avg=100),2004-12,OECD via FRED,FRED series USACSCICP02STSAM
2510,Yijie,,Yale – Individual 1yr Stock Confidence,88.62,%,2004-12,Yale ICF – Stock Market Confidence Indices,% of individual investors expecting market higher in 1yr
2511,Yijie,,Yale – Institutional 1yr Stock Confidence,75.56,%,2004-12,Yale ICF – Stock Market Confidence Indices,% of institutional investors expecting market higher in 1yr
2512,Yijie,https://fred.stlouisfed.org/series/T5YIE,5yr Breakeven Inflation Rate,2.62,Percent (%),2005-01,Federal Reserve Bank of St. Louis,FRED series T5YIE
2513,Yijie,https://fred.stlouisfed.org/series/EXPINF10YR,Cleveland Fed – 10yr Inflation Expectations,2.3687512,Percent (%),2005-01,Federal Reserve Bank of Cleveland via FRED,FRED series EXPINF10YR
2514,Yijie,https://fred.stlouisfed.org/series/EXPINF1YR,Cleveland Fed – 1yr Inflation Expectations,2.1405957,Percent (%),2005-01,Federal Reserve Bank of Cleveland via FRED,FRED series EXPINF1YR
2515,Yijie,,Michigan ICS – Overall,95.5,Index Points,2005-01,Univ. of Michigan – Surveys of Consumers,
2516,Yijie,https://fred.stlouisfed.org/series/MICH,Michigan – 1yr Inflation Expectations,2.9,Percent (%),2005-01,University of Michigan – Surveys of Consumers,FRED series MICH
2517,Yijie,,OECD CCI – Amplitude Adjusted,101.08,Normalised (avg=100),2005-01,OECD via FRED – CSCICP03USM665S,Above 100 = optimism; below 100 = pessimism
2518,Yijie,https://fred.stlouisfed.org/series/USACSCICP02STSAM,OECD CCI – Standardised,102.7526,Normalised (avg=100),2005-01,OECD via FRED,FRED series USACSCICP02STSAM
2519,Yijie,,Yale – Individual 1yr Stock Confidence,87.8,%,2005-01,Yale ICF – Stock Market Confidence Indices,% of individual investors expecting market higher in 1yr
2520,Yijie,,Yale – Institutional 1yr Stock Confidence,82.19,%,2005-01,Yale ICF – Stock Market Confidence Indices,% of institutional investors expecting market higher in 1yr
2521,Yijie,https://fred.stlouisfed.org/series/T5YIE,5yr Breakeven Inflation Rate,2.56,Percent (%),2005-02,Federal Reserve Bank of St. Louis,FRED series T5YIE
2522,Yijie,https://fred.stlouisfed.org/series/EXPINF10YR,Cleveland Fed – 10yr Inflation Expectations,2.3706533,Percent (%),2005-02,Federal Reserve Bank of Cleveland via FRED,FRED series EXPINF10YR
2523,Yijie,https://fred.stlouisfed.org/series/EXPINF1YR,Cleveland Fed – 1yr Inflation Expectations,2.1370072,Percent (%),2005-02,Federal Reserve Bank of Cleveland via FRED,FRED series EXPINF1YR
2524,Yijie,,Michigan ICS – Overall,94.1,Index Points,2005-02,Univ. of Michigan – Surveys of Consumers,
2525,Yijie,https://fred.stlouisfed.org/series/MICH,Michigan – 1yr Inflation Expectations,2.9,Percent (%),2005-02,University of Michigan – Surveys of Consumers,FRED series MICH
2526,Yijie,,OECD CCI – Amplitude Adjusted,100.9246,Normalised (avg=100),2005-02,OECD via FRED – CSCICP03USM665S,Above 100 = optimism; below 100 = pessimism
2527,Yijie,https://fred.stlouisfed.org/series/USACSCICP02STSAM,OECD CCI – Standardised,101.2463,Normalised (avg=100),2005-02,OECD via FRED,FRED series USACSCICP02STSAM
2528,Yijie,,Yale – Individual 1yr Stock Confidence,87.7,%,2005-02,Yale ICF – Stock Market Confidence Indices,% of individual investors expecting market higher in 1yr
2529,Yijie,,Yale – Institutional 1yr Stock Confidence,81.48,%,2005-02,Yale ICF – Stock Market Confidence Indices,% of institutional investors expecting market higher in 1yr
2530,Yijie,https://fred.stlouisfed.org/series/T5YIE,5yr Breakeven Inflation Rate,2.85,Percent (%),2005-03,Federal Reserve Bank of St. Louis,FRED series T5YIE
2531,Yijie,https://fred.stlouisfed.org/series/EXPINF10YR,Cleveland Fed – 10yr Inflation Expectations,2.474904,Percent (%),2005-03,Federal Reserve Bank of Cleveland via FRED,FRED series EXPINF10YR
2532,Yijie,https://fred.stlouisfed.org/series/EXPINF1YR,Cleveland Fed – 1yr Inflation Expectations,2.3342418,Percent (%),2005-03,Federal Reserve Bank of Cleveland via FRED,FRED series EXPINF1YR
2533,Yijie,,Michigan ICS – Overall,92.6,Index Points,2005-03,Univ. of Michigan – Surveys of Consumers,
2534,Yijie,https://fred.stlouisfed.org/series/MICH,Michigan – 1yr Inflation Expectations,3.2,Percent (%),2005-03,University of Michigan – Surveys of Consumers,FRED series MICH
2535,Yijie,,OECD CCI – Amplitude Adjusted,100.6953,Normalised (avg=100),2005-03,OECD via FRED – CSCICP03USM665S,Above 100 = optimism; below 100 = pessimism
2536,Yijie,https://fred.stlouisfed.org/series/USACSCICP02STSAM,OECD CCI – Standardised,99.63239,Normalised (avg=100),2005-03,OECD via FRED,FRED series USACSCICP02STSAM
2537,Yijie,,Yale – Individual 1yr Stock Confidence,87.84,%,2005-03,Yale ICF – Stock Market Confidence Indices,% of individual investors expecting market higher in 1yr
2538,Yijie,,Yale – Institutional 1yr Stock Confidence,79.21,%,2005-03,Yale ICF – Stock Market Confidence Indices,% of institutional investors expecting market higher in 1yr
2539,Yijie,https://fred.stlouisfed.org/series/T5YIE,5yr Breakeven Inflation Rate,2.85,Percent (%),2005-04,Federal Reserve Bank of St. Louis,FRED series T5YIE
2540,Yijie,https://fred.stlouisfed.org/series/EXPINF10YR,Cleveland Fed – 10yr Inflation Expectations,2.5215946,Percent (%),2005-04,Federal Reserve Bank of Cleveland via FRED,FRED series EXPINF10YR
2541,Yijie,https://fred.stlouisfed.org/series/EXPINF1YR,Cleveland Fed – 1yr Inflation Expectations,2.4622893,Percent (%),2005-04,Federal Reserve Bank of Cleveland via FRED,FRED series EXPINF1YR
2542,Yijie,,Michigan ICS – Overall,87.7,Index Points,2005-04,Univ. of Michigan – Surveys of Consumers,
2543,Yijie,https://fred.stlouisfed.org/series/MICH,Michigan – 1yr Inflation Expectations,3.3,Percent (%),2005-04,University of Michigan – Surveys of Consumers,FRED series MICH
2544,Yijie,,OECD CCI – Amplitude Adjusted,100.5071,Normalised (avg=100),2005-04,OECD via FRED – CSCICP03USM665S,Above 100 = optimism; below 100 = pessimism
2545,Yijie,https://fred.stlouisfed.org/series/USACSCICP02STSAM,OECD CCI – Standardised,94.36026,Normalised (avg=100),2005-04,OECD via FRED,FRED series USACSCICP02STSAM
2546,Yijie,,Yale – Individual 1yr Stock Confidence,86.27,%,2005-04,Yale ICF – Stock Market Confidence Indices,% of individual investors expecting market higher in 1yr
2547,Yijie,,Yale – Institutional 1yr Stock Confidence,79.49,%,2005-04,Yale ICF – Stock Market Confidence Indices,% of institutional investors expecting market higher in 1yr
2548,Yijie,https://fred.stlouisfed.org/series/T5YIE,5yr Breakeven Inflation Rate,2.7,Percent (%),2005-05,Federal Reserve Bank of St. Louis,FRED series T5YIE
2549,Yijie,https://fred.stlouisfed.org/series/EXPINF10YR,Cleveland Fed – 10yr Inflation Expectations,2.4035554,Percent (%),2005-05,Federal Reserve Bank of Cleveland via FRED,FRED series EXPINF10YR
2550,Yijie,https://fred.stlouisfed.org/series/EXPINF1YR,Cleveland Fed – 1yr Inflation Expectations,2.5780667,Percent (%),2005-05,Federal Reserve Bank of Cleveland via FRED,FRED series EXPINF1YR
2551,Yijie,,Michigan ICS – Overall,86.9,Index Points,2005-05,Univ. of Michigan – Surveys of Consumers,
2552,Yijie,https://fred.stlouisfed.org/series/MICH,Michigan – 1yr Inflation Expectations,3.2,Percent (%),2005-05,University of Michigan – Surveys of Consumers,FRED series MICH
2553,Yijie,,OECD CCI – Amplitude Adjusted,100.575,Normalised (avg=100),2005-05,OECD via FRED – CSCICP03USM665S,Above 100 = optimism; below 100 = pessimism
2554,Yijie,https://fred.stlouisfed.org/series/USACSCICP02STSAM,OECD CCI – Standardised,93.4995,Normalised (avg=100),2005-05,OECD via FRED,FRED series USACSCICP02STSAM
2555,Yijie,,Yale – Individual 1yr Stock Confidence,85.52,%,2005-05,Yale ICF – Stock Market Confidence Indices,% of individual investors expecting market higher in 1yr
2556,Yijie,,Yale – Institutional 1yr Stock Confidence,81.82,%,2005-05,Yale ICF – Stock Market Confidence Indices,% of institutional investors expecting market higher in 1yr
2557,Yijie,https://fred.stlouisfed.org/series/T5YIE,5yr Breakeven Inflation Rate,2.44,Percent (%),2005-06,Federal Reserve Bank of St. Louis,FRED series T5YIE
2558,Yijie,https://fred.stlouisfed.org/series/EXPINF10YR,Cleveland Fed – 10yr Inflation Expectations,2.2949612,Percent (%),2005-06,Federal Reserve Bank of Cleveland via FRED,FRED series EXPINF10YR
2559,Yijie,https://fred.stlouisfed.org/series/EXPINF1YR,Cleveland Fed – 1yr Inflation Expectations,2.3619011,Percent (%),2005-06,Federal Reserve Bank of Cleveland via FRED,FRED series EXPINF1YR
2560,Yijie,,Michigan ICS – Overall,96.0,Index Points,2005-06,Univ. of Michigan – Surveys of Consumers,
2561,Yijie,https://fred.stlouisfed.org/series/MICH,Michigan – 1yr Inflation Expectations,3.2,Percent (%),2005-06,University of Michigan – Surveys of Consumers,FRED series MICH
2562,Yijie,,OECD CCI – Amplitude Adjusted,100.8249,Normalised (avg=100),2005-06,OECD via FRED – CSCICP03USM665S,Above 100 = optimism; below 100 = pessimism
2563,Yijie,https://fred.stlouisfed.org/series/USACSCICP02STSAM,OECD CCI – Standardised,103.2906,Normalised (avg=100),2005-06,OECD via FRED,FRED series USACSCICP02STSAM
2564,Yijie,,Yale – Individual 1yr Stock Confidence,84.25,%,2005-06,Yale ICF – Stock Market Confidence Indices,% of individual investors expecting market higher in 1yr
2565,Yijie,,Yale – Institutional 1yr Stock Confidence,76.86,%,2005-06,Yale ICF – Stock Market Confidence Indices,% of institutional investors expecting market higher in 1yr
2566,Yijie,https://fred.stlouisfed.org/series/T5YIE,5yr Breakeven Inflation Rate,2.34,Percent (%),2005-07,Federal Reserve Bank of St. Louis,FRED series T5YIE
2567,Yijie,https://fred.stlouisfed.org/series/EXPINF10YR,Cleveland Fed – 10yr Inflation Expectations,2.359812,Percent (%),2005-07,Federal Reserve Bank of Cleveland via FRED,FRED series EXPINF10YR
2568,Yijie,https://fred.stlouisfed.org/series/EXPINF1YR,Cleveland Fed – 1yr Inflation Expectations,2.3318043,Percent (%),2005-07,Federal Reserve Bank of Cleveland via FRED,FRED series EXPINF1YR
2569,Yijie,,Michigan ICS – Overall,96.5,Index Points,2005-07,Univ. of Michigan – Surveys of Consumers,
2570,Yijie,https://fred.stlouisfed.org/series/MICH,Michigan – 1yr Inflation Expectations,3.0,Percent (%),2005-07,University of Michigan – Surveys of Consumers,FRED series MICH
2571,Yijie,,OECD CCI – Amplitude Adjusted,100.7314,Normalised (avg=100),2005-07,OECD via FRED – CSCICP03USM665S,Above 100 = optimism; below 100 = pessimism
2572,Yijie,https://fred.stlouisfed.org/series/USACSCICP02STSAM,OECD CCI – Standardised,103.8286,Normalised (avg=100),2005-07,OECD via FRED,FRED series USACSCICP02STSAM
2573,Yijie,,Yale – Individual 1yr Stock Confidence,84.25,%,2005-07,Yale ICF – Stock Market Confidence Indices,% of individual investors expecting market higher in 1yr
2574,Yijie,,Yale – Institutional 1yr Stock Confidence,75.57,%,2005-07,Yale ICF – Stock Market Confidence Indices,% of institutional investors expecting market higher in 1yr
2575,Yijie,https://fred.stlouisfed.org/series/T5YIE,5yr Breakeven Inflation Rate,2.37,Percent (%),2005-08,Federal Reserve Bank of St. Louis,FRED series T5YIE
2576,Yijie,https://fred.stlouisfed.org/series/EXPINF10YR,Cleveland Fed – 10yr Inflation Expectations,2.4709578,Percent (%),2005-08,Federal Reserve Bank of Cleveland via FRED,FRED series EXPINF10YR
2577,Yijie,https://fred.stlouisfed.org/series/EXPINF1YR,Cleveland Fed – 1yr Inflation Expectations,2.4638191,Percent (%),2005-08,Federal Reserve Bank of Cleveland via FRED,FRED series EXPINF1YR
2578,Yijie,,Michigan ICS – Overall,89.1,Index Points,2005-08,Univ. of Michigan – Surveys of Consumers,
2579,Yijie,https://fred.stlouisfed.org/series/MICH,Michigan – 1yr Inflation Expectations,3.1,Percent (%),2005-08,University of Michigan – Surveys of Consumers,FRED series MICH
2580,Yijie,,OECD CCI – Amplitude Adjusted,100.1407,Normalised (avg=100),2005-08,OECD via FRED – CSCICP03USM665S,Above 100 = optimism; below 100 = pessimism
2581,Yijie,https://fred.stlouisfed.org/series/USACSCICP02STSAM,OECD CCI – Standardised,95.86658,Normalised (avg=100),2005-08,OECD via FRED,FRED series USACSCICP02STSAM
2582,Yijie,,Yale – Individual 1yr Stock Confidence,81.82,%,2005-08,Yale ICF – Stock Market Confidence Indices,% of individual investors expecting market higher in 1yr
2583,Yijie,,Yale – Institutional 1yr Stock Confidence,75.0,%,2005-08,Yale ICF – Stock Market Confidence Indices,% of institutional investors expecting market higher in 1yr
2584,Yijie,https://fred.stlouisfed.org/series/T5YIE,5yr Breakeven Inflation Rate,2.47,Percent (%),2005-09,Federal Reserve Bank of St. Louis,FRED series T5YIE
2585,Yijie,https://fred.stlouisfed.org/series/EXPINF10YR,Cleveland Fed – 10yr Inflation Expectations,2.3536565,Percent (%),2005-09,Federal Reserve Bank of Cleveland via FRED,FRED series EXPINF10YR
2586,Yijie,https://fred.stlouisfed.org/series/EXPINF1YR,Cleveland Fed – 1yr Inflation Expectations,2.3538136,Percent (%),2005-09,Federal Reserve Bank of Cleveland via FRED,FRED series EXPINF1YR
2587,Yijie,,Michigan ICS – Overall,76.9,Index Points,2005-09,Univ. of Michigan – Surveys of Consumers,
2588,Yijie,https://fred.stlouisfed.org/series/MICH,Michigan – 1yr Inflation Expectations,4.3,Percent (%),2005-09,University of Michigan – Surveys of Consumers,FRED series MICH
2589,Yijie,,OECD CCI – Amplitude Adjusted,99.42278,Normalised (avg=100),2005-09,OECD via FRED – CSCICP03USM665S,Above 100 = optimism; below 100 = pessimism
2590,Yijie,https://fred.stlouisfed.org/series/USACSCICP02STSAM,OECD CCI – Standardised,82.74007,Normalised (avg=100),2005-09,OECD via FRED,FRED series USACSCICP02STSAM
2591,Yijie,,Yale – Individual 1yr Stock Confidence,80.49,%,2005-09,Yale ICF – Stock Market Confidence Indices,% of individual investors expecting market higher in 1yr
2592,Yijie,,Yale – Institutional 1yr Stock Confidence,74.6,%,2005-09,Yale ICF – Stock Market Confidence Indices,% of institutional investors expecting market higher in 1yr
2593,Yijie,https://fred.stlouisfed.org/series/T5YIE,5yr Breakeven Inflation Rate,2.71,Percent (%),2005-10,Federal Reserve Bank of St. Louis,FRED series T5YIE
2594,Yijie,https://fred.stlouisfed.org/series/EXPINF10YR,Cleveland Fed – 10yr Inflation Expectations,2.5492617,Percent (%),2005-10,Federal Reserve Bank of Cleveland via FRED,FRED series EXPINF10YR
2595,Yijie,https://fred.stlouisfed.org/series/EXPINF1YR,Cleveland Fed – 1yr Inflation Expectations,2.8474638,Percent (%),2005-10,Federal Reserve Bank of Cleveland via FRED,FRED series EXPINF1YR
2596,Yijie,,Michigan ICS – Overall,74.2,Index Points,2005-10,Univ. of Michigan – Surveys of Consumers,
2597,Yijie,https://fred.stlouisfed.org/series/MICH,Michigan – 1yr Inflation Expectations,4.6,Percent (%),2005-10,University of Michigan – Surveys of Consumers,FRED series MICH
2598,Yijie,,OECD CCI – Amplitude Adjusted,99.18978,Normalised (avg=100),2005-10,OECD via FRED – CSCICP03USM665S,Above 100 = optimism; below 100 = pessimism
2599,Yijie,https://fred.stlouisfed.org/series/USACSCICP02STSAM,OECD CCI – Standardised,79.83502,Normalised (avg=100),2005-10,OECD via FRED,FRED series USACSCICP02STSAM
2600,Yijie,,Yale – Individual 1yr Stock Confidence,80.51,%,2005-10,Yale ICF – Stock Market Confidence Indices,% of individual investors expecting market higher in 1yr
2601,Yijie,,Yale – Institutional 1yr Stock Confidence,72.57,%,2005-10,Yale ICF – Stock Market Confidence Indices,% of institutional investors expecting market higher in 1yr
2602,Yijie,https://fred.stlouisfed.org/series/T5YIE,5yr Breakeven Inflation Rate,2.63,Percent (%),2005-11,Federal Reserve Bank of St. Louis,FRED series T5YIE
2603,Yijie,https://fred.stlouisfed.org/series/EXPINF10YR,Cleveland Fed – 10yr Inflation Expectations,2.5758744,Percent (%),2005-11,Federal Reserve Bank of Cleveland via FRED,FRED series EXPINF10YR
2604,Yijie,https://fred.stlouisfed.org/series/EXPINF1YR,Cleveland Fed – 1yr Inflation Expectations,3.0510174,Percent (%),2005-11,Federal Reserve Bank of Cleveland via FRED,FRED series EXPINF1YR
2605,Yijie,,Michigan ICS – Overall,81.6,Index Points,2005-11,Univ. of Michigan – Surveys of Consumers,
2606,Yijie,https://fred.stlouisfed.org/series/MICH,Michigan – 1yr Inflation Expectations,3.3,Percent (%),2005-11,University of Michigan – Surveys of Consumers,FRED series MICH
2607,Yijie,,OECD CCI – Amplitude Adjusted,99.57593,Normalised (avg=100),2005-11,OECD via FRED – CSCICP03USM665S,Above 100 = optimism; below 100 = pessimism
2608,Yijie,https://fred.stlouisfed.org/series/USACSCICP02STSAM,OECD CCI – Standardised,87.797,Normalised (avg=100),2005-11,OECD via FRED,FRED series USACSCICP02STSAM
2609,Yijie,,Yale – Individual 1yr Stock Confidence,82.73,%,2005-11,Yale ICF – Stock Market Confidence Indices,% of individual investors expecting market higher in 1yr
2610,Yijie,,Yale – Institutional 1yr Stock Confidence,74.36,%,2005-11,Yale ICF – Stock Market Confidence Indices,% of institutional investors expecting market higher in 1yr
2611,Yijie,https://fred.stlouisfed.org/series/T5YIE,5yr Breakeven Inflation Rate,2.37,Percent (%),2005-12,Federal Reserve Bank of St. Louis,FRED series T5YIE
2612,Yijie,https://fred.stlouisfed.org/series/EXPINF10YR,Cleveland Fed – 10yr Inflation Expectations,2.5702512,Percent (%),2005-12,Federal Reserve Bank of Cleveland via FRED,FRED series EXPINF10YR
2613,Yijie,https://fred.stlouisfed.org/series/EXPINF1YR,Cleveland Fed – 1yr Inflation Expectations,3.2271725,Percent (%),2005-12,Federal Reserve Bank of Cleveland via FRED,FRED series EXPINF1YR
2614,Yijie,,Michigan ICS – Overall,91.5,Index Points,2005-12,Univ. of Michigan – Surveys of Consumers,
2615,Yijie,https://fred.stlouisfed.org/series/MICH,Michigan – 1yr Inflation Expectations,3.1,Percent (%),2005-12,University of Michigan – Surveys of Consumers,FRED series MICH
2616,Yijie,,OECD CCI – Amplitude Adjusted,100.1521,Normalised (avg=100),2005-12,OECD via FRED – CSCICP03USM665S,Above 100 = optimism; below 100 = pessimism
2617,Yijie,https://fred.stlouisfed.org/series/USACSCICP02STSAM,OECD CCI – Standardised,98.44884,Normalised (avg=100),2005-12,OECD via FRED,FRED series USACSCICP02STSAM
2618,Yijie,,Yale – Individual 1yr Stock Confidence,81.98,%,2005-12,Yale ICF – Stock Market Confidence Indices,% of individual investors expecting market higher in 1yr
2619,Yijie,,Yale – Institutional 1yr Stock Confidence,77.14,%,2005-12,Yale ICF – Stock Market Confidence Indices,% of institutional investors expecting market higher in 1yr
2620,Yijie,https://fred.stlouisfed.org/series/T5YIE,5yr Breakeven Inflation Rate,2.3,Percent (%),2006-01,Federal Reserve Bank of St. Louis,FRED series T5YIE
2621,Yijie,https://fred.stlouisfed.org/series/EXPINF10YR,Cleveland Fed – 10yr Inflation Expectations,2.4488727,Percent (%),2006-01,Federal Reserve Bank of Cleveland via FRED,FRED series EXPINF10YR
2622,Yijie,https://fred.stlouisfed.org/series/EXPINF1YR,Cleveland Fed – 1yr Inflation Expectations,2.4027758,Percent (%),2006-01,Federal Reserve Bank of Cleveland via FRED,FRED series EXPINF1YR
2623,Yijie,,Michigan ICS – Overall,91.2,Index Points,2006-01,Univ. of Michigan – Surveys of Consumers,
2624,Yijie,https://fred.stlouisfed.org/series/MICH,Michigan – 1yr Inflation Expectations,3.0,Percent (%),2006-01,University of Michigan – Surveys of Consumers,FRED series MICH
2625,Yijie,,OECD CCI – Amplitude Adjusted,100.4121,Normalised (avg=100),2006-01,OECD via FRED – CSCICP03USM665S,Above 100 = optimism; below 100 = pessimism
2626,Yijie,https://fred.stlouisfed.org/series/USACSCICP02STSAM,OECD CCI – Standardised,98.12607,Normalised (avg=100),2006-01,OECD via FRED,FRED series USACSCICP02STSAM
2627,Yijie,,Yale – Individual 1yr Stock Confidence,82.73,%,2006-01,Yale ICF – Stock Market Confidence Indices,% of individual investors expecting market higher in 1yr
2628,Yijie,,Yale – Institutional 1yr Stock Confidence,78.57,%,2006-01,Yale ICF – Stock Market Confidence Indices,% of institutional investors expecting market higher in 1yr
2629,Yijie,https://fred.stlouisfed.org/series/T5YIE,5yr Breakeven Inflation Rate,2.57,Percent (%),2006-02,Federal Reserve Bank of St. Louis,FRED series T5YIE
2630,Yijie,https://fred.stlouisfed.org/series/EXPINF10YR,Cleveland Fed – 10yr Inflation Expectations,2.5135642,Percent (%),2006-02,Federal Reserve Bank of Cleveland via FRED,FRED series EXPINF10YR
2631,Yijie,https://fred.stlouisfed.org/series/EXPINF1YR,Cleveland Fed – 1yr Inflation Expectations,2.5082827,Percent (%),2006-02,Federal Reserve Bank of Cleveland via FRED,FRED series EXPINF1YR
2632,Yijie,,Michigan ICS – Overall,86.7,Index Points,2006-02,Univ. of Michigan – Surveys of Consumers,
2633,Yijie,https://fred.stlouisfed.org/series/MICH,Michigan – 1yr Inflation Expectations,3.0,Percent (%),2006-02,University of Michigan – Surveys of Consumers,FRED series MICH
2634,Yijie,,OECD CCI – Amplitude Adjusted,100.3635,Normalised (avg=100),2006-02,OECD via FRED – CSCICP03USM665S,Above 100 = optimism; below 100 = pessimism
2635,Yijie,https://fred.stlouisfed.org/series/USACSCICP02STSAM,OECD CCI – Standardised,93.28432,Normalised (avg=100),2006-02,OECD via FRED,FRED series USACSCICP02STSAM
2636,Yijie,,Yale – Individual 1yr Stock Confidence,83.93,%,2006-02,Yale ICF – Stock Market Confidence Indices,% of individual investors expecting market higher in 1yr
2637,Yijie,,Yale – Institutional 1yr Stock Confidence,83.91,%,2006-02,Yale ICF – Stock Market Confidence Indices,% of institutional investors expecting market higher in 1yr
2638,Yijie,https://fred.stlouisfed.org/series/T5YIE,5yr Breakeven Inflation Rate,2.71,Percent (%),2006-03,Federal Reserve Bank of St. Louis,FRED series T5YIE
2639,Yijie,https://fred.stlouisfed.org/series/EXPINF10YR,Cleveland Fed – 10yr Inflation Expectations,2.4741254,Percent (%),2006-03,Federal Reserve Bank of Cleveland via FRED,FRED series EXPINF10YR
2640,Yijie,https://fred.stlouisfed.org/series/EXPINF1YR,Cleveland Fed – 1yr Inflation Expectations,1.768612,Percent (%),2006-03,Federal Reserve Bank of Cleveland via FRED,FRED series EXPINF1YR
2641,Yijie,,Michigan ICS – Overall,88.9,Index Points,2006-03,Univ. of Michigan – Surveys of Consumers,
2642,Yijie,https://fred.stlouisfed.org/series/MICH,Michigan – 1yr Inflation Expectations,3.0,Percent (%),2006-03,University of Michigan – Surveys of Consumers,FRED series MICH
2643,Yijie,,OECD CCI – Amplitude Adjusted,100.2323,Normalised (avg=100),2006-03,OECD via FRED – CSCICP03USM665S,Above 100 = optimism; below 100 = pessimism
2644,Yijie,https://fred.stlouisfed.org/series/USACSCICP02STSAM,OECD CCI – Standardised,95.6514,Normalised (avg=100),2006-03,OECD via FRED,FRED series USACSCICP02STSAM
2645,Yijie,,Yale – Individual 1yr Stock Confidence,84.13,%,2006-03,Yale ICF – Stock Market Confidence Indices,% of individual investors expecting market higher in 1yr
2646,Yijie,,Yale – Institutional 1yr Stock Confidence,87.78,%,2006-03,Yale ICF – Stock Market Confidence Indices,% of institutional investors expecting market higher in 1yr
2647,Yijie,https://fred.stlouisfed.org/series/T5YIE,5yr Breakeven Inflation Rate,2.59,Percent (%),2006-04,Federal Reserve Bank of St. Louis,FRED series T5YIE
2648,Yijie,https://fred.stlouisfed.org/series/EXPINF10YR,Cleveland Fed – 10yr Inflation Expectations,2.6257421,Percent (%),2006-04,Federal Reserve Bank of Cleveland via FRED,FRED series EXPINF10YR
2649,Yijie,https://fred.stlouisfed.org/series/EXPINF1YR,Cleveland Fed – 1yr Inflation Expectations,2.6830379,Percent (%),2006-04,Federal Reserve Bank of Cleveland via FRED,FRED series EXPINF1YR
2650,Yijie,,Michigan ICS – Overall,87.4,Index Points,2006-04,Univ. of Michigan – Surveys of Consumers,
2651,Yijie,https://fred.stlouisfed.org/series/MICH,Michigan – 1yr Inflation Expectations,3.3,Percent (%),2006-04,University of Michigan – Surveys of Consumers,FRED series MICH
2652,Yijie,,OECD CCI – Amplitude Adjusted,99.981,Normalised (avg=100),2006-04,OECD via FRED – CSCICP03USM665S,Above 100 = optimism; below 100 = pessimism
2653,Yijie,https://fred.stlouisfed.org/series/USACSCICP02STSAM,OECD CCI – Standardised,94.03748,Normalised (avg=100),2006-04,OECD via FRED,FRED series USACSCICP02STSAM
2654,Yijie,,Yale – Individual 1yr Stock Confidence,83.93,%,2006-04,Yale ICF – Stock Market Confidence Indices,% of individual investors expecting market higher in 1yr
2655,Yijie,,Yale – Institutional 1yr Stock Confidence,92.0,%,2006-04,Yale ICF – Stock Market Confidence Indices,% of institutional investors expecting market higher in 1yr
2656,Yijie,https://fred.stlouisfed.org/series/T5YIE,5yr Breakeven Inflation Rate,2.72,Percent (%),2006-05,Federal Reserve Bank of St. Louis,FRED series T5YIE
2657,Yijie,https://fred.stlouisfed.org/series/EXPINF10YR,Cleveland Fed – 10yr Inflation Expectations,2.6635907,Percent (%),2006-05,Federal Reserve Bank of Cleveland via FRED,FRED series EXPINF10YR
2658,Yijie,https://fred.stlouisfed.org/series/EXPINF1YR,Cleveland Fed – 1yr Inflation Expectations,2.8830197,Percent (%),2006-05,Federal Reserve Bank of Cleveland via FRED,FRED series EXPINF1YR
2659,Yijie,,Michigan ICS – Overall,79.1,Index Points,2006-05,Univ. of Michigan – Surveys of Consumers,
2660,Yijie,https://fred.stlouisfed.org/series/MICH,Michigan – 1yr Inflation Expectations,4.0,Percent (%),2006-05,University of Michigan – Surveys of Consumers,FRED series MICH
2661,Yijie,,OECD CCI – Amplitude Adjusted,99.69939,Normalised (avg=100),2006-05,OECD via FRED – CSCICP03USM665S,Above 100 = optimism; below 100 = pessimism
2662,Yijie,https://fred.stlouisfed.org/series/USACSCICP02STSAM,OECD CCI – Standardised,85.10715,Normalised (avg=100),2006-05,OECD via FRED,FRED series USACSCICP02STSAM
2663,Yijie,,Yale – Individual 1yr Stock Confidence,83.33,%,2006-05,Yale ICF – Stock Market Confidence Indices,% of individual investors expecting market higher in 1yr
2664,Yijie,,Yale – Institutional 1yr Stock Confidence,92.59,%,2006-05,Yale ICF – Stock Market Confidence Indices,% of institutional investors expecting market higher in 1yr
2665,Yijie,https://fred.stlouisfed.org/series/T5YIE,5yr Breakeven Inflation Rate,2.69,Percent (%),2006-06,Federal Reserve Bank of St. Louis,FRED series T5YIE
2666,Yijie,https://fred.stlouisfed.org/series/EXPINF10YR,Cleveland Fed – 10yr Inflation Expectations,2.6658287,Percent (%),2006-06,Federal Reserve Bank of Cleveland via FRED,FRED series EXPINF10YR
2667,Yijie,https://fred.stlouisfed.org/series/EXPINF1YR,Cleveland Fed – 1yr Inflation Expectations,2.7447553,Percent (%),2006-06,Federal Reserve Bank of Cleveland via FRED,FRED series EXPINF1YR
2668,Yijie,,Michigan ICS – Overall,84.9,Index Points,2006-06,Univ. of Michigan – Surveys of Consumers,
2669,Yijie,https://fred.stlouisfed.org/series/MICH,Michigan – 1yr Inflation Expectations,3.3,Percent (%),2006-06,University of Michigan – Surveys of Consumers,FRED series MICH
2670,Yijie,,OECD CCI – Amplitude Adjusted,99.67864,Normalised (avg=100),2006-06,OECD via FRED – CSCICP03USM665S,Above 100 = optimism; below 100 = pessimism
2671,Yijie,https://fred.stlouisfed.org/series/USACSCICP02STSAM,OECD CCI – Standardised,91.34762,Normalised (avg=100),2006-06,OECD via FRED,FRED series USACSCICP02STSAM
2672,Yijie,,Yale – Individual 1yr Stock Confidence,87.5,%,2006-06,Yale ICF – Stock Market Confidence Indices,% of individual investors expecting market higher in 1yr
2673,Yijie,,Yale – Institutional 1yr Stock Confidence,88.89,%,2006-06,Yale ICF – Stock Market Confidence Indices,% of institutional investors expecting market higher in 1yr
2674,Yijie,https://fred.stlouisfed.org/series/T5YIE,5yr Breakeven Inflation Rate,2.62,Percent (%),2006-07,Federal Reserve Bank of St. Louis,FRED series T5YIE
2675,Yijie,https://fred.stlouisfed.org/series/EXPINF10YR,Cleveland Fed – 10yr Inflation Expectations,2.721923,Percent (%),2006-07,Federal Reserve Bank of Cleveland via FRED,FRED series EXPINF10YR
2676,Yijie,https://fred.stlouisfed.org/series/EXPINF1YR,Cleveland Fed – 1yr Inflation Expectations,2.8005219,Percent (%),2006-07,Federal Reserve Bank of Cleveland via FRED,FRED series EXPINF1YR
2677,Yijie,,Michigan ICS – Overall,84.7,Index Points,2006-07,Univ. of Michigan – Surveys of Consumers,
2678,Yijie,https://fred.stlouisfed.org/series/MICH,Michigan – 1yr Inflation Expectations,3.2,Percent (%),2006-07,University of Michigan – Surveys of Consumers,FRED series MICH
2679,Yijie,,OECD CCI – Amplitude Adjusted,99.71475,Normalised (avg=100),2006-07,OECD via FRED – CSCICP03USM665S,Above 100 = optimism; below 100 = pessimism
2680,Yijie,https://fred.stlouisfed.org/series/USACSCICP02STSAM,OECD CCI – Standardised,91.13243,Normalised (avg=100),2006-07,OECD via FRED,FRED series USACSCICP02STSAM
2681,Yijie,,Yale – Individual 1yr Stock Confidence,82.52,%,2006-07,Yale ICF – Stock Market Confidence Indices,% of individual investors expecting market higher in 1yr
2682,Yijie,,Yale – Institutional 1yr Stock Confidence,87.18,%,2006-07,Yale ICF – Stock Market Confidence Indices,% of institutional investors expecting market higher in 1yr
2683,Yijie,https://fred.stlouisfed.org/series/T5YIE,5yr Breakeven Inflation Rate,2.55,Percent (%),2006-08,Federal Reserve Bank of St. Louis,FRED series T5YIE
2684,Yijie,https://fred.stlouisfed.org/series/EXPINF10YR,Cleveland Fed – 10yr Inflation Expectations,2.6194038,Percent (%),2006-08,Federal Reserve Bank of Cleveland via FRED,FRED series EXPINF10YR
2685,Yijie,https://fred.stlouisfed.org/series/EXPINF1YR,Cleveland Fed – 1yr Inflation Expectations,2.8670646,Percent (%),2006-08,Federal Reserve Bank of Cleveland via FRED,FRED series EXPINF1YR
2686,Yijie,,Michigan ICS – Overall,82.0,Index Points,2006-08,Univ. of Michigan – Surveys of Consumers,
2687,Yijie,https://fred.stlouisfed.org/series/MICH,Michigan – 1yr Inflation Expectations,3.8,Percent (%),2006-08,University of Michigan – Surveys of Consumers,FRED series MICH
2688,Yijie,,OECD CCI – Amplitude Adjusted,99.81288,Normalised (avg=100),2006-08,OECD via FRED – CSCICP03USM665S,Above 100 = optimism; below 100 = pessimism
2689,Yijie,https://fred.stlouisfed.org/series/USACSCICP02STSAM,OECD CCI – Standardised,88.22739,Normalised (avg=100),2006-08,OECD via FRED,FRED series USACSCICP02STSAM
2690,Yijie,,Yale – Individual 1yr Stock Confidence,82.35,%,2006-08,Yale ICF – Stock Market Confidence Indices,% of individual investors expecting market higher in 1yr
2691,Yijie,,Yale – Institutional 1yr Stock Confidence,81.11,%,2006-08,Yale ICF – Stock Market Confidence Indices,% of institutional investors expecting market higher in 1yr
2692,Yijie,https://fred.stlouisfed.org/series/T5YIE,5yr Breakeven Inflation Rate,2.4,Percent (%),2006-09,Federal Reserve Bank of St. Louis,FRED series T5YIE
2693,Yijie,https://fred.stlouisfed.org/series/EXPINF10YR,Cleveland Fed – 10yr Inflation Expectations,2.5174803,Percent (%),2006-09,Federal Reserve Bank of Cleveland via FRED,FRED series EXPINF10YR
2694,Yijie,https://fred.stlouisfed.org/series/EXPINF1YR,Cleveland Fed – 1yr Inflation Expectations,2.6513028,Percent (%),2006-09,Federal Reserve Bank of Cleveland via FRED,FRED series EXPINF1YR
2695,Yijie,,Michigan ICS – Overall,85.4,Index Points,2006-09,Univ. of Michigan – Surveys of Consumers,
2696,Yijie,https://fred.stlouisfed.org/series/MICH,Michigan – 1yr Inflation Expectations,3.1,Percent (%),2006-09,University of Michigan – Surveys of Consumers,FRED series MICH
2697,Yijie,,OECD CCI – Amplitude Adjusted,100.1277,Normalised (avg=100),2006-09,OECD via FRED – CSCICP03USM665S,Above 100 = optimism; below 100 = pessimism
2698,Yijie,https://fred.stlouisfed.org/series/USACSCICP02STSAM,OECD CCI – Standardised,91.88559,Normalised (avg=100),2006-09,OECD via FRED,FRED series USACSCICP02STSAM
2699,Yijie,,Yale – Individual 1yr Stock Confidence,83.5,%,2006-09,Yale ICF – Stock Market Confidence Indices,% of individual investors expecting market higher in 1yr
2700,Yijie,,Yale – Institutional 1yr Stock Confidence,74.73,%,2006-09,Yale ICF – Stock Market Confidence Indices,% of institutional investors expecting market higher in 1yr
2701,Yijie,https://fred.stlouisfed.org/series/T5YIE,5yr Breakeven Inflation Rate,2.25,Percent (%),2006-10,Federal Reserve Bank of St. Louis,FRED series T5YIE
2702,Yijie,https://fred.stlouisfed.org/series/EXPINF10YR,Cleveland Fed – 10yr Inflation Expectations,2.485753,Percent (%),2006-10,Federal Reserve Bank of Cleveland via FRED,FRED series EXPINF10YR
2703,Yijie,https://fred.stlouisfed.org/series/EXPINF1YR,Cleveland Fed – 1yr Inflation Expectations,2.4007047,Percent (%),2006-10,Federal Reserve Bank of Cleveland via FRED,FRED series EXPINF1YR
2704,Yijie,,Michigan ICS – Overall,93.6,Index Points,2006-10,Univ. of Michigan – Surveys of Consumers,
2705,Yijie,https://fred.stlouisfed.org/series/MICH,Michigan – 1yr Inflation Expectations,3.1,Percent (%),2006-10,University of Michigan – Surveys of Consumers,FRED series MICH
2706,Yijie,,OECD CCI – Amplitude Adjusted,100.5471,Normalised (avg=100),2006-10,OECD via FRED – CSCICP03USM665S,Above 100 = optimism; below 100 = pessimism
2707,Yijie,https://fred.stlouisfed.org/series/USACSCICP02STSAM,OECD CCI – Standardised,100.7083,Normalised (avg=100),2006-10,OECD via FRED,FRED series USACSCICP02STSAM
2708,Yijie,,Yale – Individual 1yr Stock Confidence,85.22,%,2006-10,Yale ICF – Stock Market Confidence Indices,% of individual investors expecting market higher in 1yr
2709,Yijie,,Yale – Institutional 1yr Stock Confidence,73.74,%,2006-10,Yale ICF – Stock Market Confidence Indices,% of institutional investors expecting market higher in 1yr
2710,Yijie,https://fred.stlouisfed.org/series/T5YIE,5yr Breakeven Inflation Rate,2.11,Percent (%),2006-11,Federal Reserve Bank of St. Louis,FRED series T5YIE
2711,Yijie,https://fred.stlouisfed.org/series/EXPINF10YR,Cleveland Fed – 10yr Inflation Expectations,2.3789791,Percent (%),2006-11,Federal Reserve Bank of Cleveland via FRED,FRED series EXPINF10YR
2712,Yijie,https://fred.stlouisfed.org/series/EXPINF1YR,Cleveland Fed – 1yr Inflation Expectations,1.8893923,Percent (%),2006-11,Federal Reserve Bank of Cleveland via FRED,FRED series EXPINF1YR
2713,Yijie,,Michigan ICS – Overall,92.1,Index Points,2006-11,Univ. of Michigan – Surveys of Consumers,
2714,Yijie,https://fred.stlouisfed.org/series/MICH,Michigan – 1yr Inflation Expectations,3.0,Percent (%),2006-11,University of Michigan – Surveys of Consumers,FRED series MICH
2715,Yijie,,OECD CCI – Amplitude Adjusted,100.7777,Normalised (avg=100),2006-11,OECD via FRED – CSCICP03USM665S,Above 100 = optimism; below 100 = pessimism
2716,Yijie,https://fred.stlouisfed.org/series/USACSCICP02STSAM,OECD CCI – Standardised,99.09441,Normalised (avg=100),2006-11,OECD via FRED,FRED series USACSCICP02STSAM
2717,Yijie,,Yale – Individual 1yr Stock Confidence,85.29,%,2006-11,Yale ICF – Stock Market Confidence Indices,% of individual investors expecting market higher in 1yr
2718,Yijie,,Yale – Institutional 1yr Stock Confidence,75.21,%,2006-11,Yale ICF – Stock Market Confidence Indices,% of institutional investors expecting market higher in 1yr
2719,Yijie,https://fred.stlouisfed.org/series/T5YIE,5yr Breakeven Inflation Rate,2.27,Percent (%),2006-12,Federal Reserve Bank of St. Louis,FRED series T5YIE
2720,Yijie,https://fred.stlouisfed.org/series/EXPINF10YR,Cleveland Fed – 10yr Inflation Expectations,2.3467956,Percent (%),2006-12,Federal Reserve Bank of Cleveland via FRED,FRED series EXPINF10YR
2721,Yijie,https://fred.stlouisfed.org/series/EXPINF1YR,Cleveland Fed – 1yr Inflation Expectations,1.9891528,Percent (%),2006-12,Federal Reserve Bank of Cleveland via FRED,FRED series EXPINF1YR
2722,Yijie,,Michigan ICS – Overall,91.7,Index Points,2006-12,Univ. of Michigan – Surveys of Consumers,
2723,Yijie,https://fred.stlouisfed.org/series/MICH,Michigan – 1yr Inflation Expectations,2.9,Percent (%),2006-12,University of Michigan – Surveys of Consumers,FRED series MICH
2724,Yijie,,OECD CCI – Amplitude Adjusted,100.893,Normalised (avg=100),2006-12,OECD via FRED – CSCICP03USM665S,Above 100 = optimism; below 100 = pessimism
2725,Yijie,https://fred.stlouisfed.org/series/USACSCICP02STSAM,OECD CCI – Standardised,98.66404,Normalised (avg=100),2006-12,OECD via FRED,FRED series USACSCICP02STSAM
2726,Yijie,,Yale – Individual 1yr Stock Confidence,83.89,%,2006-12,Yale ICF – Stock Market Confidence Indices,% of individual investors expecting market higher in 1yr
2727,Yijie,,Yale – Institutional 1yr Stock Confidence,75.0,%,2006-12,Yale ICF – Stock Market Confidence Indices,% of institutional investors expecting market higher in 1yr
2728,Yijie,https://fred.stlouisfed.org/series/T5YIE,5yr Breakeven Inflation Rate,2.27,Percent (%),2007-01,Federal Reserve Bank of St. Louis,FRED series T5YIE
2729,Yijie,https://fred.stlouisfed.org/series/EXPINF10YR,Cleveland Fed – 10yr Inflation Expectations,2.5293118,Percent (%),2007-01,Federal Reserve Bank of Cleveland via FRED,FRED series EXPINF10YR
2730,Yijie,https://fred.stlouisfed.org/series/EXPINF1YR,Cleveland Fed – 1yr Inflation Expectations,2.6838116,Percent (%),2007-01,Federal Reserve Bank of Cleveland via FRED,FRED series EXPINF1YR
2731,Yijie,,Michigan ICS – Overall,96.9,Index Points,2007-01,Univ. of Michigan – Surveys of Consumers,
2732,Yijie,https://fred.stlouisfed.org/series/MICH,Michigan – 1yr Inflation Expectations,3.0,Percent (%),2007-01,University of Michigan – Surveys of Consumers,FRED series MICH
2733,Yijie,,OECD CCI – Amplitude Adjusted,100.9249,Normalised (avg=100),2007-01,OECD via FRED – CSCICP03USM665S,Above 100 = optimism; below 100 = pessimism
2734,Yijie,https://fred.stlouisfed.org/series/USACSCICP02STSAM,OECD CCI – Standardised,104.2589,Normalised (avg=100),2007-01,OECD via FRED,FRED series USACSCICP02STSAM
2735,Yijie,,Yale – Individual 1yr Stock Confidence,85.38,%,2007-01,Yale ICF – Stock Market Confidence Indices,% of individual investors expecting market higher in 1yr
2736,Yijie,,Yale – Institutional 1yr Stock Confidence,74.51,%,2007-01,Yale ICF – Stock Market Confidence Indices,% of institutional investors expecting market higher in 1yr
2737,Yijie,https://fred.stlouisfed.org/series/T5YIE,5yr Breakeven Inflation Rate,2.41,Percent (%),2007-02,Federal Reserve Bank of St. Louis,FRED series T5YIE
2738,Yijie,https://fred.stlouisfed.org/series/EXPINF10YR,Cleveland Fed – 10yr Inflation Expectations,2.5756304,Percent (%),2007-02,Federal Reserve Bank of Cleveland via FRED,FRED series EXPINF10YR
2739,Yijie,https://fred.stlouisfed.org/series/EXPINF1YR,Cleveland Fed – 1yr Inflation Expectations,2.6396415,Percent (%),2007-02,Federal Reserve Bank of Cleveland via FRED,FRED series EXPINF1YR
2740,Yijie,,Michigan ICS – Overall,91.3,Index Points,2007-02,Univ. of Michigan – Surveys of Consumers,
2741,Yijie,https://fred.stlouisfed.org/series/MICH,Michigan – 1yr Inflation Expectations,3.0,Percent (%),2007-02,University of Michigan – Surveys of Consumers,FRED series MICH
2742,Yijie,,OECD CCI – Amplitude Adjusted,100.7022,Normalised (avg=100),2007-02,OECD via FRED – CSCICP03USM665S,Above 100 = optimism; below 100 = pessimism
2743,Yijie,https://fred.stlouisfed.org/series/USACSCICP02STSAM,OECD CCI – Standardised,98.23366,Normalised (avg=100),2007-02,OECD via FRED,FRED series USACSCICP02STSAM
2744,Yijie,,Yale – Individual 1yr Stock Confidence,86.36,%,2007-02,Yale ICF – Stock Market Confidence Indices,% of individual investors expecting market higher in 1yr
2745,Yijie,,Yale – Institutional 1yr Stock Confidence,75.58,%,2007-02,Yale ICF – Stock Market Confidence Indices,% of institutional investors expecting market higher in 1yr
2746,Yijie,https://fred.stlouisfed.org/series/T5YIE,5yr Breakeven Inflation Rate,2.39,Percent (%),2007-03,Federal Reserve Bank of St. Louis,FRED series T5YIE
2747,Yijie,https://fred.stlouisfed.org/series/EXPINF10YR,Cleveland Fed – 10yr Inflation Expectations,2.4594415,Percent (%),2007-03,Federal Reserve Bank of Cleveland via FRED,FRED series EXPINF10YR
2748,Yijie,https://fred.stlouisfed.org/series/EXPINF1YR,Cleveland Fed – 1yr Inflation Expectations,2.7976602,Percent (%),2007-03,Federal Reserve Bank of Cleveland via FRED,FRED series EXPINF1YR
2749,Yijie,,Michigan ICS – Overall,88.4,Index Points,2007-03,Univ. of Michigan – Surveys of Consumers,
2750,Yijie,https://fred.stlouisfed.org/series/MICH,Michigan – 1yr Inflation Expectations,3.0,Percent (%),2007-03,University of Michigan – Surveys of Consumers,FRED series MICH
2751,Yijie,,OECD CCI – Amplitude Adjusted,100.4308,Normalised (avg=100),2007-03,OECD via FRED – CSCICP03USM665S,Above 100 = optimism; below 100 = pessimism
2752,Yijie,https://fred.stlouisfed.org/series/USACSCICP02STSAM,OECD CCI – Standardised,95.11342,Normalised (avg=100),2007-03,OECD via FRED,FRED series USACSCICP02STSAM
2753,Yijie,,Yale – Individual 1yr Stock Confidence,85.95,%,2007-03,Yale ICF – Stock Market Confidence Indices,% of individual investors expecting market higher in 1yr
2754,Yijie,,Yale – Institutional 1yr Stock Confidence,80.0,%,2007-03,Yale ICF – Stock Market Confidence Indices,% of institutional investors expecting market higher in 1yr
2755,Yijie,https://fred.stlouisfed.org/series/T5YIE,5yr Breakeven Inflation Rate,2.5,Percent (%),2007-04,Federal Reserve Bank of St. Louis,FRED series T5YIE
2756,Yijie,https://fred.stlouisfed.org/series/EXPINF10YR,Cleveland Fed – 10yr Inflation Expectations,2.4786022,Percent (%),2007-04,Federal Reserve Bank of Cleveland via FRED,FRED series EXPINF10YR
2757,Yijie,https://fred.stlouisfed.org/series/EXPINF1YR,Cleveland Fed – 1yr Inflation Expectations,2.7184483,Percent (%),2007-04,Federal Reserve Bank of Cleveland via FRED,FRED series EXPINF1YR
2758,Yijie,,Michigan ICS – Overall,87.1,Index Points,2007-04,Univ. of Michigan – Surveys of Consumers,
2759,Yijie,https://fred.stlouisfed.org/series/MICH,Michigan – 1yr Inflation Expectations,3.3,Percent (%),2007-04,University of Michigan – Surveys of Consumers,FRED series MICH
2760,Yijie,,OECD CCI – Amplitude Adjusted,100.257,Normalised (avg=100),2007-04,OECD via FRED – CSCICP03USM665S,Above 100 = optimism; below 100 = pessimism
2761,Yijie,https://fred.stlouisfed.org/series/USACSCICP02STSAM,OECD CCI – Standardised,93.7147,Normalised (avg=100),2007-04,OECD via FRED,FRED series USACSCICP02STSAM
2762,Yijie,,Yale – Individual 1yr Stock Confidence,80.0,%,2007-04,Yale ICF – Stock Market Confidence Indices,% of individual investors expecting market higher in 1yr
2763,Yijie,,Yale – Institutional 1yr Stock Confidence,81.18,%,2007-04,Yale ICF – Stock Market Confidence Indices,% of institutional investors expecting market higher in 1yr
2764,Yijie,https://fred.stlouisfed.org/series/T5YIE,5yr Breakeven Inflation Rate,2.47,Percent (%),2007-05,Federal Reserve Bank of St. Louis,FRED series T5YIE
2765,Yijie,https://fred.stlouisfed.org/series/EXPINF10YR,Cleveland Fed – 10yr Inflation Expectations,2.524481,Percent (%),2007-05,Federal Reserve Bank of Cleveland via FRED,FRED series EXPINF10YR
2766,Yijie,https://fred.stlouisfed.org/series/EXPINF1YR,Cleveland Fed – 1yr Inflation Expectations,2.9243064,Percent (%),2007-05,Federal Reserve Bank of Cleveland via FRED,FRED series EXPINF1YR
2767,Yijie,,Michigan ICS – Overall,88.3,Index Points,2007-05,Univ. of Michigan – Surveys of Consumers,
2768,Yijie,https://fred.stlouisfed.org/series/MICH,Michigan – 1yr Inflation Expectations,3.3,Percent (%),2007-05,University of Michigan – Surveys of Consumers,FRED series MICH
2769,Yijie,,OECD CCI – Amplitude Adjusted,100.1968,Normalised (avg=100),2007-05,OECD via FRED – CSCICP03USM665S,Above 100 = optimism; below 100 = pessimism
2770,Yijie,https://fred.stlouisfed.org/series/USACSCICP02STSAM,OECD CCI – Standardised,95.00583,Normalised (avg=100),2007-05,OECD via FRED,FRED series USACSCICP02STSAM
2771,Yijie,,Yale – Individual 1yr Stock Confidence,80.15,%,2007-05,Yale ICF – Stock Market Confidence Indices,% of individual investors expecting market higher in 1yr
2772,Yijie,,Yale – Institutional 1yr Stock Confidence,78.16,%,2007-05,Yale ICF – Stock Market Confidence Indices,% of institutional investors expecting market higher in 1yr
2773,Yijie,https://fred.stlouisfed.org/series/T5YIE,5yr Breakeven Inflation Rate,2.34,Percent (%),2007-06,Federal Reserve Bank of St. Louis,FRED series T5YIE
2774,Yijie,https://fred.stlouisfed.org/series/EXPINF10YR,Cleveland Fed – 10yr Inflation Expectations,2.6718196,Percent (%),2007-06,Federal Reserve Bank of Cleveland via FRED,FRED series EXPINF10YR
2775,Yijie,https://fred.stlouisfed.org/series/EXPINF1YR,Cleveland Fed – 1yr Inflation Expectations,3.214615,Percent (%),2007-06,Federal Reserve Bank of Cleveland via FRED,FRED series EXPINF1YR
2776,Yijie,,Michigan ICS – Overall,85.3,Index Points,2007-06,Univ. of Michigan – Surveys of Consumers,
2777,Yijie,https://fred.stlouisfed.org/series/MICH,Michigan – 1yr Inflation Expectations,3.4,Percent (%),2007-06,University of Michigan – Surveys of Consumers,FRED series MICH
2778,Yijie,,OECD CCI – Amplitude Adjusted,100.1562,Normalised (avg=100),2007-06,OECD via FRED – CSCICP03USM665S,Above 100 = optimism; below 100 = pessimism
2779,Yijie,https://fred.stlouisfed.org/series/USACSCICP02STSAM,OECD CCI – Standardised,91.778,Normalised (avg=100),2007-06,OECD via FRED,FRED series USACSCICP02STSAM
2780,Yijie,,Yale – Individual 1yr Stock Confidence,80.0,%,2007-06,Yale ICF – Stock Market Confidence Indices,% of individual investors expecting market higher in 1yr
2781,Yijie,,Yale – Institutional 1yr Stock Confidence,76.99,%,2007-06,Yale ICF – Stock Market Confidence Indices,% of institutional investors expecting market higher in 1yr
2782,Yijie,https://fred.stlouisfed.org/series/T5YIE,5yr Breakeven Inflation Rate,2.34,Percent (%),2007-07,Federal Reserve Bank of St. Louis,FRED series T5YIE
2783,Yijie,https://fred.stlouisfed.org/series/EXPINF10YR,Cleveland Fed – 10yr Inflation Expectations,2.6399293,Percent (%),2007-07,Federal Reserve Bank of Cleveland via FRED,FRED series EXPINF10YR
2784,Yijie,https://fred.stlouisfed.org/series/EXPINF1YR,Cleveland Fed – 1yr Inflation Expectations,2.614408,Percent (%),2007-07,Federal Reserve Bank of Cleveland via FRED,FRED series EXPINF1YR
2785,Yijie,,Michigan ICS – Overall,90.4,Index Points,2007-07,Univ. of Michigan – Surveys of Consumers,
2786,Yijie,https://fred.stlouisfed.org/series/MICH,Michigan – 1yr Inflation Expectations,3.4,Percent (%),2007-07,University of Michigan – Surveys of Consumers,FRED series MICH
2787,Yijie,,OECD CCI – Amplitude Adjusted,100.1331,Normalised (avg=100),2007-07,OECD via FRED – CSCICP03USM665S,Above 100 = optimism; below 100 = pessimism
2788,Yijie,https://fred.stlouisfed.org/series/USACSCICP02STSAM,OECD CCI – Standardised,97.26531,Normalised (avg=100),2007-07,OECD via FRED,FRED series USACSCICP02STSAM
2789,Yijie,,Yale – Individual 1yr Stock Confidence,79.27,%,2007-07,Yale ICF – Stock Market Confidence Indices,% of individual investors expecting market higher in 1yr
2790,Yijie,,Yale – Institutional 1yr Stock Confidence,76.92,%,2007-07,Yale ICF – Stock Market Confidence Indices,% of institutional investors expecting market higher in 1yr
2791,Yijie,https://fred.stlouisfed.org/series/T5YIE,5yr Breakeven Inflation Rate,2.17,Percent (%),2007-08,Federal Reserve Bank of St. Louis,FRED series T5YIE
2792,Yijie,https://fred.stlouisfed.org/series/EXPINF10YR,Cleveland Fed – 10yr Inflation Expectations,2.4898174,Percent (%),2007-08,Federal Reserve Bank of Cleveland via FRED,FRED series EXPINF10YR
2793,Yijie,https://fred.stlouisfed.org/series/EXPINF1YR,Cleveland Fed – 1yr Inflation Expectations,2.6534371,Percent (%),2007-08,Federal Reserve Bank of Cleveland via FRED,FRED series EXPINF1YR
2794,Yijie,,Michigan ICS – Overall,83.4,Index Points,2007-08,Univ. of Michigan – Surveys of Consumers,
2795,Yijie,https://fred.stlouisfed.org/series/MICH,Michigan – 1yr Inflation Expectations,3.2,Percent (%),2007-08,University of Michigan – Surveys of Consumers,FRED series MICH
2796,Yijie,,OECD CCI – Amplitude Adjusted,99.90429,Normalised (avg=100),2007-08,OECD via FRED – CSCICP03USM665S,Above 100 = optimism; below 100 = pessimism
2797,Yijie,https://fred.stlouisfed.org/series/USACSCICP02STSAM,OECD CCI – Standardised,89.7337,Normalised (avg=100),2007-08,OECD via FRED,FRED series USACSCICP02STSAM
2798,Yijie,,Yale – Individual 1yr Stock Confidence,78.3,%,2007-08,Yale ICF – Stock Market Confidence Indices,% of individual investors expecting market higher in 1yr
2799,Yijie,,Yale – Institutional 1yr Stock Confidence,79.41,%,2007-08,Yale ICF – Stock Market Confidence Indices,% of institutional investors expecting market higher in 1yr
2800,Yijie,https://fred.stlouisfed.org/series/T5YIE,5yr Breakeven Inflation Rate,1.97,Percent (%),2007-09,Federal Reserve Bank of St. Louis,FRED series T5YIE
2801,Yijie,https://fred.stlouisfed.org/series/EXPINF10YR,Cleveland Fed – 10yr Inflation Expectations,2.4115217,Percent (%),2007-09,Federal Reserve Bank of Cleveland via FRED,FRED series EXPINF10YR
2802,Yijie,https://fred.stlouisfed.org/series/EXPINF1YR,Cleveland Fed – 1yr Inflation Expectations,2.5740481,Percent (%),2007-09,Federal Reserve Bank of Cleveland via FRED,FRED series EXPINF1YR
2803,Yijie,,Michigan ICS – Overall,83.4,Index Points,2007-09,Univ. of Michigan – Surveys of Consumers,
2804,Yijie,https://fred.stlouisfed.org/series/MICH,Michigan – 1yr Inflation Expectations,3.1,Percent (%),2007-09,University of Michigan – Surveys of Consumers,FRED series MICH
2805,Yijie,,OECD CCI – Amplitude Adjusted,99.64957,Normalised (avg=100),2007-09,OECD via FRED – CSCICP03USM665S,Above 100 = optimism; below 100 = pessimism
2806,Yijie,https://fred.stlouisfed.org/series/USACSCICP02STSAM,OECD CCI – Standardised,89.7337,Normalised (avg=100),2007-09,OECD via FRED,FRED series USACSCICP02STSAM
2807,Yijie,,Yale – Individual 1yr Stock Confidence,77.46,%,2007-09,Yale ICF – Stock Market Confidence Indices,% of individual investors expecting market higher in 1yr
2808,Yijie,,Yale – Institutional 1yr Stock Confidence,78.22,%,2007-09,Yale ICF – Stock Market Confidence Indices,% of institutional investors expecting market higher in 1yr
2809,Yijie,https://fred.stlouisfed.org/series/T5YIE,5yr Breakeven Inflation Rate,2.13,Percent (%),2007-10,Federal Reserve Bank of St. Louis,FRED series T5YIE
2810,Yijie,https://fred.stlouisfed.org/series/EXPINF10YR,Cleveland Fed – 10yr Inflation Expectations,2.4520543,Percent (%),2007-10,Federal Reserve Bank of Cleveland via FRED,FRED series EXPINF10YR
2811,Yijie,https://fred.stlouisfed.org/series/EXPINF1YR,Cleveland Fed – 1yr Inflation Expectations,2.2920506,Percent (%),2007-10,Federal Reserve Bank of Cleveland via FRED,FRED series EXPINF1YR
2812,Yijie,,Michigan ICS – Overall,80.9,Index Points,2007-10,Univ. of Michigan – Surveys of Consumers,
2813,Yijie,https://fred.stlouisfed.org/series/MICH,Michigan – 1yr Inflation Expectations,3.1,Percent (%),2007-10,University of Michigan – Surveys of Consumers,FRED series MICH
2814,Yijie,,OECD CCI – Amplitude Adjusted,99.35554,Normalised (avg=100),2007-10,OECD via FRED – CSCICP03USM665S,Above 100 = optimism; below 100 = pessimism
2815,Yijie,https://fred.stlouisfed.org/series/USACSCICP02STSAM,OECD CCI – Standardised,87.04385,Normalised (avg=100),2007-10,OECD via FRED,FRED series USACSCICP02STSAM
2816,Yijie,,Yale – Individual 1yr Stock Confidence,79.41,%,2007-10,Yale ICF – Stock Market Confidence Indices,% of individual investors expecting market higher in 1yr
2817,Yijie,,Yale – Institutional 1yr Stock Confidence,76.95,%,2007-10,Yale ICF – Stock Market Confidence Indices,% of institutional investors expecting market higher in 1yr
2818,Yijie,https://fred.stlouisfed.org/series/T5YIE,5yr Breakeven Inflation Rate,2.28,Percent (%),2007-11,Federal Reserve Bank of St. Louis,FRED series T5YIE
2819,Yijie,https://fred.stlouisfed.org/series/EXPINF10YR,Cleveland Fed – 10yr Inflation Expectations,2.3840553,Percent (%),2007-11,Federal Reserve Bank of Cleveland via FRED,FRED series EXPINF10YR
2820,Yijie,https://fred.stlouisfed.org/series/EXPINF1YR,Cleveland Fed – 1yr Inflation Expectations,2.6320037,Percent (%),2007-11,Federal Reserve Bank of Cleveland via FRED,FRED series EXPINF1YR
2821,Yijie,,Michigan ICS – Overall,76.1,Index Points,2007-11,Univ. of Michigan – Surveys of Consumers,
2822,Yijie,https://fred.stlouisfed.org/series/MICH,Michigan – 1yr Inflation Expectations,3.4,Percent (%),2007-11,University of Michigan – Surveys of Consumers,FRED series MICH
2823,Yijie,,OECD CCI – Amplitude Adjusted,99.07018,Normalised (avg=100),2007-11,OECD via FRED – CSCICP03USM665S,Above 100 = optimism; below 100 = pessimism
2824,Yijie,https://fred.stlouisfed.org/series/USACSCICP02STSAM,OECD CCI – Standardised,81.87932,Normalised (avg=100),2007-11,OECD via FRED,FRED series USACSCICP02STSAM
2825,Yijie,,Yale – Individual 1yr Stock Confidence,78.07,%,2007-11,Yale ICF – Stock Market Confidence Indices,% of individual investors expecting market higher in 1yr
2826,Yijie,,Yale – Institutional 1yr Stock Confidence,77.58,%,2007-11,Yale ICF – Stock Market Confidence Indices,% of institutional investors expecting market higher in 1yr
2827,Yijie,https://fred.stlouisfed.org/series/T5YIE,5yr Breakeven Inflation Rate,2.2,Percent (%),2007-12,Federal Reserve Bank of St. Louis,FRED series T5YIE
2828,Yijie,https://fred.stlouisfed.org/series/EXPINF10YR,Cleveland Fed – 10yr Inflation Expectations,2.1470427,Percent (%),2007-12,Federal Reserve Bank of Cleveland via FRED,FRED series EXPINF10YR
2829,Yijie,https://fred.stlouisfed.org/series/EXPINF1YR,Cleveland Fed – 1yr Inflation Expectations,2.5437758,Percent (%),2007-12,Federal Reserve Bank of Cleveland via FRED,FRED series EXPINF1YR
2830,Yijie,,Michigan ICS – Overall,75.5,Index Points,2007-12,Univ. of Michigan – Surveys of Consumers,
2831,Yijie,https://fred.stlouisfed.org/series/MICH,Michigan – 1yr Inflation Expectations,3.4,Percent (%),2007-12,University of Michigan – Surveys of Consumers,FRED series MICH
2832,Yijie,,OECD CCI – Amplitude Adjusted,98.9023,Normalised (avg=100),2007-12,OECD via FRED – CSCICP03USM665S,Above 100 = optimism; below 100 = pessimism
2833,Yijie,https://fred.stlouisfed.org/series/USACSCICP02STSAM,OECD CCI – Standardised,81.23375,Normalised (avg=100),2007-12,OECD via FRED,FRED series USACSCICP02STSAM
2834,Yijie,,Yale – Individual 1yr Stock Confidence,76.58,%,2007-12,Yale ICF – Stock Market Confidence Indices,% of individual investors expecting market higher in 1yr
2835,Yijie,,Yale – Institutional 1yr Stock Confidence,79.87,%,2007-12,Yale ICF – Stock Market Confidence Indices,% of institutional investors expecting market higher in 1yr
2836,Yijie,https://fred.stlouisfed.org/series/T5YIE,5yr Breakeven Inflation Rate,2.28,Percent (%),2008-01,Federal Reserve Bank of St. Louis,FRED series T5YIE
2837,Yijie,https://fred.stlouisfed.org/series/EXPINF10YR,Cleveland Fed – 10yr Inflation Expectations,2.174666,Percent (%),2008-01,Federal Reserve Bank of Cleveland via FRED,FRED series EXPINF10YR
2838,Yijie,https://fred.stlouisfed.org/series/EXPINF1YR,Cleveland Fed – 1yr Inflation Expectations,2.466622,Percent (%),2008-01,Federal Reserve Bank of Cleveland via FRED,FRED series EXPINF1YR
2839,Yijie,,Michigan ICS – Overall,78.4,Index Points,2008-01,Univ. of Michigan – Surveys of Consumers,
2840,Yijie,https://fred.stlouisfed.org/series/MICH,Michigan – 1yr Inflation Expectations,3.4,Percent (%),2008-01,University of Michigan – Surveys of Consumers,FRED series MICH
2841,Yijie,,OECD CCI – Amplitude Adjusted,98.74091,Normalised (avg=100),2008-01,OECD via FRED – CSCICP03USM665S,Above 100 = optimism; below 100 = pessimism
2842,Yijie,https://fred.stlouisfed.org/series/USACSCICP02STSAM,OECD CCI – Standardised,84.35399,Normalised (avg=100),2008-01,OECD via FRED,FRED series USACSCICP02STSAM
2843,Yijie,,Yale – Individual 1yr Stock Confidence,72.33,%,2008-01,Yale ICF – Stock Market Confidence Indices,% of individual investors expecting market higher in 1yr
2844,Yijie,,Yale – Institutional 1yr Stock Confidence,80.37,%,2008-01,Yale ICF – Stock Market Confidence Indices,% of institutional investors expecting market higher in 1yr
2845,Yijie,https://fred.stlouisfed.org/series/T5YIE,5yr Breakeven Inflation Rate,2.09,Percent (%),2008-02,Federal Reserve Bank of St. Louis,FRED series T5YIE
2846,Yijie,https://fred.stlouisfed.org/series/EXPINF10YR,Cleveland Fed – 10yr Inflation Expectations,2.0725733,Percent (%),2008-02,Federal Reserve Bank of Cleveland via FRED,FRED series EXPINF10YR
2847,Yijie,https://fred.stlouisfed.org/series/EXPINF1YR,Cleveland Fed – 1yr Inflation Expectations,2.2977869,Percent (%),2008-02,Federal Reserve Bank of Cleveland via FRED,FRED series EXPINF1YR
2848,Yijie,,Michigan ICS – Overall,70.8,Index Points,2008-02,Univ. of Michigan – Surveys of Consumers,
2849,Yijie,https://fred.stlouisfed.org/series/MICH,Michigan – 1yr Inflation Expectations,3.6,Percent (%),2008-02,University of Michigan – Surveys of Consumers,FRED series MICH
2850,Yijie,,OECD CCI – Amplitude Adjusted,98.35253,Normalised (avg=100),2008-02,OECD via FRED – CSCICP03USM665S,Above 100 = optimism; below 100 = pessimism
2851,Yijie,https://fred.stlouisfed.org/series/USACSCICP02STSAM,OECD CCI – Standardised,76.17681,Normalised (avg=100),2008-02,OECD via FRED,FRED series USACSCICP02STSAM
2852,Yijie,,Yale – Individual 1yr Stock Confidence,72.18,%,2008-02,Yale ICF – Stock Market Confidence Indices,% of individual investors expecting market higher in 1yr
2853,Yijie,,Yale – Institutional 1yr Stock Confidence,79.55,%,2008-02,Yale ICF – Stock Market Confidence Indices,% of institutional investors expecting market higher in 1yr
2854,Yijie,https://fred.stlouisfed.org/series/T5YIE,5yr Breakeven Inflation Rate,2.29,Percent (%),2008-03,Federal Reserve Bank of St. Louis,FRED series T5YIE
2855,Yijie,https://fred.stlouisfed.org/series/EXPINF10YR,Cleveland Fed – 10yr Inflation Expectations,1.9412978,Percent (%),2008-03,Federal Reserve Bank of Cleveland via FRED,FRED series EXPINF10YR
2856,Yijie,https://fred.stlouisfed.org/series/EXPINF1YR,Cleveland Fed – 1yr Inflation Expectations,1.9336763,Percent (%),2008-03,Federal Reserve Bank of Cleveland via FRED,FRED series EXPINF1YR
2857,Yijie,,Michigan ICS – Overall,69.5,Index Points,2008-03,Univ. of Michigan – Surveys of Consumers,
2858,Yijie,https://fred.stlouisfed.org/series/MICH,Michigan – 1yr Inflation Expectations,4.3,Percent (%),2008-03,University of Michigan – Surveys of Consumers,FRED series MICH
2859,Yijie,,OECD CCI – Amplitude Adjusted,97.88428,Normalised (avg=100),2008-03,OECD via FRED – CSCICP03USM665S,Above 100 = optimism; below 100 = pessimism
2860,Yijie,https://fred.stlouisfed.org/series/USACSCICP02STSAM,OECD CCI – Standardised,74.77808,Normalised (avg=100),2008-03,OECD via FRED,FRED series USACSCICP02STSAM
2861,Yijie,,Yale – Individual 1yr Stock Confidence,72.47,%,2008-03,Yale ICF – Stock Market Confidence Indices,% of individual investors expecting market higher in 1yr
2862,Yijie,,Yale – Institutional 1yr Stock Confidence,79.74,%,2008-03,Yale ICF – Stock Market Confidence Indices,% of institutional investors expecting market higher in 1yr
2863,Yijie,https://fred.stlouisfed.org/series/T5YIE,5yr Breakeven Inflation Rate,2.21,Percent (%),2008-04,Federal Reserve Bank of St. Louis,FRED series T5YIE
2864,Yijie,https://fred.stlouisfed.org/series/EXPINF10YR,Cleveland Fed – 10yr Inflation Expectations,2.0011092,Percent (%),2008-04,Federal Reserve Bank of Cleveland via FRED,FRED series EXPINF10YR
2865,Yijie,https://fred.stlouisfed.org/series/EXPINF1YR,Cleveland Fed – 1yr Inflation Expectations,2.0175043,Percent (%),2008-04,Federal Reserve Bank of Cleveland via FRED,FRED series EXPINF1YR
2866,Yijie,,Michigan ICS – Overall,62.6,Index Points,2008-04,Univ. of Michigan – Surveys of Consumers,
2867,Yijie,https://fred.stlouisfed.org/series/MICH,Michigan – 1yr Inflation Expectations,4.8,Percent (%),2008-04,University of Michigan – Surveys of Consumers,FRED series MICH
2868,Yijie,,OECD CCI – Amplitude Adjusted,97.35648,Normalised (avg=100),2008-04,OECD via FRED – CSCICP03USM665S,Above 100 = optimism; below 100 = pessimism
2869,Yijie,https://fred.stlouisfed.org/series/USACSCICP02STSAM,OECD CCI – Standardised,67.35407,Normalised (avg=100),2008-04,OECD via FRED,FRED series USACSCICP02STSAM
2870,Yijie,,Yale – Individual 1yr Stock Confidence,70.75,%,2008-04,Yale ICF – Stock Market Confidence Indices,% of individual investors expecting market higher in 1yr
2871,Yijie,,Yale – Institutional 1yr Stock Confidence,81.29,%,2008-04,Yale ICF – Stock Market Confidence Indices,% of institutional investors expecting market higher in 1yr
2872,Yijie,https://fred.stlouisfed.org/series/T5YIE,5yr Breakeven Inflation Rate,2.27,Percent (%),2008-05,Federal Reserve Bank of St. Louis,FRED series T5YIE
2873,Yijie,https://fred.stlouisfed.org/series/EXPINF10YR,Cleveland Fed – 10yr Inflation Expectations,2.2201559,Percent (%),2008-05,Federal Reserve Bank of Cleveland via FRED,FRED series EXPINF10YR
2874,Yijie,https://fred.stlouisfed.org/series/EXPINF1YR,Cleveland Fed – 1yr Inflation Expectations,2.2868435,Percent (%),2008-05,Federal Reserve Bank of Cleveland via FRED,FRED series EXPINF1YR
2875,Yijie,,Michigan ICS – Overall,59.8,Index Points,2008-05,Univ. of Michigan – Surveys of Consumers,
2876,Yijie,https://fred.stlouisfed.org/series/MICH,Michigan – 1yr Inflation Expectations,5.2,Percent (%),2008-05,University of Michigan – Surveys of Consumers,FRED series MICH
2877,Yijie,,OECD CCI – Amplitude Adjusted,96.97754,Normalised (avg=100),2008-05,OECD via FRED – CSCICP03USM665S,Above 100 = optimism; below 100 = pessimism
2878,Yijie,https://fred.stlouisfed.org/series/USACSCICP02STSAM,OECD CCI – Standardised,64.34143,Normalised (avg=100),2008-05,OECD via FRED,FRED series USACSCICP02STSAM
2879,Yijie,,Yale – Individual 1yr Stock Confidence,71.92,%,2008-05,Yale ICF – Stock Market Confidence Indices,% of individual investors expecting market higher in 1yr
2880,Yijie,,Yale – Institutional 1yr Stock Confidence,82.03,%,2008-05,Yale ICF – Stock Market Confidence Indices,% of institutional investors expecting market higher in 1yr
2881,Yijie,https://fred.stlouisfed.org/series/T5YIE,5yr Breakeven Inflation Rate,2.4,Percent (%),2008-06,Federal Reserve Bank of St. Louis,FRED series T5YIE
2882,Yijie,https://fred.stlouisfed.org/series/EXPINF10YR,Cleveland Fed – 10yr Inflation Expectations,2.3034655,Percent (%),2008-06,Federal Reserve Bank of Cleveland via FRED,FRED series EXPINF10YR
2883,Yijie,https://fred.stlouisfed.org/series/EXPINF1YR,Cleveland Fed – 1yr Inflation Expectations,2.7285115,Percent (%),2008-06,Federal Reserve Bank of Cleveland via FRED,FRED series EXPINF1YR
2884,Yijie,,Michigan ICS – Overall,56.4,Index Points,2008-06,Univ. of Michigan – Surveys of Consumers,
2885,Yijie,https://fred.stlouisfed.org/series/MICH,Michigan – 1yr Inflation Expectations,5.1,Percent (%),2008-06,University of Michigan – Surveys of Consumers,FRED series MICH
2886,Yijie,,OECD CCI – Amplitude Adjusted,96.85837,Normalised (avg=100),2008-06,OECD via FRED – CSCICP03USM665S,Above 100 = optimism; below 100 = pessimism
2887,Yijie,https://fred.stlouisfed.org/series/USACSCICP02STSAM,OECD CCI – Standardised,60.68322,Normalised (avg=100),2008-06,OECD via FRED,FRED series USACSCICP02STSAM
2888,Yijie,,Yale – Individual 1yr Stock Confidence,72.12,%,2008-06,Yale ICF – Stock Market Confidence Indices,% of individual investors expecting market higher in 1yr
2889,Yijie,,Yale – Institutional 1yr Stock Confidence,80.42,%,2008-06,Yale ICF – Stock Market Confidence Indices,% of institutional investors expecting market higher in 1yr
2890,Yijie,https://fred.stlouisfed.org/series/T5YIE,5yr Breakeven Inflation Rate,2.66,Percent (%),2008-07,Federal Reserve Bank of St. Louis,FRED series T5YIE
2891,Yijie,https://fred.stlouisfed.org/series/EXPINF10YR,Cleveland Fed – 10yr Inflation Expectations,2.343078,Percent (%),2008-07,Federal Reserve Bank of Cleveland via FRED,FRED series EXPINF10YR
2892,Yijie,https://fred.stlouisfed.org/series/EXPINF1YR,Cleveland Fed – 1yr Inflation Expectations,2.9490198,Percent (%),2008-07,Federal Reserve Bank of Cleveland via FRED,FRED series EXPINF1YR
2893,Yijie,,Michigan ICS – Overall,61.2,Index Points,2008-07,Univ. of Michigan – Surveys of Consumers,
2894,Yijie,https://fred.stlouisfed.org/series/MICH,Michigan – 1yr Inflation Expectations,5.1,Percent (%),2008-07,University of Michigan – Surveys of Consumers,FRED series MICH
2895,Yijie,,OECD CCI – Amplitude Adjusted,97.06129,Normalised (avg=100),2008-07,OECD via FRED – CSCICP03USM665S,Above 100 = optimism; below 100 = pessimism
2896,Yijie,https://fred.stlouisfed.org/series/USACSCICP02STSAM,OECD CCI – Standardised,65.84776,Normalised (avg=100),2008-07,OECD via FRED,FRED series USACSCICP02STSAM
2897,Yijie,,Yale – Individual 1yr Stock Confidence,75.18,%,2008-07,Yale ICF – Stock Market Confidence Indices,% of individual investors expecting market higher in 1yr
2898,Yijie,,Yale – Institutional 1yr Stock Confidence,79.28,%,2008-07,Yale ICF – Stock Market Confidence Indices,% of institutional investors expecting market higher in 1yr
2899,Yijie,https://fred.stlouisfed.org/series/T5YIE,5yr Breakeven Inflation Rate,2.17,Percent (%),2008-08,Federal Reserve Bank of St. Louis,FRED series T5YIE
2900,Yijie,https://fred.stlouisfed.org/series/EXPINF10YR,Cleveland Fed – 10yr Inflation Expectations,2.3471243,Percent (%),2008-08,Federal Reserve Bank of Cleveland via FRED,FRED series EXPINF10YR
2901,Yijie,https://fred.stlouisfed.org/series/EXPINF1YR,Cleveland Fed – 1yr Inflation Expectations,3.0525448,Percent (%),2008-08,Federal Reserve Bank of Cleveland via FRED,FRED series EXPINF1YR
2902,Yijie,,Michigan ICS – Overall,63.0,Index Points,2008-08,Univ. of Michigan – Surveys of Consumers,
2903,Yijie,https://fred.stlouisfed.org/series/MICH,Michigan – 1yr Inflation Expectations,4.8,Percent (%),2008-08,University of Michigan – Surveys of Consumers,FRED series MICH
2904,Yijie,,OECD CCI – Amplitude Adjusted,97.31839,Normalised (avg=100),2008-08,OECD via FRED – CSCICP03USM665S,Above 100 = optimism; below 100 = pessimism
2905,Yijie,https://fred.stlouisfed.org/series/USACSCICP02STSAM,OECD CCI – Standardised,67.78445,Normalised (avg=100),2008-08,OECD via FRED,FRED series USACSCICP02STSAM
2906,Yijie,,Yale – Individual 1yr Stock Confidence,74.49,%,2008-08,Yale ICF – Stock Market Confidence Indices,% of individual investors expecting market higher in 1yr
2907,Yijie,,Yale – Institutional 1yr Stock Confidence,80.45,%,2008-08,Yale ICF – Stock Market Confidence Indices,% of institutional investors expecting market higher in 1yr
2908,Yijie,https://fred.stlouisfed.org/series/T5YIE,5yr Breakeven Inflation Rate,1.72,Percent (%),2008-09,Federal Reserve Bank of St. Louis,FRED series T5YIE
2909,Yijie,https://fred.stlouisfed.org/series/EXPINF10YR,Cleveland Fed – 10yr Inflation Expectations,2.2096956,Percent (%),2008-09,Federal Reserve Bank of Cleveland via FRED,FRED series EXPINF10YR
2910,Yijie,https://fred.stlouisfed.org/series/EXPINF1YR,Cleveland Fed – 1yr Inflation Expectations,2.7309252,Percent (%),2008-09,Federal Reserve Bank of Cleveland via FRED,FRED series EXPINF1YR
2911,Yijie,,Michigan ICS – Overall,70.3,Index Points,2008-09,Univ. of Michigan – Surveys of Consumers,
2912,Yijie,https://fred.stlouisfed.org/series/MICH,Michigan – 1yr Inflation Expectations,4.3,Percent (%),2008-09,University of Michigan – Surveys of Consumers,FRED series MICH
2913,Yijie,,OECD CCI – Amplitude Adjusted,97.39437,Normalised (avg=100),2008-09,OECD via FRED – CSCICP03USM665S,Above 100 = optimism; below 100 = pessimism
2914,Yijie,https://fred.stlouisfed.org/series/USACSCICP02STSAM,OECD CCI – Standardised,75.63884,Normalised (avg=100),2008-09,OECD via FRED,FRED series USACSCICP02STSAM
2915,Yijie,,Yale – Individual 1yr Stock Confidence,74.24,%,2008-09,Yale ICF – Stock Market Confidence Indices,% of individual investors expecting market higher in 1yr
2916,Yijie,,Yale – Institutional 1yr Stock Confidence,80.74,%,2008-09,Yale ICF – Stock Market Confidence Indices,% of institutional investors expecting market higher in 1yr
2917,Yijie,https://fred.stlouisfed.org/series/T5YIE,5yr Breakeven Inflation Rate,0.95,Percent (%),2008-10,Federal Reserve Bank of St. Louis,FRED series T5YIE
2918,Yijie,https://fred.stlouisfed.org/series/EXPINF10YR,Cleveland Fed – 10yr Inflation Expectations,2.1066821,Percent (%),2008-10,Federal Reserve Bank of Cleveland via FRED,FRED series EXPINF10YR
2919,Yijie,https://fred.stlouisfed.org/series/EXPINF1YR,Cleveland Fed – 1yr Inflation Expectations,1.6072395,Percent (%),2008-10,Federal Reserve Bank of Cleveland via FRED,FRED series EXPINF1YR
2920,Yijie,,Michigan ICS – Overall,57.6,Index Points,2008-10,Univ. of Michigan – Surveys of Consumers,
2921,Yijie,https://fred.stlouisfed.org/series/MICH,Michigan – 1yr Inflation Expectations,3.9,Percent (%),2008-10,University of Michigan – Surveys of Consumers,FRED series MICH
2922,Yijie,,OECD CCI – Amplitude Adjusted,97.04175,Normalised (avg=100),2008-10,OECD via FRED – CSCICP03USM665S,Above 100 = optimism; below 100 = pessimism
2923,Yijie,https://fred.stlouisfed.org/series/USACSCICP02STSAM,OECD CCI – Standardised,61.97436,Normalised (avg=100),2008-10,OECD via FRED,FRED series USACSCICP02STSAM
2924,Yijie,,Yale – Individual 1yr Stock Confidence,75.82,%,2008-10,Yale ICF – Stock Market Confidence Indices,% of individual investors expecting market higher in 1yr
2925,Yijie,,Yale – Institutional 1yr Stock Confidence,81.59,%,2008-10,Yale ICF – Stock Market Confidence Indices,% of institutional investors expecting market higher in 1yr
2926,Yijie,https://fred.stlouisfed.org/series/T5YIE,5yr Breakeven Inflation Rate,-0.95,Percent (%),2008-11,Federal Reserve Bank of St. Louis,FRED series T5YIE
2927,Yijie,https://fred.stlouisfed.org/series/EXPINF10YR,Cleveland Fed – 10yr Inflation Expectations,2.0072092,Percent (%),2008-11,Federal Reserve Bank of Cleveland via FRED,FRED series EXPINF10YR
2928,Yijie,https://fred.stlouisfed.org/series/EXPINF1YR,Cleveland Fed – 1yr Inflation Expectations,0.78457206,Percent (%),2008-11,Federal Reserve Bank of Cleveland via FRED,FRED series EXPINF1YR
2929,Yijie,,Michigan ICS – Overall,55.3,Index Points,2008-11,Univ. of Michigan – Surveys of Consumers,
2930,Yijie,https://fred.stlouisfed.org/series/MICH,Michigan – 1yr Inflation Expectations,2.9,Percent (%),2008-11,University of Michigan – Surveys of Consumers,FRED series MICH
2931,Yijie,,OECD CCI – Amplitude Adjusted,96.78537,Normalised (avg=100),2008-11,OECD via FRED – CSCICP03USM665S,Above 100 = optimism; below 100 = pessimism
2932,Yijie,https://fred.stlouisfed.org/series/USACSCICP02STSAM,OECD CCI – Standardised,59.49969,Normalised (avg=100),2008-11,OECD via FRED,FRED series USACSCICP02STSAM
2933,Yijie,,Yale – Individual 1yr Stock Confidence,72.98,%,2008-11,Yale ICF – Stock Market Confidence Indices,% of individual investors expecting market higher in 1yr
2934,Yijie,,Yale – Institutional 1yr Stock Confidence,80.66,%,2008-11,Yale ICF – Stock Market Confidence Indices,% of institutional investors expecting market higher in 1yr
2935,Yijie,https://fred.stlouisfed.org/series/T5YIE,5yr Breakeven Inflation Rate,-0.32,Percent (%),2008-12,Federal Reserve Bank of St. Louis,FRED series T5YIE
2936,Yijie,https://fred.stlouisfed.org/series/EXPINF10YR,Cleveland Fed – 10yr Inflation Expectations,1.5806981,Percent (%),2008-12,Federal Reserve Bank of Cleveland via FRED,FRED series EXPINF10YR
2937,Yijie,https://fred.stlouisfed.org/series/EXPINF1YR,Cleveland Fed – 1yr Inflation Expectations,0.28299557,Percent (%),2008-12,Federal Reserve Bank of Cleveland via FRED,FRED series EXPINF1YR
2938,Yijie,,Michigan ICS – Overall,60.1,Index Points,2008-12,Univ. of Michigan – Surveys of Consumers,
2939,Yijie,https://fred.stlouisfed.org/series/MICH,Michigan – 1yr Inflation Expectations,1.7,Percent (%),2008-12,University of Michigan – Surveys of Consumers,FRED series MICH
2940,Yijie,,OECD CCI – Amplitude Adjusted,96.77791,Normalised (avg=100),2008-12,OECD via FRED – CSCICP03USM665S,Above 100 = optimism; below 100 = pessimism
2941,Yijie,https://fred.stlouisfed.org/series/USACSCICP02STSAM,OECD CCI – Standardised,64.66422,Normalised (avg=100),2008-12,OECD via FRED,FRED series USACSCICP02STSAM
2942,Yijie,,Yale – Individual 1yr Stock Confidence,73.18,%,2008-12,Yale ICF – Stock Market Confidence Indices,% of individual investors expecting market higher in 1yr
2943,Yijie,,Yale – Institutional 1yr Stock Confidence,81.25,%,2008-12,Yale ICF – Stock Market Confidence Indices,% of institutional investors expecting market higher in 1yr
2944,Yijie,https://fred.stlouisfed.org/series/T5YIE,5yr Breakeven Inflation Rate,-0.25,Percent (%),2009-01,Federal Reserve Bank of St. Louis,FRED series T5YIE
2945,Yijie,https://fred.stlouisfed.org/series/EXPINF10YR,Cleveland Fed – 10yr Inflation Expectations,1.621304,Percent (%),2009-01,Federal Reserve Bank of Cleveland via FRED,FRED series EXPINF10YR
2946,Yijie,https://fred.stlouisfed.org/series/EXPINF1YR,Cleveland Fed – 1yr Inflation Expectations,0.47357505,Percent (%),2009-01,Federal Reserve Bank of Cleveland via FRED,FRED series EXPINF1YR
2947,Yijie,,Michigan ICS – Overall,61.2,Index Points,2009-01,Univ. of Michigan – Surveys of Consumers,
2948,Yijie,https://fred.stlouisfed.org/series/MICH,Michigan – 1yr Inflation Expectations,2.2,Percent (%),2009-01,University of Michigan – Surveys of Consumers,FRED series MICH
2949,Yijie,,OECD CCI – Amplitude Adjusted,96.78511,Normalised (avg=100),2009-01,OECD via FRED – CSCICP03USM665S,Above 100 = optimism; below 100 = pessimism
2950,Yijie,https://fred.stlouisfed.org/series/USACSCICP02STSAM,OECD CCI – Standardised,65.84776,Normalised (avg=100),2009-01,OECD via FRED,FRED series USACSCICP02STSAM
2951,Yijie,,Yale – Individual 1yr Stock Confidence,75.45,%,2009-01,Yale ICF – Stock Market Confidence Indices,% of individual investors expecting market higher in 1yr
2952,Yijie,,Yale – Institutional 1yr Stock Confidence,81.61,%,2009-01,Yale ICF – Stock Market Confidence Indices,% of institutional investors expecting market higher in 1yr
2953,Yijie,https://fred.stlouisfed.org/series/T5YIE,5yr Breakeven Inflation Rate,0.34,Percent (%),2009-02,Federal Reserve Bank of St. Louis,FRED series T5YIE
2954,Yijie,https://fred.stlouisfed.org/series/EXPINF10YR,Cleveland Fed – 10yr Inflation Expectations,1.6701025,Percent (%),2009-02,Federal Reserve Bank of Cleveland via FRED,FRED series EXPINF10YR
2955,Yijie,https://fred.stlouisfed.org/series/EXPINF1YR,Cleveland Fed – 1yr Inflation Expectations,0.38164688,Percent (%),2009-02,Federal Reserve Bank of Cleveland via FRED,FRED series EXPINF1YR
2956,Yijie,,Michigan ICS – Overall,56.3,Index Points,2009-02,Univ. of Michigan – Surveys of Consumers,
2957,Yijie,https://fred.stlouisfed.org/series/MICH,Michigan – 1yr Inflation Expectations,1.9,Percent (%),2009-02,University of Michigan – Surveys of Consumers,FRED series MICH
2958,Yijie,,OECD CCI – Amplitude Adjusted,96.7591,Normalised (avg=100),2009-02,OECD via FRED – CSCICP03USM665S,Above 100 = optimism; below 100 = pessimism
2959,Yijie,https://fred.stlouisfed.org/series/USACSCICP02STSAM,OECD CCI – Standardised,60.57563,Normalised (avg=100),2009-02,OECD via FRED,FRED series USACSCICP02STSAM
2960,Yijie,,Yale – Individual 1yr Stock Confidence,75.24,%,2009-02,Yale ICF – Stock Market Confidence Indices,% of individual investors expecting market higher in 1yr
2961,Yijie,,Yale – Institutional 1yr Stock Confidence,81.4,%,2009-02,Yale ICF – Stock Market Confidence Indices,% of institutional investors expecting market higher in 1yr
2962,Yijie,https://fred.stlouisfed.org/series/T5YIE,5yr Breakeven Inflation Rate,0.52,Percent (%),2009-03,Federal Reserve Bank of St. Louis,FRED series T5YIE
2963,Yijie,https://fred.stlouisfed.org/series/EXPINF10YR,Cleveland Fed – 10yr Inflation Expectations,1.6327655,Percent (%),2009-03,Federal Reserve Bank of Cleveland via FRED,FRED series EXPINF10YR
2964,Yijie,https://fred.stlouisfed.org/series/EXPINF1YR,Cleveland Fed – 1yr Inflation Expectations,-0.48067803,Percent (%),2009-03,Federal Reserve Bank of Cleveland via FRED,FRED series EXPINF1YR
2965,Yijie,,Michigan ICS – Overall,57.3,Index Points,2009-03,Univ. of Michigan – Surveys of Consumers,
2966,Yijie,https://fred.stlouisfed.org/series/MICH,Michigan – 1yr Inflation Expectations,2.0,Percent (%),2009-03,University of Michigan – Surveys of Consumers,FRED series MICH
2967,Yijie,,OECD CCI – Amplitude Adjusted,96.96084,Normalised (avg=100),2009-03,OECD via FRED – CSCICP03USM665S,Above 100 = optimism; below 100 = pessimism
2968,Yijie,https://fred.stlouisfed.org/series/USACSCICP02STSAM,OECD CCI – Standardised,61.65157,Normalised (avg=100),2009-03,OECD via FRED,FRED series USACSCICP02STSAM
2969,Yijie,,Yale – Individual 1yr Stock Confidence,74.17,%,2009-03,Yale ICF – Stock Market Confidence Indices,% of individual investors expecting market higher in 1yr
2970,Yijie,,Yale – Institutional 1yr Stock Confidence,81.62,%,2009-03,Yale ICF – Stock Market Confidence Indices,% of institutional investors expecting market higher in 1yr
2971,Yijie,https://fred.stlouisfed.org/series/T5YIE,5yr Breakeven Inflation Rate,0.72,Percent (%),2009-04,Federal Reserve Bank of St. Louis,FRED series T5YIE
2972,Yijie,https://fred.stlouisfed.org/series/EXPINF10YR,Cleveland Fed – 10yr Inflation Expectations,1.6962653,Percent (%),2009-04,Federal Reserve Bank of Cleveland via FRED,FRED series EXPINF10YR
2973,Yijie,https://fred.stlouisfed.org/series/EXPINF1YR,Cleveland Fed – 1yr Inflation Expectations,1.2289362,Percent (%),2009-04,Federal Reserve Bank of Cleveland via FRED,FRED series EXPINF1YR
2974,Yijie,,Michigan ICS – Overall,65.1,Index Points,2009-04,Univ. of Michigan – Surveys of Consumers,
2975,Yijie,https://fred.stlouisfed.org/series/MICH,Michigan – 1yr Inflation Expectations,2.8,Percent (%),2009-04,University of Michigan – Surveys of Consumers,FRED series MICH
2976,Yijie,,OECD CCI – Amplitude Adjusted,97.40855,Normalised (avg=100),2009-04,OECD via FRED – CSCICP03USM665S,Above 100 = optimism; below 100 = pessimism
2977,Yijie,https://fred.stlouisfed.org/series/USACSCICP02STSAM,OECD CCI – Standardised,70.04394,Normalised (avg=100),2009-04,OECD via FRED,FRED series USACSCICP02STSAM
2978,Yijie,,Yale – Individual 1yr Stock Confidence,72.16,%,2009-04,Yale ICF – Stock Market Confidence Indices,% of individual investors expecting market higher in 1yr
2979,Yijie,,Yale – Institutional 1yr Stock Confidence,80.95,%,2009-04,Yale ICF – Stock Market Confidence Indices,% of institutional investors expecting market higher in 1yr
2980,Yijie,https://fred.stlouisfed.org/series/T5YIE,5yr Breakeven Inflation Rate,0.79,Percent (%),2009-05,Federal Reserve Bank of St. Louis,FRED series T5YIE
2981,Yijie,https://fred.stlouisfed.org/series/EXPINF10YR,Cleveland Fed – 10yr Inflation Expectations,1.8570946,Percent (%),2009-05,Federal Reserve Bank of Cleveland via FRED,FRED series EXPINF10YR
2982,Yijie,https://fred.stlouisfed.org/series/EXPINF1YR,Cleveland Fed – 1yr Inflation Expectations,1.2972457,Percent (%),2009-05,Federal Reserve Bank of Cleveland via FRED,FRED series EXPINF1YR
2983,Yijie,,Michigan ICS – Overall,68.7,Index Points,2009-05,Univ. of Michigan – Surveys of Consumers,
2984,Yijie,https://fred.stlouisfed.org/series/MICH,Michigan – 1yr Inflation Expectations,2.8,Percent (%),2009-05,University of Michigan – Surveys of Consumers,FRED series MICH
2985,Yijie,,OECD CCI – Amplitude Adjusted,97.79377,Normalised (avg=100),2009-05,OECD via FRED – CSCICP03USM665S,Above 100 = optimism; below 100 = pessimism
2986,Yijie,https://fred.stlouisfed.org/series/USACSCICP02STSAM,OECD CCI – Standardised,73.91733,Normalised (avg=100),2009-05,OECD via FRED,FRED series USACSCICP02STSAM
2987,Yijie,,Yale – Individual 1yr Stock Confidence,75.0,%,2009-05,Yale ICF – Stock Market Confidence Indices,% of individual investors expecting market higher in 1yr
2988,Yijie,,Yale – Institutional 1yr Stock Confidence,80.34,%,2009-05,Yale ICF – Stock Market Confidence Indices,% of institutional investors expecting market higher in 1yr
2989,Yijie,https://fred.stlouisfed.org/series/T5YIE,5yr Breakeven Inflation Rate,1.53,Percent (%),2009-06,Federal Reserve Bank of St. Louis,FRED series T5YIE
2990,Yijie,https://fred.stlouisfed.org/series/EXPINF10YR,Cleveland Fed – 10yr Inflation Expectations,2.0073266,Percent (%),2009-06,Federal Reserve Bank of Cleveland via FRED,FRED series EXPINF10YR
2991,Yijie,https://fred.stlouisfed.org/series/EXPINF1YR,Cleveland Fed – 1yr Inflation Expectations,1.2745119,Percent (%),2009-06,Federal Reserve Bank of Cleveland via FRED,FRED series EXPINF1YR
2992,Yijie,,Michigan ICS – Overall,70.8,Index Points,2009-06,Univ. of Michigan – Surveys of Consumers,
2993,Yijie,https://fred.stlouisfed.org/series/MICH,Michigan – 1yr Inflation Expectations,3.1,Percent (%),2009-06,University of Michigan – Surveys of Consumers,FRED series MICH
2994,Yijie,,OECD CCI – Amplitude Adjusted,97.95326,Normalised (avg=100),2009-06,OECD via FRED – CSCICP03USM665S,Above 100 = optimism; below 100 = pessimism
2995,Yijie,https://fred.stlouisfed.org/series/USACSCICP02STSAM,OECD CCI – Standardised,76.17681,Normalised (avg=100),2009-06,OECD via FRED,FRED series USACSCICP02STSAM
2996,Yijie,,Yale – Individual 1yr Stock Confidence,73.94,%,2009-06,Yale ICF – Stock Market Confidence Indices,% of individual investors expecting market higher in 1yr
2997,Yijie,,Yale – Institutional 1yr Stock Confidence,79.52,%,2009-06,Yale ICF – Stock Market Confidence Indices,% of institutional investors expecting market higher in 1yr
2998,Yijie,https://fred.stlouisfed.org/series/T5YIE,5yr Breakeven Inflation Rate,1.35,Percent (%),2009-07,Federal Reserve Bank of St. Louis,FRED series T5YIE
2999,Yijie,https://fred.stlouisfed.org/series/EXPINF10YR,Cleveland Fed – 10yr Inflation Expectations,2.0420241,Percent (%),2009-07,Federal Reserve Bank of Cleveland via FRED,FRED series EXPINF10YR
3000,Yijie,https://fred.stlouisfed.org/series/EXPINF1YR,Cleveland Fed – 1yr Inflation Expectations,1.5522347,Percent (%),2009-07,Federal Reserve Bank of Cleveland via FRED,FRED series EXPINF1YR
3001,Yijie,,Michigan ICS – Overall,66.0,Index Points,2009-07,Univ. of Michigan – Surveys of Consumers,
3002,Yijie,https://fred.stlouisfed.org/series/MICH,Michigan – 1yr Inflation Expectations,2.9,Percent (%),2009-07,University of Michigan – Surveys of Consumers,FRED series MICH
3003,Yijie,,OECD CCI – Amplitude Adjusted,97.90809,Normalised (avg=100),2009-07,OECD via FRED – CSCICP03USM665S,Above 100 = optimism; below 100 = pessimism
3004,Yijie,https://fred.stlouisfed.org/series/USACSCICP02STSAM,OECD CCI – Standardised,71.01228,Normalised (avg=100),2009-07,OECD via FRED,FRED series USACSCICP02STSAM
3005,Yijie,,Yale – Individual 1yr Stock Confidence,72.84,%,2009-07,Yale ICF – Stock Market Confidence Indices,% of individual investors expecting market higher in 1yr
3006,Yijie,,Yale – Institutional 1yr Stock Confidence,79.52,%,2009-07,Yale ICF – Stock Market Confidence Indices,% of institutional investors expecting market higher in 1yr
3007,Yijie,https://fred.stlouisfed.org/series/T5YIE,5yr Breakeven Inflation Rate,1.38,Percent (%),2009-08,Federal Reserve Bank of St. Louis,FRED series T5YIE
3008,Yijie,https://fred.stlouisfed.org/series/EXPINF10YR,Cleveland Fed – 10yr Inflation Expectations,2.0934921,Percent (%),2009-08,Federal Reserve Bank of Cleveland via FRED,FRED series EXPINF10YR
3009,Yijie,https://fred.stlouisfed.org/series/EXPINF1YR,Cleveland Fed – 1yr Inflation Expectations,2.0245319,Percent (%),2009-08,Federal Reserve Bank of Cleveland via FRED,FRED series EXPINF1YR
3010,Yijie,,Michigan ICS – Overall,65.7,Index Points,2009-08,Univ. of Michigan – Surveys of Consumers,
3011,Yijie,https://fred.stlouisfed.org/series/MICH,Michigan – 1yr Inflation Expectations,2.8,Percent (%),2009-08,University of Michigan – Surveys of Consumers,FRED series MICH
3012,Yijie,,OECD CCI – Amplitude Adjusted,97.95174,Normalised (avg=100),2009-08,OECD via FRED – CSCICP03USM665S,Above 100 = optimism; below 100 = pessimism
3013,Yijie,https://fred.stlouisfed.org/series/USACSCICP02STSAM,OECD CCI – Standardised,70.6895,Normalised (avg=100),2009-08,OECD via FRED,FRED series USACSCICP02STSAM
3014,Yijie,,Yale – Individual 1yr Stock Confidence,76.63,%,2009-08,Yale ICF – Stock Market Confidence Indices,% of individual investors expecting market higher in 1yr
3015,Yijie,,Yale – Institutional 1yr Stock Confidence,75.32,%,2009-08,Yale ICF – Stock Market Confidence Indices,% of institutional investors expecting market higher in 1yr
3016,Yijie,https://fred.stlouisfed.org/series/T5YIE,5yr Breakeven Inflation Rate,1.11,Percent (%),2009-09,Federal Reserve Bank of St. Louis,FRED series T5YIE
3017,Yijie,https://fred.stlouisfed.org/series/EXPINF10YR,Cleveland Fed – 10yr Inflation Expectations,2.0688171,Percent (%),2009-09,Federal Reserve Bank of Cleveland via FRED,FRED series EXPINF10YR
3018,Yijie,https://fred.stlouisfed.org/series/EXPINF1YR,Cleveland Fed – 1yr Inflation Expectations,2.3608109,Percent (%),2009-09,Federal Reserve Bank of Cleveland via FRED,FRED series EXPINF1YR
3019,Yijie,,Michigan ICS – Overall,73.5,Index Points,2009-09,Univ. of Michigan – Surveys of Consumers,
3020,Yijie,https://fred.stlouisfed.org/series/MICH,Michigan – 1yr Inflation Expectations,2.2,Percent (%),2009-09,University of Michigan – Surveys of Consumers,FRED series MICH
3021,Yijie,,OECD CCI – Amplitude Adjusted,98.1294,Normalised (avg=100),2009-09,OECD via FRED – CSCICP03USM665S,Above 100 = optimism; below 100 = pessimism
3022,Yijie,https://fred.stlouisfed.org/series/USACSCICP02STSAM,OECD CCI – Standardised,79.08186,Normalised (avg=100),2009-09,OECD via FRED,FRED series USACSCICP02STSAM
3023,Yijie,,Yale – Individual 1yr Stock Confidence,79.38,%,2009-09,Yale ICF – Stock Market Confidence Indices,% of individual investors expecting market higher in 1yr
3024,Yijie,,Yale – Institutional 1yr Stock Confidence,76.14,%,2009-09,Yale ICF – Stock Market Confidence Indices,% of institutional investors expecting market higher in 1yr
3025,Yijie,https://fred.stlouisfed.org/series/T5YIE,5yr Breakeven Inflation Rate,1.33,Percent (%),2009-10,Federal Reserve Bank of St. Louis,FRED series T5YIE
3026,Yijie,https://fred.stlouisfed.org/series/EXPINF10YR,Cleveland Fed – 10yr Inflation Expectations,1.9561555,Percent (%),2009-10,Federal Reserve Bank of Cleveland via FRED,FRED series EXPINF10YR
3027,Yijie,https://fred.stlouisfed.org/series/EXPINF1YR,Cleveland Fed – 1yr Inflation Expectations,1.6283633,Percent (%),2009-10,Federal Reserve Bank of Cleveland via FRED,FRED series EXPINF1YR
3028,Yijie,,Michigan ICS – Overall,70.6,Index Points,2009-10,Univ. of Michigan – Surveys of Consumers,
3029,Yijie,https://fred.stlouisfed.org/series/MICH,Michigan – 1yr Inflation Expectations,2.9,Percent (%),2009-10,University of Michigan – Surveys of Consumers,FRED series MICH
3030,Yijie,,OECD CCI – Amplitude Adjusted,98.15902,Normalised (avg=100),2009-10,OECD via FRED – CSCICP03USM665S,Above 100 = optimism; below 100 = pessimism
3031,Yijie,https://fred.stlouisfed.org/series/USACSCICP02STSAM,OECD CCI – Standardised,75.96162,Normalised (avg=100),2009-10,OECD via FRED,FRED series USACSCICP02STSAM
3032,Yijie,,Yale – Individual 1yr Stock Confidence,79.59,%,2009-10,Yale ICF – Stock Market Confidence Indices,% of individual investors expecting market higher in 1yr
3033,Yijie,,Yale – Institutional 1yr Stock Confidence,76.36,%,2009-10,Yale ICF – Stock Market Confidence Indices,% of institutional investors expecting market higher in 1yr
3034,Yijie,https://fred.stlouisfed.org/series/T5YIE,5yr Breakeven Inflation Rate,1.63,Percent (%),2009-11,Federal Reserve Bank of St. Louis,FRED series T5YIE
3035,Yijie,https://fred.stlouisfed.org/series/EXPINF10YR,Cleveland Fed – 10yr Inflation Expectations,2.0233626,Percent (%),2009-11,Federal Reserve Bank of Cleveland via FRED,FRED series EXPINF10YR
3036,Yijie,https://fred.stlouisfed.org/series/EXPINF1YR,Cleveland Fed – 1yr Inflation Expectations,1.8070337,Percent (%),2009-11,Federal Reserve Bank of Cleveland via FRED,FRED series EXPINF1YR
3037,Yijie,,Michigan ICS – Overall,67.4,Index Points,2009-11,Univ. of Michigan – Surveys of Consumers,
3038,Yijie,https://fred.stlouisfed.org/series/MICH,Michigan – 1yr Inflation Expectations,2.7,Percent (%),2009-11,University of Michigan – Surveys of Consumers,FRED series MICH
3039,Yijie,,OECD CCI – Amplitude Adjusted,98.17303,Normalised (avg=100),2009-11,OECD via FRED – CSCICP03USM665S,Above 100 = optimism; below 100 = pessimism
3040,Yijie,https://fred.stlouisfed.org/series/USACSCICP02STSAM,OECD CCI – Standardised,72.51861,Normalised (avg=100),2009-11,OECD via FRED,FRED series USACSCICP02STSAM
3041,Yijie,,Yale – Individual 1yr Stock Confidence,78.08,%,2009-11,Yale ICF – Stock Market Confidence Indices,% of individual investors expecting market higher in 1yr
3042,Yijie,,Yale – Institutional 1yr Stock Confidence,76.6,%,2009-11,Yale ICF – Stock Market Confidence Indices,% of institutional investors expecting market higher in 1yr
3043,Yijie,https://fred.stlouisfed.org/series/T5YIE,5yr Breakeven Inflation Rate,1.8,Percent (%),2009-12,Federal Reserve Bank of St. Louis,FRED series T5YIE
3044,Yijie,https://fred.stlouisfed.org/series/EXPINF10YR,Cleveland Fed – 10yr Inflation Expectations,1.9064085,Percent (%),2009-12,Federal Reserve Bank of Cleveland via FRED,FRED series EXPINF10YR
3045,Yijie,https://fred.stlouisfed.org/series/EXPINF1YR,Cleveland Fed – 1yr Inflation Expectations,1.7866037,Percent (%),2009-12,Federal Reserve Bank of Cleveland via FRED,FRED series EXPINF1YR
3046,Yijie,,Michigan ICS – Overall,72.5,Index Points,2009-12,Univ. of Michigan – Surveys of Consumers,
3047,Yijie,https://fred.stlouisfed.org/series/MICH,Michigan – 1yr Inflation Expectations,2.5,Percent (%),2009-12,University of Michigan – Surveys of Consumers,FRED series MICH
3048,Yijie,,OECD CCI – Amplitude Adjusted,98.34699,Normalised (avg=100),2009-12,OECD via FRED – CSCICP03USM665S,Above 100 = optimism; below 100 = pessimism
3049,Yijie,https://fred.stlouisfed.org/series/USACSCICP02STSAM,OECD CCI – Standardised,78.00592,Normalised (avg=100),2009-12,OECD via FRED,FRED series USACSCICP02STSAM
3050,Yijie,,Yale – Individual 1yr Stock Confidence,79.05,%,2009-12,Yale ICF – Stock Market Confidence Indices,% of individual investors expecting market higher in 1yr
3051,Yijie,,Yale – Institutional 1yr Stock Confidence,75.14,%,2009-12,Yale ICF – Stock Market Confidence Indices,% of institutional investors expecting market higher in 1yr
3052,Yijie,https://fred.stlouisfed.org/series/T5YIE,5yr Breakeven Inflation Rate,2.13,Percent (%),2010-01,Federal Reserve Bank of St. Louis,FRED series T5YIE
3053,Yijie,https://fred.stlouisfed.org/series/EXPINF10YR,Cleveland Fed – 10yr Inflation Expectations,2.0911325,Percent (%),2010-01,Federal Reserve Bank of Cleveland via FRED,FRED series EXPINF10YR
3054,Yijie,https://fred.stlouisfed.org/series/EXPINF1YR,Cleveland Fed – 1yr Inflation Expectations,1.6957593,Percent (%),2010-01,Federal Reserve Bank of Cleveland via FRED,FRED series EXPINF1YR
3055,Yijie,,Michigan ICS – Overall,74.4,Index Points,2010-01,Univ. of Michigan – Surveys of Consumers,
3056,Yijie,https://fred.stlouisfed.org/series/MICH,Michigan – 1yr Inflation Expectations,2.8,Percent (%),2010-01,University of Michigan – Surveys of Consumers,FRED series MICH
3057,Yijie,,OECD CCI – Amplitude Adjusted,98.50824,Normalised (avg=100),2010-01,OECD via FRED – CSCICP03USM665S,Above 100 = optimism; below 100 = pessimism
3058,Yijie,https://fred.stlouisfed.org/series/USACSCICP02STSAM,OECD CCI – Standardised,80.05021,Normalised (avg=100),2010-01,OECD via FRED,FRED series USACSCICP02STSAM
3059,Yijie,,Yale – Individual 1yr Stock Confidence,79.13,%,2010-01,Yale ICF – Stock Market Confidence Indices,% of individual investors expecting market higher in 1yr
3060,Yijie,,Yale – Institutional 1yr Stock Confidence,75.0,%,2010-01,Yale ICF – Stock Market Confidence Indices,% of institutional investors expecting market higher in 1yr
3061,Yijie,https://fred.stlouisfed.org/series/T5YIE,5yr Breakeven Inflation Rate,1.99,Percent (%),2010-02,Federal Reserve Bank of St. Louis,FRED series T5YIE
3062,Yijie,https://fred.stlouisfed.org/series/EXPINF10YR,Cleveland Fed – 10yr Inflation Expectations,2.0165529,Percent (%),2010-02,Federal Reserve Bank of Cleveland via FRED,FRED series EXPINF10YR
3063,Yijie,https://fred.stlouisfed.org/series/EXPINF1YR,Cleveland Fed – 1yr Inflation Expectations,1.7316171,Percent (%),2010-02,Federal Reserve Bank of Cleveland via FRED,FRED series EXPINF1YR
3064,Yijie,,Michigan ICS – Overall,73.6,Index Points,2010-02,Univ. of Michigan – Surveys of Consumers,
3065,Yijie,https://fred.stlouisfed.org/series/MICH,Michigan – 1yr Inflation Expectations,2.7,Percent (%),2010-02,University of Michigan – Surveys of Consumers,FRED series MICH
3066,Yijie,,OECD CCI – Amplitude Adjusted,98.56321,Normalised (avg=100),2010-02,OECD via FRED – CSCICP03USM665S,Above 100 = optimism; below 100 = pessimism
3067,Yijie,https://fred.stlouisfed.org/series/USACSCICP02STSAM,OECD CCI – Standardised,79.18945,Normalised (avg=100),2010-02,OECD via FRED,FRED series USACSCICP02STSAM
3068,Yijie,,Yale – Individual 1yr Stock Confidence,77.58,%,2010-02,Yale ICF – Stock Market Confidence Indices,% of individual investors expecting market higher in 1yr
3069,Yijie,,Yale – Institutional 1yr Stock Confidence,77.09,%,2010-02,Yale ICF – Stock Market Confidence Indices,% of institutional investors expecting market higher in 1yr
3070,Yijie,https://fred.stlouisfed.org/series/T5YIE,5yr Breakeven Inflation Rate,1.83,Percent (%),2010-03,Federal Reserve Bank of St. Louis,FRED series T5YIE
3071,Yijie,https://fred.stlouisfed.org/series/EXPINF10YR,Cleveland Fed – 10yr Inflation Expectations,2.0067599,Percent (%),2010-03,Federal Reserve Bank of Cleveland via FRED,FRED series EXPINF10YR
3072,Yijie,https://fred.stlouisfed.org/series/EXPINF1YR,Cleveland Fed – 1yr Inflation Expectations,1.9701388,Percent (%),2010-03,Federal Reserve Bank of Cleveland via FRED,FRED series EXPINF1YR
3073,Yijie,,Michigan ICS – Overall,73.6,Index Points,2010-03,Univ. of Michigan – Surveys of Consumers,
3074,Yijie,https://fred.stlouisfed.org/series/MICH,Michigan – 1yr Inflation Expectations,2.7,Percent (%),2010-03,University of Michigan – Surveys of Consumers,FRED series MICH
3075,Yijie,,OECD CCI – Amplitude Adjusted,98.56012,Normalised (avg=100),2010-03,OECD via FRED – CSCICP03USM665S,Above 100 = optimism; below 100 = pessimism
3076,Yijie,https://fred.stlouisfed.org/series/USACSCICP02STSAM,OECD CCI – Standardised,79.18945,Normalised (avg=100),2010-03,OECD via FRED,FRED series USACSCICP02STSAM
3077,Yijie,,Yale – Individual 1yr Stock Confidence,76.59,%,2010-03,Yale ICF – Stock Market Confidence Indices,% of individual investors expecting market higher in 1yr
3078,Yijie,,Yale – Institutional 1yr Stock Confidence,77.36,%,2010-03,Yale ICF – Stock Market Confidence Indices,% of institutional investors expecting market higher in 1yr
3079,Yijie,https://fred.stlouisfed.org/series/T5YIE,5yr Breakeven Inflation Rate,1.85,Percent (%),2010-04,Federal Reserve Bank of St. Louis,FRED series T5YIE
3080,Yijie,https://fred.stlouisfed.org/series/EXPINF10YR,Cleveland Fed – 10yr Inflation Expectations,2.0631275,Percent (%),2010-04,Federal Reserve Bank of Cleveland via FRED,FRED series EXPINF10YR
3081,Yijie,https://fred.stlouisfed.org/series/EXPINF1YR,Cleveland Fed – 1yr Inflation Expectations,1.587202,Percent (%),2010-04,Federal Reserve Bank of Cleveland via FRED,FRED series EXPINF1YR
3082,Yijie,,Michigan ICS – Overall,72.2,Index Points,2010-04,Univ. of Michigan – Surveys of Consumers,
3083,Yijie,https://fred.stlouisfed.org/series/MICH,Michigan – 1yr Inflation Expectations,2.9,Percent (%),2010-04,University of Michigan – Surveys of Consumers,FRED series MICH
3084,Yijie,,OECD CCI – Amplitude Adjusted,98.53974,Normalised (avg=100),2010-04,OECD via FRED – CSCICP03USM665S,Above 100 = optimism; below 100 = pessimism
3085,Yijie,https://fred.stlouisfed.org/series/USACSCICP02STSAM,OECD CCI – Standardised,77.68314,Normalised (avg=100),2010-04,OECD via FRED,FRED series USACSCICP02STSAM
3086,Yijie,,Yale – Individual 1yr Stock Confidence,76.63,%,2010-04,Yale ICF – Stock Market Confidence Indices,% of individual investors expecting market higher in 1yr
3087,Yijie,,Yale – Institutional 1yr Stock Confidence,77.92,%,2010-04,Yale ICF – Stock Market Confidence Indices,% of institutional investors expecting market higher in 1yr
3088,Yijie,https://fred.stlouisfed.org/series/T5YIE,5yr Breakeven Inflation Rate,2.0,Percent (%),2010-05,Federal Reserve Bank of St. Louis,FRED series T5YIE
3089,Yijie,https://fred.stlouisfed.org/series/EXPINF10YR,Cleveland Fed – 10yr Inflation Expectations,2.0234055,Percent (%),2010-05,Federal Reserve Bank of Cleveland via FRED,FRED series EXPINF10YR
3090,Yijie,https://fred.stlouisfed.org/series/EXPINF1YR,Cleveland Fed – 1yr Inflation Expectations,1.562963,Percent (%),2010-05,Federal Reserve Bank of Cleveland via FRED,FRED series EXPINF1YR
3091,Yijie,,Michigan ICS – Overall,73.6,Index Points,2010-05,Univ. of Michigan – Surveys of Consumers,
3092,Yijie,https://fred.stlouisfed.org/series/MICH,Michigan – 1yr Inflation Expectations,3.2,Percent (%),2010-05,University of Michigan – Surveys of Consumers,FRED series MICH
3093,Yijie,,OECD CCI – Amplitude Adjusted,98.53848,Normalised (avg=100),2010-05,OECD via FRED – CSCICP03USM665S,Above 100 = optimism; below 100 = pessimism
3094,Yijie,https://fred.stlouisfed.org/series/USACSCICP02STSAM,OECD CCI – Standardised,79.18945,Normalised (avg=100),2010-05,OECD via FRED,FRED series USACSCICP02STSAM
3095,Yijie,,Yale – Individual 1yr Stock Confidence,78.79,%,2010-05,Yale ICF – Stock Market Confidence Indices,% of individual investors expecting market higher in 1yr
3096,Yijie,,Yale – Institutional 1yr Stock Confidence,76.92,%,2010-05,Yale ICF – Stock Market Confidence Indices,% of institutional investors expecting market higher in 1yr
3097,Yijie,https://fred.stlouisfed.org/series/T5YIE,5yr Breakeven Inflation Rate,1.68,Percent (%),2010-06,Federal Reserve Bank of St. Louis,FRED series T5YIE
3098,Yijie,https://fred.stlouisfed.org/series/EXPINF10YR,Cleveland Fed – 10yr Inflation Expectations,1.8811319,Percent (%),2010-06,Federal Reserve Bank of Cleveland via FRED,FRED series EXPINF10YR
3099,Yijie,https://fred.stlouisfed.org/series/EXPINF1YR,Cleveland Fed – 1yr Inflation Expectations,1.3532178,Percent (%),2010-06,Federal Reserve Bank of Cleveland via FRED,FRED series EXPINF1YR
3100,Yijie,,Michigan ICS – Overall,76.0,Index Points,2010-06,Univ. of Michigan – Surveys of Consumers,
3101,Yijie,https://fred.stlouisfed.org/series/MICH,Michigan – 1yr Inflation Expectations,2.8,Percent (%),2010-06,University of Michigan – Surveys of Consumers,FRED series MICH
3102,Yijie,,OECD CCI – Amplitude Adjusted,98.44367,Normalised (avg=100),2010-06,OECD via FRED – CSCICP03USM665S,Above 100 = optimism; below 100 = pessimism
3103,Yijie,https://fred.stlouisfed.org/series/USACSCICP02STSAM,OECD CCI – Standardised,81.77172,Normalised (avg=100),2010-06,OECD via FRED,FRED series USACSCICP02STSAM
3104,Yijie,,Yale – Individual 1yr Stock Confidence,77.84,%,2010-06,Yale ICF – Stock Market Confidence Indices,% of individual investors expecting market higher in 1yr
3105,Yijie,,Yale – Institutional 1yr Stock Confidence,76.67,%,2010-06,Yale ICF – Stock Market Confidence Indices,% of institutional investors expecting market higher in 1yr
3106,Yijie,https://fred.stlouisfed.org/series/T5YIE,5yr Breakeven Inflation Rate,1.48,Percent (%),2010-07,Federal Reserve Bank of St. Louis,FRED series T5YIE
3107,Yijie,https://fred.stlouisfed.org/series/EXPINF10YR,Cleveland Fed – 10yr Inflation Expectations,1.7304709,Percent (%),2010-07,Federal Reserve Bank of Cleveland via FRED,FRED series EXPINF10YR
3108,Yijie,https://fred.stlouisfed.org/series/EXPINF1YR,Cleveland Fed – 1yr Inflation Expectations,0.96279857,Percent (%),2010-07,Federal Reserve Bank of Cleveland via FRED,FRED series EXPINF1YR
3109,Yijie,,Michigan ICS – Overall,67.8,Index Points,2010-07,Univ. of Michigan – Surveys of Consumers,
3110,Yijie,https://fred.stlouisfed.org/series/MICH,Michigan – 1yr Inflation Expectations,2.7,Percent (%),2010-07,University of Michigan – Surveys of Consumers,FRED series MICH
3111,Yijie,,OECD CCI – Amplitude Adjusted,98.15993,Normalised (avg=100),2010-07,OECD via FRED – CSCICP03USM665S,Above 100 = optimism; below 100 = pessimism
3112,Yijie,https://fred.stlouisfed.org/series/USACSCICP02STSAM,OECD CCI – Standardised,72.94898,Normalised (avg=100),2010-07,OECD via FRED,FRED series USACSCICP02STSAM
3113,Yijie,,Yale – Individual 1yr Stock Confidence,76.22,%,2010-07,Yale ICF – Stock Market Confidence Indices,% of individual investors expecting market higher in 1yr
3114,Yijie,,Yale – Institutional 1yr Stock Confidence,75.44,%,2010-07,Yale ICF – Stock Market Confidence Indices,% of institutional investors expecting market higher in 1yr
3115,Yijie,https://fred.stlouisfed.org/series/T5YIE,5yr Breakeven Inflation Rate,1.5,Percent (%),2010-08,Federal Reserve Bank of St. Louis,FRED series T5YIE
3116,Yijie,https://fred.stlouisfed.org/series/EXPINF10YR,Cleveland Fed – 10yr Inflation Expectations,1.7086811,Percent (%),2010-08,Federal Reserve Bank of Cleveland via FRED,FRED series EXPINF10YR
3117,Yijie,https://fred.stlouisfed.org/series/EXPINF1YR,Cleveland Fed – 1yr Inflation Expectations,1.3411201,Percent (%),2010-08,Federal Reserve Bank of Cleveland via FRED,FRED series EXPINF1YR
3118,Yijie,,Michigan ICS – Overall,68.9,Index Points,2010-08,Univ. of Michigan – Surveys of Consumers,
3119,Yijie,https://fred.stlouisfed.org/series/MICH,Michigan – 1yr Inflation Expectations,2.7,Percent (%),2010-08,University of Michigan – Surveys of Consumers,FRED series MICH
3120,Yijie,,OECD CCI – Amplitude Adjusted,97.98689,Normalised (avg=100),2010-08,OECD via FRED – CSCICP03USM665S,Above 100 = optimism; below 100 = pessimism
3121,Yijie,https://fred.stlouisfed.org/series/USACSCICP02STSAM,OECD CCI – Standardised,74.13252,Normalised (avg=100),2010-08,OECD via FRED,FRED series USACSCICP02STSAM
3122,Yijie,,Yale – Individual 1yr Stock Confidence,76.57,%,2010-08,Yale ICF – Stock Market Confidence Indices,% of individual investors expecting market higher in 1yr
3123,Yijie,,Yale – Institutional 1yr Stock Confidence,75.0,%,2010-08,Yale ICF – Stock Market Confidence Indices,% of institutional investors expecting market higher in 1yr
3124,Yijie,https://fred.stlouisfed.org/series/T5YIE,5yr Breakeven Inflation Rate,1.21,Percent (%),2010-09,Federal Reserve Bank of St. Louis,FRED series T5YIE
3125,Yijie,https://fred.stlouisfed.org/series/EXPINF10YR,Cleveland Fed – 10yr Inflation Expectations,1.580762,Percent (%),2010-09,Federal Reserve Bank of Cleveland via FRED,FRED series EXPINF10YR
3126,Yijie,https://fred.stlouisfed.org/series/EXPINF1YR,Cleveland Fed – 1yr Inflation Expectations,0.90713698,Percent (%),2010-09,Federal Reserve Bank of Cleveland via FRED,FRED series EXPINF1YR
3127,Yijie,,Michigan ICS – Overall,68.2,Index Points,2010-09,Univ. of Michigan – Surveys of Consumers,
3128,Yijie,https://fred.stlouisfed.org/series/MICH,Michigan – 1yr Inflation Expectations,2.2,Percent (%),2010-09,University of Michigan – Surveys of Consumers,FRED series MICH
3129,Yijie,,OECD CCI – Amplitude Adjusted,97.93621,Normalised (avg=100),2010-09,OECD via FRED – CSCICP03USM665S,Above 100 = optimism; below 100 = pessimism
3130,Yijie,https://fred.stlouisfed.org/series/USACSCICP02STSAM,OECD CCI – Standardised,73.37936,Normalised (avg=100),2010-09,OECD via FRED,FRED series USACSCICP02STSAM
3131,Yijie,,Yale – Individual 1yr Stock Confidence,76.77,%,2010-09,Yale ICF – Stock Market Confidence Indices,% of individual investors expecting market higher in 1yr
3132,Yijie,,Yale – Institutional 1yr Stock Confidence,73.68,%,2010-09,Yale ICF – Stock Market Confidence Indices,% of institutional investors expecting market higher in 1yr
3133,Yijie,https://fred.stlouisfed.org/series/T5YIE,5yr Breakeven Inflation Rate,1.33,Percent (%),2010-10,Federal Reserve Bank of St. Louis,FRED series T5YIE
3134,Yijie,https://fred.stlouisfed.org/series/EXPINF10YR,Cleveland Fed – 10yr Inflation Expectations,1.5742367,Percent (%),2010-10,Federal Reserve Bank of Cleveland via FRED,FRED series EXPINF10YR
3135,Yijie,https://fred.stlouisfed.org/series/EXPINF1YR,Cleveland Fed – 1yr Inflation Expectations,1.3652619,Percent (%),2010-10,Federal Reserve Bank of Cleveland via FRED,FRED series EXPINF1YR
3136,Yijie,,Michigan ICS – Overall,67.7,Index Points,2010-10,Univ. of Michigan – Surveys of Consumers,
3137,Yijie,https://fred.stlouisfed.org/series/MICH,Michigan – 1yr Inflation Expectations,2.7,Percent (%),2010-10,University of Michigan – Surveys of Consumers,FRED series MICH
3138,Yijie,,OECD CCI – Amplitude Adjusted,98.0344,Normalised (avg=100),2010-10,OECD via FRED – CSCICP03USM665S,Above 100 = optimism; below 100 = pessimism
3139,Yijie,https://fred.stlouisfed.org/series/USACSCICP02STSAM,OECD CCI – Standardised,72.84138,Normalised (avg=100),2010-10,OECD via FRED,FRED series USACSCICP02STSAM
3140,Yijie,,Yale – Individual 1yr Stock Confidence,77.53,%,2010-10,Yale ICF – Stock Market Confidence Indices,% of individual investors expecting market higher in 1yr
3141,Yijie,,Yale – Institutional 1yr Stock Confidence,72.86,%,2010-10,Yale ICF – Stock Market Confidence Indices,% of institutional investors expecting market higher in 1yr
3142,Yijie,https://fred.stlouisfed.org/series/T5YIE,5yr Breakeven Inflation Rate,1.51,Percent (%),2010-11,Federal Reserve Bank of St. Louis,FRED series T5YIE
3143,Yijie,https://fred.stlouisfed.org/series/EXPINF10YR,Cleveland Fed – 10yr Inflation Expectations,1.5460638,Percent (%),2010-11,Federal Reserve Bank of Cleveland via FRED,FRED series EXPINF10YR
3144,Yijie,https://fred.stlouisfed.org/series/EXPINF1YR,Cleveland Fed – 1yr Inflation Expectations,1.3962369,Percent (%),2010-11,Federal Reserve Bank of Cleveland via FRED,FRED series EXPINF1YR
3145,Yijie,,Michigan ICS – Overall,71.6,Index Points,2010-11,Univ. of Michigan – Surveys of Consumers,
3146,Yijie,https://fred.stlouisfed.org/series/MICH,Michigan – 1yr Inflation Expectations,3.0,Percent (%),2010-11,University of Michigan – Surveys of Consumers,FRED series MICH
3147,Yijie,,OECD CCI – Amplitude Adjusted,98.29088,Normalised (avg=100),2010-11,OECD via FRED – CSCICP03USM665S,Above 100 = optimism; below 100 = pessimism
3148,Yijie,https://fred.stlouisfed.org/series/USACSCICP02STSAM,OECD CCI – Standardised,77.03757,Normalised (avg=100),2010-11,OECD via FRED,FRED series USACSCICP02STSAM
3149,Yijie,,Yale – Individual 1yr Stock Confidence,76.0,%,2010-11,Yale ICF – Stock Market Confidence Indices,% of individual investors expecting market higher in 1yr
3150,Yijie,,Yale – Institutional 1yr Stock Confidence,76.47,%,2010-11,Yale ICF – Stock Market Confidence Indices,% of institutional investors expecting market higher in 1yr
3151,Yijie,https://fred.stlouisfed.org/series/T5YIE,5yr Breakeven Inflation Rate,1.6,Percent (%),2010-12,Federal Reserve Bank of St. Louis,FRED series T5YIE
3152,Yijie,https://fred.stlouisfed.org/series/EXPINF10YR,Cleveland Fed – 10yr Inflation Expectations,1.6945193,Percent (%),2010-12,Federal Reserve Bank of Cleveland via FRED,FRED series EXPINF10YR
3153,Yijie,https://fred.stlouisfed.org/series/EXPINF1YR,Cleveland Fed – 1yr Inflation Expectations,1.4938723,Percent (%),2010-12,Federal Reserve Bank of Cleveland via FRED,FRED series EXPINF1YR
3154,Yijie,,Michigan ICS – Overall,74.5,Index Points,2010-12,Univ. of Michigan – Surveys of Consumers,
3155,Yijie,https://fred.stlouisfed.org/series/MICH,Michigan – 1yr Inflation Expectations,3.0,Percent (%),2010-12,University of Michigan – Surveys of Consumers,FRED series MICH
3156,Yijie,,OECD CCI – Amplitude Adjusted,98.54091,Normalised (avg=100),2010-12,OECD via FRED – CSCICP03USM665S,Above 100 = optimism; below 100 = pessimism
3157,Yijie,https://fred.stlouisfed.org/series/USACSCICP02STSAM,OECD CCI – Standardised,80.15781,Normalised (avg=100),2010-12,OECD via FRED,FRED series USACSCICP02STSAM
3158,Yijie,,Yale – Individual 1yr Stock Confidence,77.46,%,2010-12,Yale ICF – Stock Market Confidence Indices,% of individual investors expecting market higher in 1yr
3159,Yijie,,Yale – Institutional 1yr Stock Confidence,77.5,%,2010-12,Yale ICF – Stock Market Confidence Indices,% of institutional investors expecting market higher in 1yr
3160,Yijie,https://fred.stlouisfed.org/series/T5YIE,5yr Breakeven Inflation Rate,1.82,Percent (%),2011-01,Federal Reserve Bank of St. Louis,FRED series T5YIE
3161,Yijie,https://fred.stlouisfed.org/series/EXPINF10YR,Cleveland Fed – 10yr Inflation Expectations,1.9670054,Percent (%),2011-01,Federal Reserve Bank of Cleveland via FRED,FRED series EXPINF10YR
3162,Yijie,https://fred.stlouisfed.org/series/EXPINF1YR,Cleveland Fed – 1yr Inflation Expectations,1.7900451,Percent (%),2011-01,Federal Reserve Bank of Cleveland via FRED,FRED series EXPINF1YR
3163,Yijie,,Michigan ICS – Overall,74.2,Index Points,2011-01,Univ. of Michigan – Surveys of Consumers,
3164,Yijie,https://fred.stlouisfed.org/series/MICH,Michigan – 1yr Inflation Expectations,3.4,Percent (%),2011-01,University of Michigan – Surveys of Consumers,FRED series MICH
3165,Yijie,,OECD CCI – Amplitude Adjusted,98.64883,Normalised (avg=100),2011-01,OECD via FRED – CSCICP03USM665S,Above 100 = optimism; below 100 = pessimism
3166,Yijie,https://fred.stlouisfed.org/series/USACSCICP02STSAM,OECD CCI – Standardised,79.83502,Normalised (avg=100),2011-01,OECD via FRED,FRED series USACSCICP02STSAM
3167,Yijie,,Yale – Individual 1yr Stock Confidence,78.52,%,2011-01,Yale ICF – Stock Market Confidence Indices,% of individual investors expecting market higher in 1yr
3168,Yijie,,Yale – Institutional 1yr Stock Confidence,78.47,%,2011-01,Yale ICF – Stock Market Confidence Indices,% of institutional investors expecting market higher in 1yr
3169,Yijie,https://fred.stlouisfed.org/series/T5YIE,5yr Breakeven Inflation Rate,2.01,Percent (%),2011-02,Federal Reserve Bank of St. Louis,FRED series T5YIE
3170,Yijie,https://fred.stlouisfed.org/series/EXPINF10YR,Cleveland Fed – 10yr Inflation Expectations,1.9901515,Percent (%),2011-02,Federal Reserve Bank of Cleveland via FRED,FRED series EXPINF10YR
3171,Yijie,https://fred.stlouisfed.org/series/EXPINF1YR,Cleveland Fed – 1yr Inflation Expectations,1.9547432,Percent (%),2011-02,Federal Reserve Bank of Cleveland via FRED,FRED series EXPINF1YR
3172,Yijie,,Michigan ICS – Overall,77.5,Index Points,2011-02,Univ. of Michigan – Surveys of Consumers,
3173,Yijie,https://fred.stlouisfed.org/series/MICH,Michigan – 1yr Inflation Expectations,3.4,Percent (%),2011-02,University of Michigan – Surveys of Consumers,FRED series MICH
3174,Yijie,,OECD CCI – Amplitude Adjusted,98.59994,Normalised (avg=100),2011-02,OECD via FRED – CSCICP03USM665S,Above 100 = optimism; below 100 = pessimism
3175,Yijie,https://fred.stlouisfed.org/series/USACSCICP02STSAM,OECD CCI – Standardised,83.38564,Normalised (avg=100),2011-02,OECD via FRED,FRED series USACSCICP02STSAM
3176,Yijie,,Yale – Individual 1yr Stock Confidence,80.95,%,2011-02,Yale ICF – Stock Market Confidence Indices,% of individual investors expecting market higher in 1yr
3177,Yijie,,Yale – Institutional 1yr Stock Confidence,80.58,%,2011-02,Yale ICF – Stock Market Confidence Indices,% of institutional investors expecting market higher in 1yr
3178,Yijie,https://fred.stlouisfed.org/series/T5YIE,5yr Breakeven Inflation Rate,2.17,Percent (%),2011-03,Federal Reserve Bank of St. Louis,FRED series T5YIE
3179,Yijie,https://fred.stlouisfed.org/series/EXPINF10YR,Cleveland Fed – 10yr Inflation Expectations,2.048335,Percent (%),2011-03,Federal Reserve Bank of Cleveland via FRED,FRED series EXPINF10YR
3180,Yijie,https://fred.stlouisfed.org/series/EXPINF1YR,Cleveland Fed – 1yr Inflation Expectations,2.1063793,Percent (%),2011-03,Federal Reserve Bank of Cleveland via FRED,FRED series EXPINF1YR
3181,Yijie,,Michigan ICS – Overall,67.5,Index Points,2011-03,Univ. of Michigan – Surveys of Consumers,
3182,Yijie,https://fred.stlouisfed.org/series/MICH,Michigan – 1yr Inflation Expectations,4.6,Percent (%),2011-03,University of Michigan – Surveys of Consumers,FRED series MICH
3183,Yijie,,OECD CCI – Amplitude Adjusted,98.35714,Normalised (avg=100),2011-03,OECD via FRED – CSCICP03USM665S,Above 100 = optimism; below 100 = pessimism
3184,Yijie,https://fred.stlouisfed.org/series/USACSCICP02STSAM,OECD CCI – Standardised,72.6262,Normalised (avg=100),2011-03,OECD via FRED,FRED series USACSCICP02STSAM
3185,Yijie,,Yale – Individual 1yr Stock Confidence,79.08,%,2011-03,Yale ICF – Stock Market Confidence Indices,% of individual investors expecting market higher in 1yr
3186,Yijie,,Yale – Institutional 1yr Stock Confidence,81.43,%,2011-03,Yale ICF – Stock Market Confidence Indices,% of institutional investors expecting market higher in 1yr
3187,Yijie,https://fred.stlouisfed.org/series/T5YIE,5yr Breakeven Inflation Rate,2.25,Percent (%),2011-04,Federal Reserve Bank of St. Louis,FRED series T5YIE
3188,Yijie,https://fred.stlouisfed.org/series/EXPINF10YR,Cleveland Fed – 10yr Inflation Expectations,2.099215,Percent (%),2011-04,Federal Reserve Bank of Cleveland via FRED,FRED series EXPINF10YR
3189,Yijie,https://fred.stlouisfed.org/series/EXPINF1YR,Cleveland Fed – 1yr Inflation Expectations,2.0757372,Percent (%),2011-04,Federal Reserve Bank of Cleveland via FRED,FRED series EXPINF1YR
3190,Yijie,,Michigan ICS – Overall,69.8,Index Points,2011-04,Univ. of Michigan – Surveys of Consumers,
3191,Yijie,https://fred.stlouisfed.org/series/MICH,Michigan – 1yr Inflation Expectations,4.6,Percent (%),2011-04,University of Michigan – Surveys of Consumers,FRED series MICH
3192,Yijie,,OECD CCI – Amplitude Adjusted,98.29892,Normalised (avg=100),2011-04,OECD via FRED – CSCICP03USM665S,Above 100 = optimism; below 100 = pessimism
3193,Yijie,https://fred.stlouisfed.org/series/USACSCICP02STSAM,OECD CCI – Standardised,75.10087,Normalised (avg=100),2011-04,OECD via FRED,FRED series USACSCICP02STSAM
3194,Yijie,,Yale – Individual 1yr Stock Confidence,76.11,%,2011-04,Yale ICF – Stock Market Confidence Indices,% of individual investors expecting market higher in 1yr
3195,Yijie,,Yale – Institutional 1yr Stock Confidence,82.88,%,2011-04,Yale ICF – Stock Market Confidence Indices,% of institutional investors expecting market higher in 1yr
3196,Yijie,https://fred.stlouisfed.org/series/T5YIE,5yr Breakeven Inflation Rate,2.44,Percent (%),2011-05,Federal Reserve Bank of St. Louis,FRED series T5YIE
3197,Yijie,https://fred.stlouisfed.org/series/EXPINF10YR,Cleveland Fed – 10yr Inflation Expectations,2.032293,Percent (%),2011-05,Federal Reserve Bank of Cleveland via FRED,FRED series EXPINF10YR
3198,Yijie,https://fred.stlouisfed.org/series/EXPINF1YR,Cleveland Fed – 1yr Inflation Expectations,2.292302,Percent (%),2011-05,Federal Reserve Bank of Cleveland via FRED,FRED series EXPINF1YR
3199,Yijie,,Michigan ICS – Overall,74.3,Index Points,2011-05,Univ. of Michigan – Surveys of Consumers,
3200,Yijie,https://fred.stlouisfed.org/series/MICH,Michigan – 1yr Inflation Expectations,4.1,Percent (%),2011-05,University of Michigan – Surveys of Consumers,FRED series MICH
3201,Yijie,,OECD CCI – Amplitude Adjusted,98.28327,Normalised (avg=100),2011-05,OECD via FRED – CSCICP03USM665S,Above 100 = optimism; below 100 = pessimism
3202,Yijie,https://fred.stlouisfed.org/series/USACSCICP02STSAM,OECD CCI – Standardised,79.94262,Normalised (avg=100),2011-05,OECD via FRED,FRED series USACSCICP02STSAM
3203,Yijie,,Yale – Individual 1yr Stock Confidence,77.27,%,2011-05,Yale ICF – Stock Market Confidence Indices,% of individual investors expecting market higher in 1yr
3204,Yijie,,Yale – Institutional 1yr Stock Confidence,81.62,%,2011-05,Yale ICF – Stock Market Confidence Indices,% of institutional investors expecting market higher in 1yr
3205,Yijie,https://fred.stlouisfed.org/series/T5YIE,5yr Breakeven Inflation Rate,1.99,Percent (%),2011-06,Federal Reserve Bank of St. Louis,FRED series T5YIE
3206,Yijie,https://fred.stlouisfed.org/series/EXPINF10YR,Cleveland Fed – 10yr Inflation Expectations,1.894122,Percent (%),2011-06,Federal Reserve Bank of Cleveland via FRED,FRED series EXPINF10YR
3207,Yijie,https://fred.stlouisfed.org/series/EXPINF1YR,Cleveland Fed – 1yr Inflation Expectations,2.1177045,Percent (%),2011-06,Federal Reserve Bank of Cleveland via FRED,FRED series EXPINF1YR
3208,Yijie,,Michigan ICS – Overall,71.5,Index Points,2011-06,Univ. of Michigan – Surveys of Consumers,
3209,Yijie,https://fred.stlouisfed.org/series/MICH,Michigan – 1yr Inflation Expectations,3.8,Percent (%),2011-06,University of Michigan – Surveys of Consumers,FRED series MICH
3210,Yijie,,OECD CCI – Amplitude Adjusted,97.97703,Normalised (avg=100),2011-06,OECD via FRED – CSCICP03USM665S,Above 100 = optimism; below 100 = pessimism
3211,Yijie,https://fred.stlouisfed.org/series/USACSCICP02STSAM,OECD CCI – Standardised,76.92998,Normalised (avg=100),2011-06,OECD via FRED,FRED series USACSCICP02STSAM
3212,Yijie,,Yale – Individual 1yr Stock Confidence,79.13,%,2011-06,Yale ICF – Stock Market Confidence Indices,% of individual investors expecting market higher in 1yr
3213,Yijie,,Yale – Institutional 1yr Stock Confidence,81.75,%,2011-06,Yale ICF – Stock Market Confidence Indices,% of institutional investors expecting market higher in 1yr
3214,Yijie,https://fred.stlouisfed.org/series/T5YIE,5yr Breakeven Inflation Rate,2.05,Percent (%),2011-07,Federal Reserve Bank of St. Louis,FRED series T5YIE
3215,Yijie,https://fred.stlouisfed.org/series/EXPINF10YR,Cleveland Fed – 10yr Inflation Expectations,1.9889734,Percent (%),2011-07,Federal Reserve Bank of Cleveland via FRED,FRED series EXPINF10YR
3216,Yijie,https://fred.stlouisfed.org/series/EXPINF1YR,Cleveland Fed – 1yr Inflation Expectations,2.432348,Percent (%),2011-07,Federal Reserve Bank of Cleveland via FRED,FRED series EXPINF1YR
3217,Yijie,,Michigan ICS – Overall,63.7,Index Points,2011-07,Univ. of Michigan – Surveys of Consumers,
3218,Yijie,https://fred.stlouisfed.org/series/MICH,Michigan – 1yr Inflation Expectations,3.4,Percent (%),2011-07,University of Michigan – Surveys of Consumers,FRED series MICH
3219,Yijie,,OECD CCI – Amplitude Adjusted,97.40202,Normalised (avg=100),2011-07,OECD via FRED – CSCICP03USM665S,Above 100 = optimism; below 100 = pessimism
3220,Yijie,https://fred.stlouisfed.org/series/USACSCICP02STSAM,OECD CCI – Standardised,68.53761,Normalised (avg=100),2011-07,OECD via FRED,FRED series USACSCICP02STSAM
3221,Yijie,,Yale – Individual 1yr Stock Confidence,78.4,%,2011-07,Yale ICF – Stock Market Confidence Indices,% of individual investors expecting market higher in 1yr
3222,Yijie,,Yale – Institutional 1yr Stock Confidence,80.57,%,2011-07,Yale ICF – Stock Market Confidence Indices,% of institutional investors expecting market higher in 1yr
3223,Yijie,https://fred.stlouisfed.org/series/T5YIE,5yr Breakeven Inflation Rate,2.07,Percent (%),2011-08,Federal Reserve Bank of St. Louis,FRED series T5YIE
3224,Yijie,https://fred.stlouisfed.org/series/EXPINF10YR,Cleveland Fed – 10yr Inflation Expectations,1.7313642,Percent (%),2011-08,Federal Reserve Bank of Cleveland via FRED,FRED series EXPINF10YR
3225,Yijie,https://fred.stlouisfed.org/series/EXPINF1YR,Cleveland Fed – 1yr Inflation Expectations,1.5113148,Percent (%),2011-08,Federal Reserve Bank of Cleveland via FRED,FRED series EXPINF1YR
3226,Yijie,,Michigan ICS – Overall,55.8,Index Points,2011-08,Univ. of Michigan – Surveys of Consumers,
3227,Yijie,https://fred.stlouisfed.org/series/MICH,Michigan – 1yr Inflation Expectations,3.5,Percent (%),2011-08,University of Michigan – Surveys of Consumers,FRED series MICH
3228,Yijie,,OECD CCI – Amplitude Adjusted,96.91122,Normalised (avg=100),2011-08,OECD via FRED – CSCICP03USM665S,Above 100 = optimism; below 100 = pessimism
3229,Yijie,https://fred.stlouisfed.org/series/USACSCICP02STSAM,OECD CCI – Standardised,60.03766,Normalised (avg=100),2011-08,OECD via FRED,FRED series USACSCICP02STSAM
3230,Yijie,,Yale – Individual 1yr Stock Confidence,74.59,%,2011-08,Yale ICF – Stock Market Confidence Indices,% of individual investors expecting market higher in 1yr
3231,Yijie,,Yale – Institutional 1yr Stock Confidence,80.89,%,2011-08,Yale ICF – Stock Market Confidence Indices,% of institutional investors expecting market higher in 1yr
3232,Yijie,https://fred.stlouisfed.org/series/T5YIE,5yr Breakeven Inflation Rate,1.72,Percent (%),2011-09,Federal Reserve Bank of St. Louis,FRED series T5YIE
3233,Yijie,https://fred.stlouisfed.org/series/EXPINF10YR,Cleveland Fed – 10yr Inflation Expectations,1.5583105,Percent (%),2011-09,Federal Reserve Bank of Cleveland via FRED,FRED series EXPINF10YR
3234,Yijie,https://fred.stlouisfed.org/series/EXPINF1YR,Cleveland Fed – 1yr Inflation Expectations,1.008876,Percent (%),2011-09,Federal Reserve Bank of Cleveland via FRED,FRED series EXPINF1YR
3235,Yijie,,Michigan ICS – Overall,59.5,Index Points,2011-09,Univ. of Michigan – Surveys of Consumers,
3236,Yijie,https://fred.stlouisfed.org/series/MICH,Michigan – 1yr Inflation Expectations,3.3,Percent (%),2011-09,University of Michigan – Surveys of Consumers,FRED series MICH
3237,Yijie,,OECD CCI – Amplitude Adjusted,96.84426,Normalised (avg=100),2011-09,OECD via FRED – CSCICP03USM665S,Above 100 = optimism; below 100 = pessimism
3238,Yijie,https://fred.stlouisfed.org/series/USACSCICP02STSAM,OECD CCI – Standardised,64.01865,Normalised (avg=100),2011-09,OECD via FRED,FRED series USACSCICP02STSAM
3239,Yijie,,Yale – Individual 1yr Stock Confidence,73.17,%,2011-09,Yale ICF – Stock Market Confidence Indices,% of individual investors expecting market higher in 1yr
3240,Yijie,,Yale – Institutional 1yr Stock Confidence,77.89,%,2011-09,Yale ICF – Stock Market Confidence Indices,% of institutional investors expecting market higher in 1yr
3241,Yijie,https://fred.stlouisfed.org/series/T5YIE,5yr Breakeven Inflation Rate,1.48,Percent (%),2011-10,Federal Reserve Bank of St. Louis,FRED series T5YIE
3242,Yijie,https://fred.stlouisfed.org/series/EXPINF10YR,Cleveland Fed – 10yr Inflation Expectations,1.5883361,Percent (%),2011-10,Federal Reserve Bank of Cleveland via FRED,FRED series EXPINF10YR
3243,Yijie,https://fred.stlouisfed.org/series/EXPINF1YR,Cleveland Fed – 1yr Inflation Expectations,1.4656093,Percent (%),2011-10,Federal Reserve Bank of Cleveland via FRED,FRED series EXPINF1YR
3244,Yijie,,Michigan ICS – Overall,60.8,Index Points,2011-10,Univ. of Michigan – Surveys of Consumers,
3245,Yijie,https://fred.stlouisfed.org/series/MICH,Michigan – 1yr Inflation Expectations,3.2,Percent (%),2011-10,University of Michigan – Surveys of Consumers,FRED series MICH
3246,Yijie,,OECD CCI – Amplitude Adjusted,97.07516,Normalised (avg=100),2011-10,OECD via FRED – CSCICP03USM665S,Above 100 = optimism; below 100 = pessimism
3247,Yijie,https://fred.stlouisfed.org/series/USACSCICP02STSAM,OECD CCI – Standardised,65.41737,Normalised (avg=100),2011-10,OECD via FRED,FRED series USACSCICP02STSAM
3248,Yijie,,Yale – Individual 1yr Stock Confidence,75.45,%,2011-10,Yale ICF – Stock Market Confidence Indices,% of individual investors expecting market higher in 1yr
3249,Yijie,,Yale – Institutional 1yr Stock Confidence,76.84,%,2011-10,Yale ICF – Stock Market Confidence Indices,% of institutional investors expecting market higher in 1yr
3250,Yijie,https://fred.stlouisfed.org/series/T5YIE,5yr Breakeven Inflation Rate,1.82,Percent (%),2011-11,Federal Reserve Bank of St. Louis,FRED series T5YIE
3251,Yijie,https://fred.stlouisfed.org/series/EXPINF10YR,Cleveland Fed – 10yr Inflation Expectations,1.6085842,Percent (%),2011-11,Federal Reserve Bank of Cleveland via FRED,FRED series EXPINF10YR
3252,Yijie,https://fred.stlouisfed.org/series/EXPINF1YR,Cleveland Fed – 1yr Inflation Expectations,1.5052488,Percent (%),2011-11,Federal Reserve Bank of Cleveland via FRED,FRED series EXPINF1YR
3253,Yijie,,Michigan ICS – Overall,63.7,Index Points,2011-11,Univ. of Michigan – Surveys of Consumers,
3254,Yijie,https://fred.stlouisfed.org/series/MICH,Michigan – 1yr Inflation Expectations,3.2,Percent (%),2011-11,University of Michigan – Surveys of Consumers,FRED series MICH
3255,Yijie,,OECD CCI – Amplitude Adjusted,97.51543,Normalised (avg=100),2011-11,OECD via FRED – CSCICP03USM665S,Above 100 = optimism; below 100 = pessimism
3256,Yijie,https://fred.stlouisfed.org/series/USACSCICP02STSAM,OECD CCI – Standardised,68.53761,Normalised (avg=100),2011-11,OECD via FRED,FRED series USACSCICP02STSAM
3257,Yijie,,Yale – Individual 1yr Stock Confidence,75.9,%,2011-11,Yale ICF – Stock Market Confidence Indices,% of individual investors expecting market higher in 1yr
3258,Yijie,,Yale – Institutional 1yr Stock Confidence,76.79,%,2011-11,Yale ICF – Stock Market Confidence Indices,% of institutional investors expecting market higher in 1yr
3259,Yijie,https://fred.stlouisfed.org/series/T5YIE,5yr Breakeven Inflation Rate,1.76,Percent (%),2011-12,Federal Reserve Bank of St. Louis,FRED series T5YIE
3260,Yijie,https://fred.stlouisfed.org/series/EXPINF10YR,Cleveland Fed – 10yr Inflation Expectations,1.6422125,Percent (%),2011-12,Federal Reserve Bank of Cleveland via FRED,FRED series EXPINF10YR
3261,Yijie,https://fred.stlouisfed.org/series/EXPINF1YR,Cleveland Fed – 1yr Inflation Expectations,1.7116627,Percent (%),2011-12,Federal Reserve Bank of Cleveland via FRED,FRED series EXPINF1YR
3262,Yijie,,Michigan ICS – Overall,69.9,Index Points,2011-12,Univ. of Michigan – Surveys of Consumers,
3263,Yijie,https://fred.stlouisfed.org/series/MICH,Michigan – 1yr Inflation Expectations,3.1,Percent (%),2011-12,University of Michigan – Surveys of Consumers,FRED series MICH
3264,Yijie,,OECD CCI – Amplitude Adjusted,98.06004,Normalised (avg=100),2011-12,OECD via FRED – CSCICP03USM665S,Above 100 = optimism; below 100 = pessimism
3265,Yijie,https://fred.stlouisfed.org/series/USACSCICP02STSAM,OECD CCI – Standardised,75.20847,Normalised (avg=100),2011-12,OECD via FRED,FRED series USACSCICP02STSAM
3266,Yijie,,Yale – Individual 1yr Stock Confidence,73.6,%,2011-12,Yale ICF – Stock Market Confidence Indices,% of individual investors expecting market higher in 1yr
3267,Yijie,,Yale – Institutional 1yr Stock Confidence,77.2,%,2011-12,Yale ICF – Stock Market Confidence Indices,% of institutional investors expecting market higher in 1yr
3268,Yijie,https://fred.stlouisfed.org/series/T5YIE,5yr Breakeven Inflation Rate,1.66,Percent (%),2012-01,Federal Reserve Bank of St. Louis,FRED series T5YIE
3269,Yijie,https://fred.stlouisfed.org/series/EXPINF10YR,Cleveland Fed – 10yr Inflation Expectations,1.6011744,Percent (%),2012-01,Federal Reserve Bank of Cleveland via FRED,FRED series EXPINF10YR
3270,Yijie,https://fred.stlouisfed.org/series/EXPINF1YR,Cleveland Fed – 1yr Inflation Expectations,1.4714419,Percent (%),2012-01,Federal Reserve Bank of Cleveland via FRED,FRED series EXPINF1YR
3271,Yijie,,Michigan ICS – Overall,75.0,Index Points,2012-01,Univ. of Michigan – Surveys of Consumers,
3272,Yijie,https://fred.stlouisfed.org/series/MICH,Michigan – 1yr Inflation Expectations,3.3,Percent (%),2012-01,University of Michigan – Surveys of Consumers,FRED series MICH
3273,Yijie,,OECD CCI – Amplitude Adjusted,98.52432,Normalised (avg=100),2012-01,OECD via FRED – CSCICP03USM665S,Above 100 = optimism; below 100 = pessimism
3274,Yijie,https://fred.stlouisfed.org/series/USACSCICP02STSAM,OECD CCI – Standardised,80.69578,Normalised (avg=100),2012-01,OECD via FRED,FRED series USACSCICP02STSAM
3275,Yijie,,Yale – Individual 1yr Stock Confidence,75.66,%,2012-01,Yale ICF – Stock Market Confidence Indices,% of individual investors expecting market higher in 1yr
3276,Yijie,,Yale – Institutional 1yr Stock Confidence,80.09,%,2012-01,Yale ICF – Stock Market Confidence Indices,% of institutional investors expecting market higher in 1yr
3277,Yijie,https://fred.stlouisfed.org/series/T5YIE,5yr Breakeven Inflation Rate,1.89,Percent (%),2012-02,Federal Reserve Bank of St. Louis,FRED series T5YIE
3278,Yijie,https://fred.stlouisfed.org/series/EXPINF10YR,Cleveland Fed – 10yr Inflation Expectations,1.5458862,Percent (%),2012-02,Federal Reserve Bank of Cleveland via FRED,FRED series EXPINF10YR
3279,Yijie,https://fred.stlouisfed.org/series/EXPINF1YR,Cleveland Fed – 1yr Inflation Expectations,1.5014226,Percent (%),2012-02,Federal Reserve Bank of Cleveland via FRED,FRED series EXPINF1YR
3280,Yijie,,Michigan ICS – Overall,75.3,Index Points,2012-02,Univ. of Michigan – Surveys of Consumers,
3281,Yijie,https://fred.stlouisfed.org/series/MICH,Michigan – 1yr Inflation Expectations,3.3,Percent (%),2012-02,University of Michigan – Surveys of Consumers,FRED series MICH
3282,Yijie,,OECD CCI – Amplitude Adjusted,98.78316,Normalised (avg=100),2012-02,OECD via FRED – CSCICP03USM665S,Above 100 = optimism; below 100 = pessimism
3283,Yijie,https://fred.stlouisfed.org/series/USACSCICP02STSAM,OECD CCI – Standardised,81.01856,Normalised (avg=100),2012-02,OECD via FRED,FRED series USACSCICP02STSAM
3284,Yijie,,Yale – Individual 1yr Stock Confidence,77.54,%,2012-02,Yale ICF – Stock Market Confidence Indices,% of individual investors expecting market higher in 1yr
3285,Yijie,,Yale – Institutional 1yr Stock Confidence,78.97,%,2012-02,Yale ICF – Stock Market Confidence Indices,% of institutional investors expecting market higher in 1yr
3286,Yijie,https://fred.stlouisfed.org/series/T5YIE,5yr Breakeven Inflation Rate,1.99,Percent (%),2012-03,Federal Reserve Bank of St. Louis,FRED series T5YIE
3287,Yijie,https://fred.stlouisfed.org/series/EXPINF10YR,Cleveland Fed – 10yr Inflation Expectations,1.5801475,Percent (%),2012-03,Federal Reserve Bank of Cleveland via FRED,FRED series EXPINF10YR
3288,Yijie,https://fred.stlouisfed.org/series/EXPINF1YR,Cleveland Fed – 1yr Inflation Expectations,1.3620536,Percent (%),2012-03,Federal Reserve Bank of Cleveland via FRED,FRED series EXPINF1YR
3289,Yijie,,Michigan ICS – Overall,76.2,Index Points,2012-03,Univ. of Michigan – Surveys of Consumers,
3290,Yijie,https://fred.stlouisfed.org/series/MICH,Michigan – 1yr Inflation Expectations,3.9,Percent (%),2012-03,University of Michigan – Surveys of Consumers,FRED series MICH
3291,Yijie,,OECD CCI – Amplitude Adjusted,98.9079,Normalised (avg=100),2012-03,OECD via FRED – CSCICP03USM665S,Above 100 = optimism; below 100 = pessimism
3292,Yijie,https://fred.stlouisfed.org/series/USACSCICP02STSAM,OECD CCI – Standardised,81.98691,Normalised (avg=100),2012-03,OECD via FRED,FRED series USACSCICP02STSAM
3293,Yijie,,Yale – Individual 1yr Stock Confidence,78.6,%,2012-03,Yale ICF – Stock Market Confidence Indices,% of individual investors expecting market higher in 1yr
3294,Yijie,,Yale – Institutional 1yr Stock Confidence,79.8,%,2012-03,Yale ICF – Stock Market Confidence Indices,% of institutional investors expecting market higher in 1yr
3295,Yijie,https://fred.stlouisfed.org/series/T5YIE,5yr Breakeven Inflation Rate,2.04,Percent (%),2012-04,Federal Reserve Bank of St. Louis,FRED series T5YIE
3296,Yijie,https://fred.stlouisfed.org/series/EXPINF10YR,Cleveland Fed – 10yr Inflation Expectations,1.6497201,Percent (%),2012-04,Federal Reserve Bank of Cleveland via FRED,FRED series EXPINF10YR
3297,Yijie,https://fred.stlouisfed.org/series/EXPINF1YR,Cleveland Fed – 1yr Inflation Expectations,1.6869361,Percent (%),2012-04,Federal Reserve Bank of Cleveland via FRED,FRED series EXPINF1YR
3298,Yijie,,Michigan ICS – Overall,76.4,Index Points,2012-04,Univ. of Michigan – Surveys of Consumers,
3299,Yijie,https://fred.stlouisfed.org/series/MICH,Michigan – 1yr Inflation Expectations,3.2,Percent (%),2012-04,University of Michigan – Surveys of Consumers,FRED series MICH
3300,Yijie,,OECD CCI – Amplitude Adjusted,98.94286,Normalised (avg=100),2012-04,OECD via FRED – CSCICP03USM665S,Above 100 = optimism; below 100 = pessimism
3301,Yijie,https://fred.stlouisfed.org/series/USACSCICP02STSAM,OECD CCI – Standardised,82.2021,Normalised (avg=100),2012-04,OECD via FRED,FRED series USACSCICP02STSAM
3302,Yijie,,Yale – Individual 1yr Stock Confidence,78.72,%,2012-04,Yale ICF – Stock Market Confidence Indices,% of individual investors expecting market higher in 1yr
3303,Yijie,,Yale – Institutional 1yr Stock Confidence,81.55,%,2012-04,Yale ICF – Stock Market Confidence Indices,% of institutional investors expecting market higher in 1yr
3304,Yijie,https://fred.stlouisfed.org/series/T5YIE,5yr Breakeven Inflation Rate,2.06,Percent (%),2012-05,Federal Reserve Bank of St. Louis,FRED series T5YIE
3305,Yijie,https://fred.stlouisfed.org/series/EXPINF10YR,Cleveland Fed – 10yr Inflation Expectations,1.5553438,Percent (%),2012-05,Federal Reserve Bank of Cleveland via FRED,FRED series EXPINF10YR
3306,Yijie,https://fred.stlouisfed.org/series/EXPINF1YR,Cleveland Fed – 1yr Inflation Expectations,1.5903147,Percent (%),2012-05,Federal Reserve Bank of Cleveland via FRED,FRED series EXPINF1YR
3307,Yijie,,Michigan ICS – Overall,79.3,Index Points,2012-05,Univ. of Michigan – Surveys of Consumers,
3308,Yijie,https://fred.stlouisfed.org/series/MICH,Michigan – 1yr Inflation Expectations,3.0,Percent (%),2012-05,University of Michigan – Surveys of Consumers,FRED series MICH
3309,Yijie,,OECD CCI – Amplitude Adjusted,98.8867,Normalised (avg=100),2012-05,OECD via FRED – CSCICP03USM665S,Above 100 = optimism; below 100 = pessimism
3310,Yijie,https://fred.stlouisfed.org/series/USACSCICP02STSAM,OECD CCI – Standardised,85.32233,Normalised (avg=100),2012-05,OECD via FRED,FRED series USACSCICP02STSAM
3311,Yijie,,Yale – Individual 1yr Stock Confidence,78.82,%,2012-05,Yale ICF – Stock Market Confidence Indices,% of individual investors expecting market higher in 1yr
3312,Yijie,,Yale – Institutional 1yr Stock Confidence,82.72,%,2012-05,Yale ICF – Stock Market Confidence Indices,% of institutional investors expecting market higher in 1yr
3313,Yijie,https://fred.stlouisfed.org/series/T5YIE,5yr Breakeven Inflation Rate,1.65,Percent (%),2012-06,Federal Reserve Bank of St. Louis,FRED series T5YIE
3314,Yijie,https://fred.stlouisfed.org/series/EXPINF10YR,Cleveland Fed – 10yr Inflation Expectations,1.4156358,Percent (%),2012-06,Federal Reserve Bank of Cleveland via FRED,FRED series EXPINF10YR
3315,Yijie,https://fred.stlouisfed.org/series/EXPINF1YR,Cleveland Fed – 1yr Inflation Expectations,0.78930567,Percent (%),2012-06,Federal Reserve Bank of Cleveland via FRED,FRED series EXPINF1YR
3316,Yijie,,Michigan ICS – Overall,73.2,Index Points,2012-06,Univ. of Michigan – Surveys of Consumers,
3317,Yijie,https://fred.stlouisfed.org/series/MICH,Michigan – 1yr Inflation Expectations,3.1,Percent (%),2012-06,University of Michigan – Surveys of Consumers,FRED series MICH
3318,Yijie,,OECD CCI – Amplitude Adjusted,98.68109,Normalised (avg=100),2012-06,OECD via FRED – CSCICP03USM665S,Above 100 = optimism; below 100 = pessimism
3319,Yijie,https://fred.stlouisfed.org/series/USACSCICP02STSAM,OECD CCI – Standardised,78.75908,Normalised (avg=100),2012-06,OECD via FRED,FRED series USACSCICP02STSAM
3320,Yijie,,Yale – Individual 1yr Stock Confidence,79.71,%,2012-06,Yale ICF – Stock Market Confidence Indices,% of individual investors expecting market higher in 1yr
3321,Yijie,,Yale – Institutional 1yr Stock Confidence,83.26,%,2012-06,Yale ICF – Stock Market Confidence Indices,% of institutional investors expecting market higher in 1yr
3322,Yijie,https://fred.stlouisfed.org/series/T5YIE,5yr Breakeven Inflation Rate,1.71,Percent (%),2012-07,Federal Reserve Bank of St. Louis,FRED series T5YIE
3323,Yijie,https://fred.stlouisfed.org/series/EXPINF10YR,Cleveland Fed – 10yr Inflation Expectations,1.4852789,Percent (%),2012-07,Federal Reserve Bank of Cleveland via FRED,FRED series EXPINF10YR
3324,Yijie,https://fred.stlouisfed.org/series/EXPINF1YR,Cleveland Fed – 1yr Inflation Expectations,1.2966497,Percent (%),2012-07,Federal Reserve Bank of Cleveland via FRED,FRED series EXPINF1YR
3325,Yijie,,Michigan ICS – Overall,72.3,Index Points,2012-07,Univ. of Michigan – Surveys of Consumers,
3326,Yijie,https://fred.stlouisfed.org/series/MICH,Michigan – 1yr Inflation Expectations,3.0,Percent (%),2012-07,University of Michigan – Surveys of Consumers,FRED series MICH
3327,Yijie,,OECD CCI – Amplitude Adjusted,98.60864,Normalised (avg=100),2012-07,OECD via FRED – CSCICP03USM665S,Above 100 = optimism; below 100 = pessimism
3328,Yijie,https://fred.stlouisfed.org/series/USACSCICP02STSAM,OECD CCI – Standardised,77.79073,Normalised (avg=100),2012-07,OECD via FRED,FRED series USACSCICP02STSAM
3329,Yijie,,Yale – Individual 1yr Stock Confidence,79.68,%,2012-07,Yale ICF – Stock Market Confidence Indices,% of individual investors expecting market higher in 1yr
3330,Yijie,,Yale – Institutional 1yr Stock Confidence,81.82,%,2012-07,Yale ICF – Stock Market Confidence Indices,% of institutional investors expecting market higher in 1yr
3331,Yijie,https://fred.stlouisfed.org/series/T5YIE,5yr Breakeven Inflation Rate,1.85,Percent (%),2012-08,Federal Reserve Bank of St. Louis,FRED series T5YIE
3332,Yijie,https://fred.stlouisfed.org/series/EXPINF10YR,Cleveland Fed – 10yr Inflation Expectations,1.480409,Percent (%),2012-08,Federal Reserve Bank of Cleveland via FRED,FRED series EXPINF10YR
3333,Yijie,https://fred.stlouisfed.org/series/EXPINF1YR,Cleveland Fed – 1yr Inflation Expectations,1.3700924,Percent (%),2012-08,Federal Reserve Bank of Cleveland via FRED,FRED series EXPINF1YR
3334,Yijie,,Michigan ICS – Overall,74.3,Index Points,2012-08,Univ. of Michigan – Surveys of Consumers,
3335,Yijie,https://fred.stlouisfed.org/series/MICH,Michigan – 1yr Inflation Expectations,3.6,Percent (%),2012-08,University of Michigan – Surveys of Consumers,FRED series MICH
3336,Yijie,,OECD CCI – Amplitude Adjusted,98.77948,Normalised (avg=100),2012-08,OECD via FRED – CSCICP03USM665S,Above 100 = optimism; below 100 = pessimism
3337,Yijie,https://fred.stlouisfed.org/series/USACSCICP02STSAM,OECD CCI – Standardised,79.94262,Normalised (avg=100),2012-08,OECD via FRED,FRED series USACSCICP02STSAM
3338,Yijie,,Yale – Individual 1yr Stock Confidence,78.53,%,2012-08,Yale ICF – Stock Market Confidence Indices,% of individual investors expecting market higher in 1yr
3339,Yijie,,Yale – Institutional 1yr Stock Confidence,82.38,%,2012-08,Yale ICF – Stock Market Confidence Indices,% of institutional investors expecting market higher in 1yr
3340,Yijie,https://fred.stlouisfed.org/series/T5YIE,5yr Breakeven Inflation Rate,1.97,Percent (%),2012-09,Federal Reserve Bank of St. Louis,FRED series T5YIE
3341,Yijie,https://fred.stlouisfed.org/series/EXPINF10YR,Cleveland Fed – 10yr Inflation Expectations,1.5292492,Percent (%),2012-09,Federal Reserve Bank of Cleveland via FRED,FRED series EXPINF10YR
3342,Yijie,https://fred.stlouisfed.org/series/EXPINF1YR,Cleveland Fed – 1yr Inflation Expectations,1.9315046,Percent (%),2012-09,Federal Reserve Bank of Cleveland via FRED,FRED series EXPINF1YR
3343,Yijie,,Michigan ICS – Overall,78.3,Index Points,2012-09,Univ. of Michigan – Surveys of Consumers,
3344,Yijie,https://fred.stlouisfed.org/series/MICH,Michigan – 1yr Inflation Expectations,3.3,Percent (%),2012-09,University of Michigan – Surveys of Consumers,FRED series MICH
3345,Yijie,,OECD CCI – Amplitude Adjusted,99.09757,Normalised (avg=100),2012-09,OECD via FRED – CSCICP03USM665S,Above 100 = optimism; below 100 = pessimism
3346,Yijie,https://fred.stlouisfed.org/series/USACSCICP02STSAM,OECD CCI – Standardised,84.24639,Normalised (avg=100),2012-09,OECD via FRED,FRED series USACSCICP02STSAM
3347,Yijie,,Yale – Individual 1yr Stock Confidence,79.88,%,2012-09,Yale ICF – Stock Market Confidence Indices,% of individual investors expecting market higher in 1yr
3348,Yijie,,Yale – Institutional 1yr Stock Confidence,82.26,%,2012-09,Yale ICF – Stock Market Confidence Indices,% of institutional investors expecting market higher in 1yr
3349,Yijie,https://fred.stlouisfed.org/series/T5YIE,5yr Breakeven Inflation Rate,2.11,Percent (%),2012-10,Federal Reserve Bank of St. Louis,FRED series T5YIE
3350,Yijie,https://fred.stlouisfed.org/series/EXPINF10YR,Cleveland Fed – 10yr Inflation Expectations,1.5026504,Percent (%),2012-10,Federal Reserve Bank of Cleveland via FRED,FRED series EXPINF10YR
3351,Yijie,https://fred.stlouisfed.org/series/EXPINF1YR,Cleveland Fed – 1yr Inflation Expectations,1.6131067,Percent (%),2012-10,Federal Reserve Bank of Cleveland via FRED,FRED series EXPINF1YR
3352,Yijie,,Michigan ICS – Overall,82.6,Index Points,2012-10,Univ. of Michigan – Surveys of Consumers,
3353,Yijie,https://fred.stlouisfed.org/series/MICH,Michigan – 1yr Inflation Expectations,3.1,Percent (%),2012-10,University of Michigan – Surveys of Consumers,FRED series MICH
3354,Yijie,,OECD CCI – Amplitude Adjusted,99.32568,Normalised (avg=100),2012-10,OECD via FRED – CSCICP03USM665S,Above 100 = optimism; below 100 = pessimism
3355,Yijie,https://fred.stlouisfed.org/series/USACSCICP02STSAM,OECD CCI – Standardised,88.87295,Normalised (avg=100),2012-10,OECD via FRED,FRED series USACSCICP02STSAM
3356,Yijie,,Yale – Individual 1yr Stock Confidence,78.29,%,2012-10,Yale ICF – Stock Market Confidence Indices,% of individual investors expecting market higher in 1yr
3357,Yijie,,Yale – Institutional 1yr Stock Confidence,79.44,%,2012-10,Yale ICF – Stock Market Confidence Indices,% of institutional investors expecting market higher in 1yr
3358,Yijie,https://fred.stlouisfed.org/series/T5YIE,5yr Breakeven Inflation Rate,2.13,Percent (%),2012-11,Federal Reserve Bank of St. Louis,FRED series T5YIE
3359,Yijie,https://fred.stlouisfed.org/series/EXPINF10YR,Cleveland Fed – 10yr Inflation Expectations,1.5179508,Percent (%),2012-11,Federal Reserve Bank of Cleveland via FRED,FRED series EXPINF10YR
3360,Yijie,https://fred.stlouisfed.org/series/EXPINF1YR,Cleveland Fed – 1yr Inflation Expectations,1.6632266,Percent (%),2012-11,Federal Reserve Bank of Cleveland via FRED,FRED series EXPINF1YR
3361,Yijie,,Michigan ICS – Overall,82.7,Index Points,2012-11,Univ. of Michigan – Surveys of Consumers,
3362,Yijie,https://fred.stlouisfed.org/series/MICH,Michigan – 1yr Inflation Expectations,3.1,Percent (%),2012-11,University of Michigan – Surveys of Consumers,FRED series MICH
3363,Yijie,,OECD CCI – Amplitude Adjusted,99.23881,Normalised (avg=100),2012-11,OECD via FRED – CSCICP03USM665S,Above 100 = optimism; below 100 = pessimism
3364,Yijie,https://fred.stlouisfed.org/series/USACSCICP02STSAM,OECD CCI – Standardised,88.98055,Normalised (avg=100),2012-11,OECD via FRED,FRED series USACSCICP02STSAM
3365,Yijie,,Yale – Individual 1yr Stock Confidence,76.82,%,2012-11,Yale ICF – Stock Market Confidence Indices,% of individual investors expecting market higher in 1yr
3366,Yijie,,Yale – Institutional 1yr Stock Confidence,76.22,%,2012-11,Yale ICF – Stock Market Confidence Indices,% of institutional investors expecting market higher in 1yr
3367,Yijie,https://fred.stlouisfed.org/series/T5YIE,5yr Breakeven Inflation Rate,2.04,Percent (%),2012-12,Federal Reserve Bank of St. Louis,FRED series T5YIE
3368,Yijie,https://fred.stlouisfed.org/series/EXPINF10YR,Cleveland Fed – 10yr Inflation Expectations,1.5262619,Percent (%),2012-12,Federal Reserve Bank of Cleveland via FRED,FRED series EXPINF10YR
3369,Yijie,https://fred.stlouisfed.org/series/EXPINF1YR,Cleveland Fed – 1yr Inflation Expectations,2.1029068,Percent (%),2012-12,Federal Reserve Bank of Cleveland via FRED,FRED series EXPINF1YR
3370,Yijie,,Michigan ICS – Overall,72.9,Index Points,2012-12,Univ. of Michigan – Surveys of Consumers,
3371,Yijie,https://fred.stlouisfed.org/series/MICH,Michigan – 1yr Inflation Expectations,3.2,Percent (%),2012-12,University of Michigan – Surveys of Consumers,FRED series MICH
3372,Yijie,,OECD CCI – Amplitude Adjusted,98.90295,Normalised (avg=100),2012-12,OECD via FRED – CSCICP03USM665S,Above 100 = optimism; below 100 = pessimism
3373,Yijie,https://fred.stlouisfed.org/series/USACSCICP02STSAM,OECD CCI – Standardised,78.43629,Normalised (avg=100),2012-12,OECD via FRED,FRED series USACSCICP02STSAM
3374,Yijie,,Yale – Individual 1yr Stock Confidence,75.15,%,2012-12,Yale ICF – Stock Market Confidence Indices,% of individual investors expecting market higher in 1yr
3375,Yijie,,Yale – Institutional 1yr Stock Confidence,75.0,%,2012-12,Yale ICF – Stock Market Confidence Indices,% of institutional investors expecting market higher in 1yr
3376,Yijie,https://fred.stlouisfed.org/series/T5YIE,5yr Breakeven Inflation Rate,2.12,Percent (%),2013-01,Federal Reserve Bank of St. Louis,FRED series T5YIE
3377,Yijie,https://fred.stlouisfed.org/series/EXPINF10YR,Cleveland Fed – 10yr Inflation Expectations,1.4890559,Percent (%),2013-01,Federal Reserve Bank of Cleveland via FRED,FRED series EXPINF10YR
3378,Yijie,https://fred.stlouisfed.org/series/EXPINF1YR,Cleveland Fed – 1yr Inflation Expectations,1.3155854,Percent (%),2013-01,Federal Reserve Bank of Cleveland via FRED,FRED series EXPINF1YR
3379,Yijie,,Michigan ICS – Overall,73.8,Index Points,2013-01,Univ. of Michigan – Surveys of Consumers,
3380,Yijie,https://fred.stlouisfed.org/series/MICH,Michigan – 1yr Inflation Expectations,3.3,Percent (%),2013-01,University of Michigan – Surveys of Consumers,FRED series MICH
3381,Yijie,,OECD CCI – Amplitude Adjusted,98.77381,Normalised (avg=100),2013-01,OECD via FRED – CSCICP03USM665S,Above 100 = optimism; below 100 = pessimism
3382,Yijie,https://fred.stlouisfed.org/series/USACSCICP02STSAM,OECD CCI – Standardised,79.40465,Normalised (avg=100),2013-01,OECD via FRED,FRED series USACSCICP02STSAM
3383,Yijie,,Yale – Individual 1yr Stock Confidence,70.59,%,2013-01,Yale ICF – Stock Market Confidence Indices,% of individual investors expecting market higher in 1yr
3384,Yijie,,Yale – Institutional 1yr Stock Confidence,77.11,%,2013-01,Yale ICF – Stock Market Confidence Indices,% of institutional investors expecting market higher in 1yr
3385,Yijie,https://fred.stlouisfed.org/series/T5YIE,5yr Breakeven Inflation Rate,2.34,Percent (%),2013-02,Federal Reserve Bank of St. Louis,FRED series T5YIE
3386,Yijie,https://fred.stlouisfed.org/series/EXPINF10YR,Cleveland Fed – 10yr Inflation Expectations,1.5381946,Percent (%),2013-02,Federal Reserve Bank of Cleveland via FRED,FRED series EXPINF10YR
3387,Yijie,https://fred.stlouisfed.org/series/EXPINF1YR,Cleveland Fed – 1yr Inflation Expectations,1.3608065,Percent (%),2013-02,Federal Reserve Bank of Cleveland via FRED,FRED series EXPINF1YR
3388,Yijie,,Michigan ICS – Overall,77.6,Index Points,2013-02,Univ. of Michigan – Surveys of Consumers,
3389,Yijie,https://fred.stlouisfed.org/series/MICH,Michigan – 1yr Inflation Expectations,3.3,Percent (%),2013-02,University of Michigan – Surveys of Consumers,FRED series MICH
3390,Yijie,,OECD CCI – Amplitude Adjusted,98.8774,Normalised (avg=100),2013-02,OECD via FRED – CSCICP03USM665S,Above 100 = optimism; below 100 = pessimism
3391,Yijie,https://fred.stlouisfed.org/series/USACSCICP02STSAM,OECD CCI – Standardised,83.49323,Normalised (avg=100),2013-02,OECD via FRED,FRED series USACSCICP02STSAM
3392,Yijie,,Yale – Individual 1yr Stock Confidence,70.95,%,2013-02,Yale ICF – Stock Market Confidence Indices,% of individual investors expecting market higher in 1yr
3393,Yijie,,Yale – Institutional 1yr Stock Confidence,74.19,%,2013-02,Yale ICF – Stock Market Confidence Indices,% of institutional investors expecting market higher in 1yr
3394,Yijie,https://fred.stlouisfed.org/series/T5YIE,5yr Breakeven Inflation Rate,2.2,Percent (%),2013-03,Federal Reserve Bank of St. Louis,FRED series T5YIE
3395,Yijie,https://fred.stlouisfed.org/series/EXPINF10YR,Cleveland Fed – 10yr Inflation Expectations,1.4118858,Percent (%),2013-03,Federal Reserve Bank of Cleveland via FRED,FRED series EXPINF10YR
3396,Yijie,https://fred.stlouisfed.org/series/EXPINF1YR,Cleveland Fed – 1yr Inflation Expectations,1.0049408,Percent (%),2013-03,Federal Reserve Bank of Cleveland via FRED,FRED series EXPINF1YR
3397,Yijie,,Michigan ICS – Overall,78.6,Index Points,2013-03,Univ. of Michigan – Surveys of Consumers,
3398,Yijie,https://fred.stlouisfed.org/series/MICH,Michigan – 1yr Inflation Expectations,3.2,Percent (%),2013-03,University of Michigan – Surveys of Consumers,FRED series MICH
3399,Yijie,,OECD CCI – Amplitude Adjusted,99.04517,Normalised (avg=100),2013-03,OECD via FRED – CSCICP03USM665S,Above 100 = optimism; below 100 = pessimism
3400,Yijie,https://fred.stlouisfed.org/series/USACSCICP02STSAM,OECD CCI – Standardised,84.56918,Normalised (avg=100),2013-03,OECD via FRED,FRED series USACSCICP02STSAM
3401,Yijie,,Yale – Individual 1yr Stock Confidence,71.02,%,2013-03,Yale ICF – Stock Market Confidence Indices,% of individual investors expecting market higher in 1yr
3402,Yijie,,Yale – Institutional 1yr Stock Confidence,74.03,%,2013-03,Yale ICF – Stock Market Confidence Indices,% of institutional investors expecting market higher in 1yr
3403,Yijie,https://fred.stlouisfed.org/series/T5YIE,5yr Breakeven Inflation Rate,2.23,Percent (%),2013-04,Federal Reserve Bank of St. Louis,FRED series T5YIE
3404,Yijie,https://fred.stlouisfed.org/series/EXPINF10YR,Cleveland Fed – 10yr Inflation Expectations,1.4618435,Percent (%),2013-04,Federal Reserve Bank of Cleveland via FRED,FRED series EXPINF10YR
3405,Yijie,https://fred.stlouisfed.org/series/EXPINF1YR,Cleveland Fed – 1yr Inflation Expectations,1.4563149,Percent (%),2013-04,Federal Reserve Bank of Cleveland via FRED,FRED series EXPINF1YR
3406,Yijie,,Michigan ICS – Overall,76.4,Index Points,2013-04,Univ. of Michigan – Surveys of Consumers,
3407,Yijie,https://fred.stlouisfed.org/series/MICH,Michigan – 1yr Inflation Expectations,3.1,Percent (%),2013-04,University of Michigan – Surveys of Consumers,FRED series MICH
3408,Yijie,,OECD CCI – Amplitude Adjusted,99.25853,Normalised (avg=100),2013-04,OECD via FRED – CSCICP03USM665S,Above 100 = optimism; below 100 = pessimism
3409,Yijie,https://fred.stlouisfed.org/series/USACSCICP02STSAM,OECD CCI – Standardised,82.2021,Normalised (avg=100),2013-04,OECD via FRED,FRED series USACSCICP02STSAM
3410,Yijie,,Yale – Individual 1yr Stock Confidence,71.79,%,2013-04,Yale ICF – Stock Market Confidence Indices,% of individual investors expecting market higher in 1yr
3411,Yijie,,Yale – Institutional 1yr Stock Confidence,75.37,%,2013-04,Yale ICF – Stock Market Confidence Indices,% of institutional investors expecting market higher in 1yr
3412,Yijie,https://fred.stlouisfed.org/series/T5YIE,5yr Breakeven Inflation Rate,1.98,Percent (%),2013-05,Federal Reserve Bank of St. Louis,FRED series T5YIE
3413,Yijie,https://fred.stlouisfed.org/series/EXPINF10YR,Cleveland Fed – 10yr Inflation Expectations,1.4138488,Percent (%),2013-05,Federal Reserve Bank of Cleveland via FRED,FRED series EXPINF10YR
3414,Yijie,https://fred.stlouisfed.org/series/EXPINF1YR,Cleveland Fed – 1yr Inflation Expectations,1.1780254,Percent (%),2013-05,Federal Reserve Bank of Cleveland via FRED,FRED series EXPINF1YR
3415,Yijie,,Michigan ICS – Overall,84.5,Index Points,2013-05,Univ. of Michigan – Surveys of Consumers,
3416,Yijie,https://fred.stlouisfed.org/series/MICH,Michigan – 1yr Inflation Expectations,3.1,Percent (%),2013-05,University of Michigan – Surveys of Consumers,FRED series MICH
3417,Yijie,,OECD CCI – Amplitude Adjusted,99.59885,Normalised (avg=100),2013-05,OECD via FRED – CSCICP03USM665S,Above 100 = optimism; below 100 = pessimism
3418,Yijie,https://fred.stlouisfed.org/series/USACSCICP02STSAM,OECD CCI – Standardised,90.91724,Normalised (avg=100),2013-05,OECD via FRED,FRED series USACSCICP02STSAM
3419,Yijie,,Yale – Individual 1yr Stock Confidence,68.67,%,2013-05,Yale ICF – Stock Market Confidence Indices,% of individual investors expecting market higher in 1yr
3420,Yijie,,Yale – Institutional 1yr Stock Confidence,77.14,%,2013-05,Yale ICF – Stock Market Confidence Indices,% of institutional investors expecting market higher in 1yr
3421,Yijie,https://fred.stlouisfed.org/series/T5YIE,5yr Breakeven Inflation Rate,1.89,Percent (%),2013-06,Federal Reserve Bank of St. Louis,FRED series T5YIE
3422,Yijie,https://fred.stlouisfed.org/series/EXPINF10YR,Cleveland Fed – 10yr Inflation Expectations,1.5503442,Percent (%),2013-06,Federal Reserve Bank of Cleveland via FRED,FRED series EXPINF10YR
3423,Yijie,https://fred.stlouisfed.org/series/EXPINF1YR,Cleveland Fed – 1yr Inflation Expectations,1.3532103,Percent (%),2013-06,Federal Reserve Bank of Cleveland via FRED,FRED series EXPINF1YR
3424,Yijie,,Michigan ICS – Overall,84.1,Index Points,2013-06,Univ. of Michigan – Surveys of Consumers,
3425,Yijie,https://fred.stlouisfed.org/series/MICH,Michigan – 1yr Inflation Expectations,3.0,Percent (%),2013-06,University of Michigan – Surveys of Consumers,FRED series MICH
3426,Yijie,,OECD CCI – Amplitude Adjusted,99.7748,Normalised (avg=100),2013-06,OECD via FRED – CSCICP03USM665S,Above 100 = optimism; below 100 = pessimism
3427,Yijie,https://fred.stlouisfed.org/series/USACSCICP02STSAM,OECD CCI – Standardised,90.48686,Normalised (avg=100),2013-06,OECD via FRED,FRED series USACSCICP02STSAM
3428,Yijie,,Yale – Individual 1yr Stock Confidence,71.51,%,2013-06,Yale ICF – Stock Market Confidence Indices,% of individual investors expecting market higher in 1yr
3429,Yijie,,Yale – Institutional 1yr Stock Confidence,76.42,%,2013-06,Yale ICF – Stock Market Confidence Indices,% of institutional investors expecting market higher in 1yr
3430,Yijie,https://fred.stlouisfed.org/series/T5YIE,5yr Breakeven Inflation Rate,1.8,Percent (%),2013-07,Federal Reserve Bank of St. Louis,FRED series T5YIE
3431,Yijie,https://fred.stlouisfed.org/series/EXPINF10YR,Cleveland Fed – 10yr Inflation Expectations,1.634568,Percent (%),2013-07,Federal Reserve Bank of Cleveland via FRED,FRED series EXPINF10YR
3432,Yijie,https://fred.stlouisfed.org/series/EXPINF1YR,Cleveland Fed – 1yr Inflation Expectations,1.0030329,Percent (%),2013-07,Federal Reserve Bank of Cleveland via FRED,FRED series EXPINF1YR
3433,Yijie,,Michigan ICS – Overall,85.1,Index Points,2013-07,Univ. of Michigan – Surveys of Consumers,
3434,Yijie,https://fred.stlouisfed.org/series/MICH,Michigan – 1yr Inflation Expectations,3.1,Percent (%),2013-07,University of Michigan – Surveys of Consumers,FRED series MICH
3435,Yijie,,OECD CCI – Amplitude Adjusted,99.73689,Normalised (avg=100),2013-07,OECD via FRED – CSCICP03USM665S,Above 100 = optimism; below 100 = pessimism
3436,Yijie,https://fred.stlouisfed.org/series/USACSCICP02STSAM,OECD CCI – Standardised,91.56281,Normalised (avg=100),2013-07,OECD via FRED,FRED series USACSCICP02STSAM
3437,Yijie,,Yale – Individual 1yr Stock Confidence,76.8,%,2013-07,Yale ICF – Stock Market Confidence Indices,% of individual investors expecting market higher in 1yr
3438,Yijie,,Yale – Institutional 1yr Stock Confidence,79.26,%,2013-07,Yale ICF – Stock Market Confidence Indices,% of institutional investors expecting market higher in 1yr
3439,Yijie,https://fred.stlouisfed.org/series/T5YIE,5yr Breakeven Inflation Rate,1.94,Percent (%),2013-08,Federal Reserve Bank of St. Louis,FRED series T5YIE
3440,Yijie,https://fred.stlouisfed.org/series/EXPINF10YR,Cleveland Fed – 10yr Inflation Expectations,1.7580797,Percent (%),2013-08,Federal Reserve Bank of Cleveland via FRED,FRED series EXPINF10YR
3441,Yijie,https://fred.stlouisfed.org/series/EXPINF1YR,Cleveland Fed – 1yr Inflation Expectations,1.797427,Percent (%),2013-08,Federal Reserve Bank of Cleveland via FRED,FRED series EXPINF1YR
3442,Yijie,,Michigan ICS – Overall,82.1,Index Points,2013-08,Univ. of Michigan – Surveys of Consumers,
3443,Yijie,https://fred.stlouisfed.org/series/MICH,Michigan – 1yr Inflation Expectations,3.0,Percent (%),2013-08,University of Michigan – Surveys of Consumers,FRED series MICH
3444,Yijie,,OECD CCI – Amplitude Adjusted,99.45435,Normalised (avg=100),2013-08,OECD via FRED – CSCICP03USM665S,Above 100 = optimism; below 100 = pessimism
3445,Yijie,https://fred.stlouisfed.org/series/USACSCICP02STSAM,OECD CCI – Standardised,88.33498,Normalised (avg=100),2013-08,OECD via FRED,FRED series USACSCICP02STSAM
3446,Yijie,,Yale – Individual 1yr Stock Confidence,75.58,%,2013-08,Yale ICF – Stock Market Confidence Indices,% of individual investors expecting market higher in 1yr
3447,Yijie,,Yale – Institutional 1yr Stock Confidence,79.71,%,2013-08,Yale ICF – Stock Market Confidence Indices,% of institutional investors expecting market higher in 1yr
3448,Yijie,https://fred.stlouisfed.org/series/T5YIE,5yr Breakeven Inflation Rate,1.76,Percent (%),2013-09,Federal Reserve Bank of St. Louis,FRED series T5YIE
3449,Yijie,https://fred.stlouisfed.org/series/EXPINF10YR,Cleveland Fed – 10yr Inflation Expectations,1.8688006,Percent (%),2013-09,Federal Reserve Bank of Cleveland via FRED,FRED series EXPINF10YR
3450,Yijie,https://fred.stlouisfed.org/series/EXPINF1YR,Cleveland Fed – 1yr Inflation Expectations,2.202423,Percent (%),2013-09,Federal Reserve Bank of Cleveland via FRED,FRED series EXPINF1YR
3451,Yijie,,Michigan ICS – Overall,77.5,Index Points,2013-09,Univ. of Michigan – Surveys of Consumers,
3452,Yijie,https://fred.stlouisfed.org/series/MICH,Michigan – 1yr Inflation Expectations,3.3,Percent (%),2013-09,University of Michigan – Surveys of Consumers,FRED series MICH
3453,Yijie,,OECD CCI – Amplitude Adjusted,99.07097,Normalised (avg=100),2013-09,OECD via FRED – CSCICP03USM665S,Above 100 = optimism; below 100 = pessimism
3454,Yijie,https://fred.stlouisfed.org/series/USACSCICP02STSAM,OECD CCI – Standardised,83.38564,Normalised (avg=100),2013-09,OECD via FRED,FRED series USACSCICP02STSAM
3455,Yijie,,Yale – Individual 1yr Stock Confidence,72.16,%,2013-09,Yale ICF – Stock Market Confidence Indices,% of individual investors expecting market higher in 1yr
3456,Yijie,,Yale – Institutional 1yr Stock Confidence,78.01,%,2013-09,Yale ICF – Stock Market Confidence Indices,% of institutional investors expecting market higher in 1yr
3457,Yijie,https://fred.stlouisfed.org/series/T5YIE,5yr Breakeven Inflation Rate,1.77,Percent (%),2013-10,Federal Reserve Bank of St. Louis,FRED series T5YIE
3458,Yijie,https://fred.stlouisfed.org/series/EXPINF10YR,Cleveland Fed – 10yr Inflation Expectations,1.7246934,Percent (%),2013-10,Federal Reserve Bank of Cleveland via FRED,FRED series EXPINF10YR
3459,Yijie,https://fred.stlouisfed.org/series/EXPINF1YR,Cleveland Fed – 1yr Inflation Expectations,1.5555239,Percent (%),2013-10,Federal Reserve Bank of Cleveland via FRED,FRED series EXPINF1YR
3460,Yijie,,Michigan ICS – Overall,73.2,Index Points,2013-10,Univ. of Michigan – Surveys of Consumers,
3461,Yijie,https://fred.stlouisfed.org/series/MICH,Michigan – 1yr Inflation Expectations,3.0,Percent (%),2013-10,University of Michigan – Surveys of Consumers,FRED series MICH
3462,Yijie,,OECD CCI – Amplitude Adjusted,98.83395,Normalised (avg=100),2013-10,OECD via FRED – CSCICP03USM665S,Above 100 = optimism; below 100 = pessimism
3463,Yijie,https://fred.stlouisfed.org/series/USACSCICP02STSAM,OECD CCI – Standardised,78.75908,Normalised (avg=100),2013-10,OECD via FRED,FRED series USACSCICP02STSAM
3464,Yijie,,Yale – Individual 1yr Stock Confidence,72.68,%,2013-10,Yale ICF – Stock Market Confidence Indices,% of individual investors expecting market higher in 1yr
3465,Yijie,,Yale – Institutional 1yr Stock Confidence,76.43,%,2013-10,Yale ICF – Stock Market Confidence Indices,% of institutional investors expecting market higher in 1yr
3466,Yijie,https://fred.stlouisfed.org/series/T5YIE,5yr Breakeven Inflation Rate,1.7,Percent (%),2013-11,Federal Reserve Bank of St. Louis,FRED series T5YIE
3467,Yijie,https://fred.stlouisfed.org/series/EXPINF10YR,Cleveland Fed – 10yr Inflation Expectations,1.7163045,Percent (%),2013-11,Federal Reserve Bank of Cleveland via FRED,FRED series EXPINF10YR
3468,Yijie,https://fred.stlouisfed.org/series/EXPINF1YR,Cleveland Fed – 1yr Inflation Expectations,1.4505754,Percent (%),2013-11,Federal Reserve Bank of Cleveland via FRED,FRED series EXPINF1YR
3469,Yijie,,Michigan ICS – Overall,75.1,Index Points,2013-11,Univ. of Michigan – Surveys of Consumers,
3470,Yijie,https://fred.stlouisfed.org/series/MICH,Michigan – 1yr Inflation Expectations,2.9,Percent (%),2013-11,University of Michigan – Surveys of Consumers,FRED series MICH
3471,Yijie,,OECD CCI – Amplitude Adjusted,98.93504,Normalised (avg=100),2013-11,OECD via FRED – CSCICP03USM665S,Above 100 = optimism; below 100 = pessimism
3472,Yijie,https://fred.stlouisfed.org/series/USACSCICP02STSAM,OECD CCI – Standardised,80.80337,Normalised (avg=100),2013-11,OECD via FRED,FRED series USACSCICP02STSAM
3473,Yijie,,Yale – Individual 1yr Stock Confidence,74.5,%,2013-11,Yale ICF – Stock Market Confidence Indices,% of individual investors expecting market higher in 1yr
3474,Yijie,,Yale – Institutional 1yr Stock Confidence,77.42,%,2013-11,Yale ICF – Stock Market Confidence Indices,% of institutional investors expecting market higher in 1yr
3475,Yijie,https://fred.stlouisfed.org/series/T5YIE,5yr Breakeven Inflation Rate,1.7,Percent (%),2013-12,Federal Reserve Bank of St. Louis,FRED series T5YIE
3476,Yijie,https://fred.stlouisfed.org/series/EXPINF10YR,Cleveland Fed – 10yr Inflation Expectations,1.7851389,Percent (%),2013-12,Federal Reserve Bank of Cleveland via FRED,FRED series EXPINF10YR
3477,Yijie,https://fred.stlouisfed.org/series/EXPINF1YR,Cleveland Fed – 1yr Inflation Expectations,1.9240314,Percent (%),2013-12,Federal Reserve Bank of Cleveland via FRED,FRED series EXPINF1YR
3478,Yijie,,Michigan ICS – Overall,82.5,Index Points,2013-12,Univ. of Michigan – Surveys of Consumers,
3479,Yijie,https://fred.stlouisfed.org/series/MICH,Michigan – 1yr Inflation Expectations,3.0,Percent (%),2013-12,University of Michigan – Surveys of Consumers,FRED series MICH
3480,Yijie,,OECD CCI – Amplitude Adjusted,99.24061,Normalised (avg=100),2013-12,OECD via FRED – CSCICP03USM665S,Above 100 = optimism; below 100 = pessimism
3481,Yijie,https://fred.stlouisfed.org/series/USACSCICP02STSAM,OECD CCI – Standardised,88.76536,Normalised (avg=100),2013-12,OECD via FRED,FRED series USACSCICP02STSAM
3482,Yijie,,Yale – Individual 1yr Stock Confidence,73.45,%,2013-12,Yale ICF – Stock Market Confidence Indices,% of individual investors expecting market higher in 1yr
3483,Yijie,,Yale – Institutional 1yr Stock Confidence,77.91,%,2013-12,Yale ICF – Stock Market Confidence Indices,% of institutional investors expecting market higher in 1yr
3484,Yijie,https://fred.stlouisfed.org/series/T5YIE,5yr Breakeven Inflation Rate,1.71,Percent (%),2014-01,Federal Reserve Bank of St. Louis,FRED series T5YIE
3485,Yijie,https://fred.stlouisfed.org/series/EXPINF10YR,Cleveland Fed – 10yr Inflation Expectations,1.8490071,Percent (%),2014-01,Federal Reserve Bank of Cleveland via FRED,FRED series EXPINF10YR
3486,Yijie,https://fred.stlouisfed.org/series/EXPINF1YR,Cleveland Fed – 1yr Inflation Expectations,1.6382453,Percent (%),2014-01,Federal Reserve Bank of Cleveland via FRED,FRED series EXPINF1YR
3487,Yijie,,Michigan ICS – Overall,81.2,Index Points,2014-01,Univ. of Michigan – Surveys of Consumers,
3488,Yijie,https://fred.stlouisfed.org/series/MICH,Michigan – 1yr Inflation Expectations,3.1,Percent (%),2014-01,University of Michigan – Surveys of Consumers,FRED series MICH
3489,Yijie,,OECD CCI – Amplitude Adjusted,99.41454,Normalised (avg=100),2014-01,OECD via FRED – CSCICP03USM665S,Above 100 = optimism; below 100 = pessimism
3490,Yijie,https://fred.stlouisfed.org/series/USACSCICP02STSAM,OECD CCI – Standardised,87.36663,Normalised (avg=100),2014-01,OECD via FRED,FRED series USACSCICP02STSAM
3491,Yijie,,Yale – Individual 1yr Stock Confidence,68.68,%,2014-01,Yale ICF – Stock Market Confidence Indices,% of individual investors expecting market higher in 1yr
3492,Yijie,,Yale – Institutional 1yr Stock Confidence,75.17,%,2014-01,Yale ICF – Stock Market Confidence Indices,% of institutional investors expecting market higher in 1yr
3493,Yijie,https://fred.stlouisfed.org/series/T5YIE,5yr Breakeven Inflation Rate,1.7,Percent (%),2014-02,Federal Reserve Bank of St. Louis,FRED series T5YIE
3494,Yijie,https://fred.stlouisfed.org/series/EXPINF10YR,Cleveland Fed – 10yr Inflation Expectations,1.7690838,Percent (%),2014-02,Federal Reserve Bank of Cleveland via FRED,FRED series EXPINF10YR
3495,Yijie,https://fred.stlouisfed.org/series/EXPINF1YR,Cleveland Fed – 1yr Inflation Expectations,1.5858281,Percent (%),2014-02,Federal Reserve Bank of Cleveland via FRED,FRED series EXPINF1YR
3496,Yijie,,Michigan ICS – Overall,81.6,Index Points,2014-02,Univ. of Michigan – Surveys of Consumers,
3497,Yijie,https://fred.stlouisfed.org/series/MICH,Michigan – 1yr Inflation Expectations,3.2,Percent (%),2014-02,University of Michigan – Surveys of Consumers,FRED series MICH
3498,Yijie,,OECD CCI – Amplitude Adjusted,99.48507,Normalised (avg=100),2014-02,OECD via FRED – CSCICP03USM665S,Above 100 = optimism; below 100 = pessimism
3499,Yijie,https://fred.stlouisfed.org/series/USACSCICP02STSAM,OECD CCI – Standardised,87.797,Normalised (avg=100),2014-02,OECD via FRED,FRED series USACSCICP02STSAM
3500,Yijie,,Yale – Individual 1yr Stock Confidence,69.18,%,2014-02,Yale ICF – Stock Market Confidence Indices,% of individual investors expecting market higher in 1yr
3501,Yijie,,Yale – Institutional 1yr Stock Confidence,77.17,%,2014-02,Yale ICF – Stock Market Confidence Indices,% of institutional investors expecting market higher in 1yr
3502,Yijie,https://fred.stlouisfed.org/series/T5YIE,5yr Breakeven Inflation Rate,1.78,Percent (%),2014-03,Federal Reserve Bank of St. Louis,FRED series T5YIE
3503,Yijie,https://fred.stlouisfed.org/series/EXPINF10YR,Cleveland Fed – 10yr Inflation Expectations,1.7451938,Percent (%),2014-03,Federal Reserve Bank of Cleveland via FRED,FRED series EXPINF10YR
3504,Yijie,https://fred.stlouisfed.org/series/EXPINF1YR,Cleveland Fed – 1yr Inflation Expectations,1.2194617,Percent (%),2014-03,Federal Reserve Bank of Cleveland via FRED,FRED series EXPINF1YR
3505,Yijie,,Michigan ICS – Overall,80.0,Index Points,2014-03,Univ. of Michigan – Surveys of Consumers,
3506,Yijie,https://fred.stlouisfed.org/series/MICH,Michigan – 1yr Inflation Expectations,3.2,Percent (%),2014-03,University of Michigan – Surveys of Consumers,FRED series MICH
3507,Yijie,,OECD CCI – Amplitude Adjusted,99.51752,Normalised (avg=100),2014-03,OECD via FRED – CSCICP03USM665S,Above 100 = optimism; below 100 = pessimism
3508,Yijie,https://fred.stlouisfed.org/series/USACSCICP02STSAM,OECD CCI – Standardised,86.07549,Normalised (avg=100),2014-03,OECD via FRED,FRED series USACSCICP02STSAM
3509,Yijie,,Yale – Individual 1yr Stock Confidence,74.33,%,2014-03,Yale ICF – Stock Market Confidence Indices,% of individual investors expecting market higher in 1yr
3510,Yijie,,Yale – Institutional 1yr Stock Confidence,81.76,%,2014-03,Yale ICF – Stock Market Confidence Indices,% of institutional investors expecting market higher in 1yr
3511,Yijie,https://fred.stlouisfed.org/series/T5YIE,5yr Breakeven Inflation Rate,1.71,Percent (%),2014-04,Federal Reserve Bank of St. Louis,FRED series T5YIE
3512,Yijie,https://fred.stlouisfed.org/series/EXPINF10YR,Cleveland Fed – 10yr Inflation Expectations,1.87485,Percent (%),2014-04,Federal Reserve Bank of Cleveland via FRED,FRED series EXPINF10YR
3513,Yijie,https://fred.stlouisfed.org/series/EXPINF1YR,Cleveland Fed – 1yr Inflation Expectations,1.653011,Percent (%),2014-04,Federal Reserve Bank of Cleveland via FRED,FRED series EXPINF1YR
3514,Yijie,,Michigan ICS – Overall,84.1,Index Points,2014-04,Univ. of Michigan – Surveys of Consumers,
3515,Yijie,https://fred.stlouisfed.org/series/MICH,Michigan – 1yr Inflation Expectations,3.2,Percent (%),2014-04,University of Michigan – Surveys of Consumers,FRED series MICH
3516,Yijie,,OECD CCI – Amplitude Adjusted,99.591,Normalised (avg=100),2014-04,OECD via FRED – CSCICP03USM665S,Above 100 = optimism; below 100 = pessimism
3517,Yijie,https://fred.stlouisfed.org/series/USACSCICP02STSAM,OECD CCI – Standardised,90.48686,Normalised (avg=100),2014-04,OECD via FRED,FRED series USACSCICP02STSAM
3518,Yijie,,Yale – Individual 1yr Stock Confidence,75.69,%,2014-04,Yale ICF – Stock Market Confidence Indices,% of individual investors expecting market higher in 1yr
3519,Yijie,,Yale – Institutional 1yr Stock Confidence,87.5,%,2014-04,Yale ICF – Stock Market Confidence Indices,% of institutional investors expecting market higher in 1yr
3520,Yijie,https://fred.stlouisfed.org/series/T5YIE,5yr Breakeven Inflation Rate,1.96,Percent (%),2014-05,Federal Reserve Bank of St. Louis,FRED series T5YIE
3521,Yijie,https://fred.stlouisfed.org/series/EXPINF10YR,Cleveland Fed – 10yr Inflation Expectations,1.8687902,Percent (%),2014-05,Federal Reserve Bank of Cleveland via FRED,FRED series EXPINF10YR
3522,Yijie,https://fred.stlouisfed.org/series/EXPINF1YR,Cleveland Fed – 1yr Inflation Expectations,1.76839,Percent (%),2014-05,Federal Reserve Bank of Cleveland via FRED,FRED series EXPINF1YR
3523,Yijie,,Michigan ICS – Overall,81.9,Index Points,2014-05,Univ. of Michigan – Surveys of Consumers,
3524,Yijie,https://fred.stlouisfed.org/series/MICH,Michigan – 1yr Inflation Expectations,3.3,Percent (%),2014-05,University of Michigan – Surveys of Consumers,FRED series MICH
3525,Yijie,,OECD CCI – Amplitude Adjusted,99.5773,Normalised (avg=100),2014-05,OECD via FRED – CSCICP03USM665S,Above 100 = optimism; below 100 = pessimism
3526,Yijie,https://fred.stlouisfed.org/series/USACSCICP02STSAM,OECD CCI – Standardised,88.11979,Normalised (avg=100),2014-05,OECD via FRED,FRED series USACSCICP02STSAM
3527,Yijie,,Yale – Individual 1yr Stock Confidence,74.57,%,2014-05,Yale ICF – Stock Market Confidence Indices,% of individual investors expecting market higher in 1yr
3528,Yijie,,Yale – Institutional 1yr Stock Confidence,88.96,%,2014-05,Yale ICF – Stock Market Confidence Indices,% of institutional investors expecting market higher in 1yr
3529,Yijie,https://fred.stlouisfed.org/series/T5YIE,5yr Breakeven Inflation Rate,1.93,Percent (%),2014-06,Federal Reserve Bank of St. Louis,FRED series T5YIE
3530,Yijie,https://fred.stlouisfed.org/series/EXPINF10YR,Cleveland Fed – 10yr Inflation Expectations,1.8300901,Percent (%),2014-06,Federal Reserve Bank of Cleveland via FRED,FRED series EXPINF10YR
3531,Yijie,https://fred.stlouisfed.org/series/EXPINF1YR,Cleveland Fed – 1yr Inflation Expectations,1.5265458,Percent (%),2014-06,Federal Reserve Bank of Cleveland via FRED,FRED series EXPINF1YR
3532,Yijie,,Michigan ICS – Overall,82.5,Index Points,2014-06,Univ. of Michigan – Surveys of Consumers,
3533,Yijie,https://fred.stlouisfed.org/series/MICH,Michigan – 1yr Inflation Expectations,3.1,Percent (%),2014-06,University of Michigan – Surveys of Consumers,FRED series MICH
3534,Yijie,,OECD CCI – Amplitude Adjusted,99.55072,Normalised (avg=100),2014-06,OECD via FRED – CSCICP03USM665S,Above 100 = optimism; below 100 = pessimism
3535,Yijie,https://fred.stlouisfed.org/series/USACSCICP02STSAM,OECD CCI – Standardised,88.76536,Normalised (avg=100),2014-06,OECD via FRED,FRED series USACSCICP02STSAM
3536,Yijie,,Yale – Individual 1yr Stock Confidence,71.35,%,2014-06,Yale ICF – Stock Market Confidence Indices,% of individual investors expecting market higher in 1yr
3537,Yijie,,Yale – Institutional 1yr Stock Confidence,90.32,%,2014-06,Yale ICF – Stock Market Confidence Indices,% of institutional investors expecting market higher in 1yr
3538,Yijie,https://fred.stlouisfed.org/series/T5YIE,5yr Breakeven Inflation Rate,2.0,Percent (%),2014-07,Federal Reserve Bank of St. Louis,FRED series T5YIE
3539,Yijie,https://fred.stlouisfed.org/series/EXPINF10YR,Cleveland Fed – 10yr Inflation Expectations,1.8823807,Percent (%),2014-07,Federal Reserve Bank of Cleveland via FRED,FRED series EXPINF10YR
3540,Yijie,https://fred.stlouisfed.org/series/EXPINF1YR,Cleveland Fed – 1yr Inflation Expectations,1.8594911,Percent (%),2014-07,Federal Reserve Bank of Cleveland via FRED,FRED series EXPINF1YR
3541,Yijie,,Michigan ICS – Overall,81.8,Index Points,2014-07,Univ. of Michigan – Surveys of Consumers,
3542,Yijie,https://fred.stlouisfed.org/series/MICH,Michigan – 1yr Inflation Expectations,3.3,Percent (%),2014-07,University of Michigan – Surveys of Consumers,FRED series MICH
3543,Yijie,,OECD CCI – Amplitude Adjusted,99.54248,Normalised (avg=100),2014-07,OECD via FRED – CSCICP03USM665S,Above 100 = optimism; below 100 = pessimism
3544,Yijie,https://fred.stlouisfed.org/series/USACSCICP02STSAM,OECD CCI – Standardised,88.01219,Normalised (avg=100),2014-07,OECD via FRED,FRED series USACSCICP02STSAM
3545,Yijie,,Yale – Individual 1yr Stock Confidence,71.18,%,2014-07,Yale ICF – Stock Market Confidence Indices,% of individual investors expecting market higher in 1yr
3546,Yijie,,Yale – Institutional 1yr Stock Confidence,85.99,%,2014-07,Yale ICF – Stock Market Confidence Indices,% of institutional investors expecting market higher in 1yr
3547,Yijie,https://fred.stlouisfed.org/series/T5YIE,5yr Breakeven Inflation Rate,1.92,Percent (%),2014-08,Federal Reserve Bank of St. Louis,FRED series T5YIE
3548,Yijie,https://fred.stlouisfed.org/series/EXPINF10YR,Cleveland Fed – 10yr Inflation Expectations,1.8790741,Percent (%),2014-08,Federal Reserve Bank of Cleveland via FRED,FRED series EXPINF10YR
3549,Yijie,https://fred.stlouisfed.org/series/EXPINF1YR,Cleveland Fed – 1yr Inflation Expectations,1.8065541,Percent (%),2014-08,Federal Reserve Bank of Cleveland via FRED,FRED series EXPINF1YR
3550,Yijie,,Michigan ICS – Overall,82.5,Index Points,2014-08,Univ. of Michigan – Surveys of Consumers,
3551,Yijie,https://fred.stlouisfed.org/series/MICH,Michigan – 1yr Inflation Expectations,3.2,Percent (%),2014-08,University of Michigan – Surveys of Consumers,FRED series MICH
3552,Yijie,,OECD CCI – Amplitude Adjusted,99.63799,Normalised (avg=100),2014-08,OECD via FRED – CSCICP03USM665S,Above 100 = optimism; below 100 = pessimism
3553,Yijie,https://fred.stlouisfed.org/series/USACSCICP02STSAM,OECD CCI – Standardised,88.76536,Normalised (avg=100),2014-08,OECD via FRED,FRED series USACSCICP02STSAM
3554,Yijie,,Yale – Individual 1yr Stock Confidence,70.49,%,2014-08,Yale ICF – Stock Market Confidence Indices,% of individual investors expecting market higher in 1yr
3555,Yijie,,Yale – Institutional 1yr Stock Confidence,81.87,%,2014-08,Yale ICF – Stock Market Confidence Indices,% of institutional investors expecting market higher in 1yr
3556,Yijie,https://fred.stlouisfed.org/series/T5YIE,5yr Breakeven Inflation Rate,1.76,Percent (%),2014-09,Federal Reserve Bank of St. Louis,FRED series T5YIE
3557,Yijie,https://fred.stlouisfed.org/series/EXPINF10YR,Cleveland Fed – 10yr Inflation Expectations,1.9131183,Percent (%),2014-09,Federal Reserve Bank of Cleveland via FRED,FRED series EXPINF10YR
3558,Yijie,https://fred.stlouisfed.org/series/EXPINF1YR,Cleveland Fed – 1yr Inflation Expectations,2.1150395,Percent (%),2014-09,Federal Reserve Bank of Cleveland via FRED,FRED series EXPINF1YR
3559,Yijie,,Michigan ICS – Overall,84.6,Index Points,2014-09,Univ. of Michigan – Surveys of Consumers,
3560,Yijie,https://fred.stlouisfed.org/series/MICH,Michigan – 1yr Inflation Expectations,3.0,Percent (%),2014-09,University of Michigan – Surveys of Consumers,FRED series MICH
3561,Yijie,,OECD CCI – Amplitude Adjusted,99.84365,Normalised (avg=100),2014-09,OECD via FRED – CSCICP03USM665S,Above 100 = optimism; below 100 = pessimism
3562,Yijie,https://fred.stlouisfed.org/series/USACSCICP02STSAM,OECD CCI – Standardised,91.02483,Normalised (avg=100),2014-09,OECD via FRED,FRED series USACSCICP02STSAM
3563,Yijie,,Yale – Individual 1yr Stock Confidence,64.97,%,2014-09,Yale ICF – Stock Market Confidence Indices,% of individual investors expecting market higher in 1yr
3564,Yijie,,Yale – Institutional 1yr Stock Confidence,82.17,%,2014-09,Yale ICF – Stock Market Confidence Indices,% of institutional investors expecting market higher in 1yr
3565,Yijie,https://fred.stlouisfed.org/series/T5YIE,5yr Breakeven Inflation Rate,1.6,Percent (%),2014-10,Federal Reserve Bank of St. Louis,FRED series T5YIE
3566,Yijie,https://fred.stlouisfed.org/series/EXPINF10YR,Cleveland Fed – 10yr Inflation Expectations,1.8727096,Percent (%),2014-10,Federal Reserve Bank of Cleveland via FRED,FRED series EXPINF10YR
3567,Yijie,https://fred.stlouisfed.org/series/EXPINF1YR,Cleveland Fed – 1yr Inflation Expectations,1.6022445,Percent (%),2014-10,Federal Reserve Bank of Cleveland via FRED,FRED series EXPINF1YR
3568,Yijie,,Michigan ICS – Overall,86.9,Index Points,2014-10,Univ. of Michigan – Surveys of Consumers,
3569,Yijie,https://fred.stlouisfed.org/series/MICH,Michigan – 1yr Inflation Expectations,2.9,Percent (%),2014-10,University of Michigan – Surveys of Consumers,FRED series MICH
3570,Yijie,,OECD CCI – Amplitude Adjusted,100.1328,Normalised (avg=100),2014-10,OECD via FRED – CSCICP03USM665S,Above 100 = optimism; below 100 = pessimism
3571,Yijie,https://fred.stlouisfed.org/series/USACSCICP02STSAM,OECD CCI – Standardised,93.4995,Normalised (avg=100),2014-10,OECD via FRED,FRED series USACSCICP02STSAM
3572,Yijie,,Yale – Individual 1yr Stock Confidence,61.48,%,2014-10,Yale ICF – Stock Market Confidence Indices,% of individual investors expecting market higher in 1yr
3573,Yijie,,Yale – Institutional 1yr Stock Confidence,77.87,%,2014-10,Yale ICF – Stock Market Confidence Indices,% of institutional investors expecting market higher in 1yr
3574,Yijie,https://fred.stlouisfed.org/series/T5YIE,5yr Breakeven Inflation Rate,1.55,Percent (%),2014-11,Federal Reserve Bank of St. Louis,FRED series T5YIE
3575,Yijie,https://fred.stlouisfed.org/series/EXPINF10YR,Cleveland Fed – 10yr Inflation Expectations,1.8157437,Percent (%),2014-11,Federal Reserve Bank of Cleveland via FRED,FRED series EXPINF10YR
3576,Yijie,https://fred.stlouisfed.org/series/EXPINF1YR,Cleveland Fed – 1yr Inflation Expectations,1.321155,Percent (%),2014-11,Federal Reserve Bank of Cleveland via FRED,FRED series EXPINF1YR
3577,Yijie,,Michigan ICS – Overall,88.8,Index Points,2014-11,Univ. of Michigan – Surveys of Consumers,
3578,Yijie,https://fred.stlouisfed.org/series/MICH,Michigan – 1yr Inflation Expectations,2.8,Percent (%),2014-11,University of Michigan – Surveys of Consumers,FRED series MICH
3579,Yijie,,OECD CCI – Amplitude Adjusted,100.4875,Normalised (avg=100),2014-11,OECD via FRED – CSCICP03USM665S,Above 100 = optimism; below 100 = pessimism
3580,Yijie,https://fred.stlouisfed.org/series/USACSCICP02STSAM,OECD CCI – Standardised,95.5438,Normalised (avg=100),2014-11,OECD via FRED,FRED series USACSCICP02STSAM
3581,Yijie,,Yale – Individual 1yr Stock Confidence,63.4,%,2014-11,Yale ICF – Stock Market Confidence Indices,% of individual investors expecting market higher in 1yr
3582,Yijie,,Yale – Institutional 1yr Stock Confidence,71.43,%,2014-11,Yale ICF – Stock Market Confidence Indices,% of institutional investors expecting market higher in 1yr
3583,Yijie,https://fred.stlouisfed.org/series/T5YIE,5yr Breakeven Inflation Rate,1.39,Percent (%),2014-12,Federal Reserve Bank of St. Louis,FRED series T5YIE
3584,Yijie,https://fred.stlouisfed.org/series/EXPINF10YR,Cleveland Fed – 10yr Inflation Expectations,1.8521375,Percent (%),2014-12,Federal Reserve Bank of Cleveland via FRED,FRED series EXPINF10YR
3585,Yijie,https://fred.stlouisfed.org/series/EXPINF1YR,Cleveland Fed – 1yr Inflation Expectations,2.1860996,Percent (%),2014-12,Federal Reserve Bank of Cleveland via FRED,FRED series EXPINF1YR
3586,Yijie,,Michigan ICS – Overall,93.6,Index Points,2014-12,Univ. of Michigan – Surveys of Consumers,
3587,Yijie,https://fred.stlouisfed.org/series/MICH,Michigan – 1yr Inflation Expectations,2.8,Percent (%),2014-12,University of Michigan – Surveys of Consumers,FRED series MICH
3588,Yijie,,OECD CCI – Amplitude Adjusted,100.8809,Normalised (avg=100),2014-12,OECD via FRED – CSCICP03USM665S,Above 100 = optimism; below 100 = pessimism
3589,Yijie,https://fred.stlouisfed.org/series/USACSCICP02STSAM,OECD CCI – Standardised,100.7083,Normalised (avg=100),2014-12,OECD via FRED,FRED series USACSCICP02STSAM
3590,Yijie,,Yale – Individual 1yr Stock Confidence,67.31,%,2014-12,Yale ICF – Stock Market Confidence Indices,% of individual investors expecting market higher in 1yr
3591,Yijie,,Yale – Institutional 1yr Stock Confidence,69.12,%,2014-12,Yale ICF – Stock Market Confidence Indices,% of institutional investors expecting market higher in 1yr
3592,Yijie,https://fred.stlouisfed.org/series/T5YIE,5yr Breakeven Inflation Rate,1.3,Percent (%),2015-01,Federal Reserve Bank of St. Louis,FRED series T5YIE
3593,Yijie,https://fred.stlouisfed.org/series/EXPINF10YR,Cleveland Fed – 10yr Inflation Expectations,1.6943704,Percent (%),2015-01,Federal Reserve Bank of Cleveland via FRED,FRED series EXPINF10YR
3594,Yijie,https://fred.stlouisfed.org/series/EXPINF1YR,Cleveland Fed – 1yr Inflation Expectations,0.91604112,Percent (%),2015-01,Federal Reserve Bank of Cleveland via FRED,FRED series EXPINF1YR
3595,Yijie,,Michigan ICS – Overall,98.1,Index Points,2015-01,Univ. of Michigan – Surveys of Consumers,
3596,Yijie,https://fred.stlouisfed.org/series/MICH,Michigan – 1yr Inflation Expectations,2.5,Percent (%),2015-01,University of Michigan – Surveys of Consumers,FRED series MICH
3597,Yijie,,OECD CCI – Amplitude Adjusted,101.1459,Normalised (avg=100),2015-01,OECD via FRED – CSCICP03USM665S,Above 100 = optimism; below 100 = pessimism
3598,Yijie,https://fred.stlouisfed.org/series/USACSCICP02STSAM,OECD CCI – Standardised,105.5501,Normalised (avg=100),2015-01,OECD via FRED,FRED series USACSCICP02STSAM
3599,Yijie,,Yale – Individual 1yr Stock Confidence,68.35,%,2015-01,Yale ICF – Stock Market Confidence Indices,% of individual investors expecting market higher in 1yr
3600,Yijie,,Yale – Institutional 1yr Stock Confidence,70.18,%,2015-01,Yale ICF – Stock Market Confidence Indices,% of institutional investors expecting market higher in 1yr
3601,Yijie,https://fred.stlouisfed.org/series/T5YIE,5yr Breakeven Inflation Rate,1.32,Percent (%),2015-02,Federal Reserve Bank of St. Louis,FRED series T5YIE
3602,Yijie,https://fred.stlouisfed.org/series/EXPINF10YR,Cleveland Fed – 10yr Inflation Expectations,1.5339526,Percent (%),2015-02,Federal Reserve Bank of Cleveland via FRED,FRED series EXPINF10YR
3603,Yijie,https://fred.stlouisfed.org/series/EXPINF1YR,Cleveland Fed – 1yr Inflation Expectations,0.38334206,Percent (%),2015-02,Federal Reserve Bank of Cleveland via FRED,FRED series EXPINF1YR
3604,Yijie,,Michigan ICS – Overall,95.4,Index Points,2015-02,Univ. of Michigan – Surveys of Consumers,
3605,Yijie,https://fred.stlouisfed.org/series/MICH,Michigan – 1yr Inflation Expectations,2.8,Percent (%),2015-02,University of Michigan – Surveys of Consumers,FRED series MICH
3606,Yijie,,OECD CCI – Amplitude Adjusted,101.1482,Normalised (avg=100),2015-02,OECD via FRED – CSCICP03USM665S,Above 100 = optimism; below 100 = pessimism
3607,Yijie,https://fred.stlouisfed.org/series/USACSCICP02STSAM,OECD CCI – Standardised,102.645,Normalised (avg=100),2015-02,OECD via FRED,FRED series USACSCICP02STSAM
3608,Yijie,,Yale – Individual 1yr Stock Confidence,71.01,%,2015-02,Yale ICF – Stock Market Confidence Indices,% of individual investors expecting market higher in 1yr
3609,Yijie,,Yale – Institutional 1yr Stock Confidence,72.48,%,2015-02,Yale ICF – Stock Market Confidence Indices,% of institutional investors expecting market higher in 1yr
3610,Yijie,https://fred.stlouisfed.org/series/T5YIE,5yr Breakeven Inflation Rate,1.54,Percent (%),2015-03,Federal Reserve Bank of St. Louis,FRED series T5YIE
3611,Yijie,https://fred.stlouisfed.org/series/EXPINF10YR,Cleveland Fed – 10yr Inflation Expectations,1.7034873,Percent (%),2015-03,Federal Reserve Bank of Cleveland via FRED,FRED series EXPINF10YR
3612,Yijie,https://fred.stlouisfed.org/series/EXPINF1YR,Cleveland Fed – 1yr Inflation Expectations,0.79843856,Percent (%),2015-03,Federal Reserve Bank of Cleveland via FRED,FRED series EXPINF1YR
3613,Yijie,,Michigan ICS – Overall,93.0,Index Points,2015-03,Univ. of Michigan – Surveys of Consumers,
3614,Yijie,https://fred.stlouisfed.org/series/MICH,Michigan – 1yr Inflation Expectations,3.0,Percent (%),2015-03,University of Michigan – Surveys of Consumers,FRED series MICH
3615,Yijie,,OECD CCI – Amplitude Adjusted,101.0514,Normalised (avg=100),2015-03,OECD via FRED – CSCICP03USM665S,Above 100 = optimism; below 100 = pessimism
3616,Yijie,https://fred.stlouisfed.org/series/USACSCICP02STSAM,OECD CCI – Standardised,100.0628,Normalised (avg=100),2015-03,OECD via FRED,FRED series USACSCICP02STSAM
3617,Yijie,,Yale – Individual 1yr Stock Confidence,71.51,%,2015-03,Yale ICF – Stock Market Confidence Indices,% of individual investors expecting market higher in 1yr
3618,Yijie,,Yale – Institutional 1yr Stock Confidence,69.85,%,2015-03,Yale ICF – Stock Market Confidence Indices,% of institutional investors expecting market higher in 1yr
3619,Yijie,https://fred.stlouisfed.org/series/T5YIE,5yr Breakeven Inflation Rate,1.58,Percent (%),2015-04,Federal Reserve Bank of St. Louis,FRED series T5YIE
3620,Yijie,https://fred.stlouisfed.org/series/EXPINF10YR,Cleveland Fed – 10yr Inflation Expectations,1.7122854,Percent (%),2015-04,Federal Reserve Bank of Cleveland via FRED,FRED series EXPINF10YR
3621,Yijie,https://fred.stlouisfed.org/series/EXPINF1YR,Cleveland Fed – 1yr Inflation Expectations,1.5899931,Percent (%),2015-04,Federal Reserve Bank of Cleveland via FRED,FRED series EXPINF1YR
3622,Yijie,,Michigan ICS – Overall,95.9,Index Points,2015-04,Univ. of Michigan – Surveys of Consumers,
3623,Yijie,https://fred.stlouisfed.org/series/MICH,Michigan – 1yr Inflation Expectations,2.6,Percent (%),2015-04,University of Michigan – Surveys of Consumers,FRED series MICH
3624,Yijie,,OECD CCI – Amplitude Adjusted,100.9965,Normalised (avg=100),2015-04,OECD via FRED – CSCICP03USM665S,Above 100 = optimism; below 100 = pessimism
3625,Yijie,https://fred.stlouisfed.org/series/USACSCICP02STSAM,OECD CCI – Standardised,103.183,Normalised (avg=100),2015-04,OECD via FRED,FRED series USACSCICP02STSAM
3626,Yijie,,Yale – Individual 1yr Stock Confidence,72.63,%,2015-04,Yale ICF – Stock Market Confidence Indices,% of individual investors expecting market higher in 1yr
3627,Yijie,,Yale – Institutional 1yr Stock Confidence,68.84,%,2015-04,Yale ICF – Stock Market Confidence Indices,% of institutional investors expecting market higher in 1yr
3628,Yijie,https://fred.stlouisfed.org/series/T5YIE,5yr Breakeven Inflation Rate,1.72,Percent (%),2015-05,Federal Reserve Bank of St. Louis,FRED series T5YIE
3629,Yijie,https://fred.stlouisfed.org/series/EXPINF10YR,Cleveland Fed – 10yr Inflation Expectations,1.793767,Percent (%),2015-05,Federal Reserve Bank of Cleveland via FRED,FRED series EXPINF10YR
3630,Yijie,https://fred.stlouisfed.org/series/EXPINF1YR,Cleveland Fed – 1yr Inflation Expectations,1.7028274,Percent (%),2015-05,Federal Reserve Bank of Cleveland via FRED,FRED series EXPINF1YR
3631,Yijie,,Michigan ICS – Overall,90.7,Index Points,2015-05,Univ. of Michigan – Surveys of Consumers,
3632,Yijie,https://fred.stlouisfed.org/series/MICH,Michigan – 1yr Inflation Expectations,2.8,Percent (%),2015-05,University of Michigan – Surveys of Consumers,FRED series MICH
3633,Yijie,,OECD CCI – Amplitude Adjusted,100.9159,Normalised (avg=100),2015-05,OECD via FRED – CSCICP03USM665S,Above 100 = optimism; below 100 = pessimism
3634,Yijie,https://fred.stlouisfed.org/series/USACSCICP02STSAM,OECD CCI – Standardised,97.5881,Normalised (avg=100),2015-05,OECD via FRED,FRED series USACSCICP02STSAM
3635,Yijie,,Yale – Individual 1yr Stock Confidence,75.14,%,2015-05,Yale ICF – Stock Market Confidence Indices,% of individual investors expecting market higher in 1yr
3636,Yijie,,Yale – Institutional 1yr Stock Confidence,73.42,%,2015-05,Yale ICF – Stock Market Confidence Indices,% of institutional investors expecting market higher in 1yr
3637,Yijie,https://fred.stlouisfed.org/series/T5YIE,5yr Breakeven Inflation Rate,1.55,Percent (%),2015-06,Federal Reserve Bank of St. Louis,FRED series T5YIE
3638,Yijie,https://fred.stlouisfed.org/series/EXPINF10YR,Cleveland Fed – 10yr Inflation Expectations,1.8240356,Percent (%),2015-06,Federal Reserve Bank of Cleveland via FRED,FRED series EXPINF10YR
3639,Yijie,https://fred.stlouisfed.org/series/EXPINF1YR,Cleveland Fed – 1yr Inflation Expectations,1.7750546,Percent (%),2015-06,Federal Reserve Bank of Cleveland via FRED,FRED series EXPINF1YR
3640,Yijie,,Michigan ICS – Overall,96.1,Index Points,2015-06,Univ. of Michigan – Surveys of Consumers,
3641,Yijie,https://fred.stlouisfed.org/series/MICH,Michigan – 1yr Inflation Expectations,2.7,Percent (%),2015-06,University of Michigan – Surveys of Consumers,FRED series MICH
3642,Yijie,,OECD CCI – Amplitude Adjusted,100.93,Normalised (avg=100),2015-06,OECD via FRED – CSCICP03USM665S,Above 100 = optimism; below 100 = pessimism
3643,Yijie,https://fred.stlouisfed.org/series/USACSCICP02STSAM,OECD CCI – Standardised,103.3982,Normalised (avg=100),2015-06,OECD via FRED,FRED series USACSCICP02STSAM
3644,Yijie,,Yale – Individual 1yr Stock Confidence,75.44,%,2015-06,Yale ICF – Stock Market Confidence Indices,% of individual investors expecting market higher in 1yr
3645,Yijie,,Yale – Institutional 1yr Stock Confidence,72.79,%,2015-06,Yale ICF – Stock Market Confidence Indices,% of institutional investors expecting market higher in 1yr
3646,Yijie,https://fred.stlouisfed.org/series/T5YIE,5yr Breakeven Inflation Rate,1.6,Percent (%),2015-07,Federal Reserve Bank of St. Louis,FRED series T5YIE
3647,Yijie,https://fred.stlouisfed.org/series/EXPINF10YR,Cleveland Fed – 10yr Inflation Expectations,1.8829511,Percent (%),2015-07,Federal Reserve Bank of Cleveland via FRED,FRED series EXPINF10YR
3648,Yijie,https://fred.stlouisfed.org/series/EXPINF1YR,Cleveland Fed – 1yr Inflation Expectations,1.8011251,Percent (%),2015-07,Federal Reserve Bank of Cleveland via FRED,FRED series EXPINF1YR
3649,Yijie,,Michigan ICS – Overall,93.1,Index Points,2015-07,Univ. of Michigan – Surveys of Consumers,
3650,Yijie,https://fred.stlouisfed.org/series/MICH,Michigan – 1yr Inflation Expectations,2.8,Percent (%),2015-07,University of Michigan – Surveys of Consumers,FRED series MICH
3651,Yijie,,OECD CCI – Amplitude Adjusted,100.815,Normalised (avg=100),2015-07,OECD via FRED – CSCICP03USM665S,Above 100 = optimism; below 100 = pessimism
3652,Yijie,https://fred.stlouisfed.org/series/USACSCICP02STSAM,OECD CCI – Standardised,100.1704,Normalised (avg=100),2015-07,OECD via FRED,FRED series USACSCICP02STSAM
3653,Yijie,,Yale – Individual 1yr Stock Confidence,77.47,%,2015-07,Yale ICF – Stock Market Confidence Indices,% of individual investors expecting market higher in 1yr
3654,Yijie,,Yale – Institutional 1yr Stock Confidence,72.0,%,2015-07,Yale ICF – Stock Market Confidence Indices,% of institutional investors expecting market higher in 1yr
3655,Yijie,https://fred.stlouisfed.org/series/T5YIE,5yr Breakeven Inflation Rate,1.31,Percent (%),2015-08,Federal Reserve Bank of St. Louis,FRED series T5YIE
3656,Yijie,https://fred.stlouisfed.org/series/EXPINF10YR,Cleveland Fed – 10yr Inflation Expectations,1.817785,Percent (%),2015-08,Federal Reserve Bank of Cleveland via FRED,FRED series EXPINF10YR
3657,Yijie,https://fred.stlouisfed.org/series/EXPINF1YR,Cleveland Fed – 1yr Inflation Expectations,1.7247986,Percent (%),2015-08,Federal Reserve Bank of Cleveland via FRED,FRED series EXPINF1YR
3658,Yijie,,Michigan ICS – Overall,91.9,Index Points,2015-08,Univ. of Michigan – Surveys of Consumers,
3659,Yijie,https://fred.stlouisfed.org/series/MICH,Michigan – 1yr Inflation Expectations,2.8,Percent (%),2015-08,University of Michigan – Surveys of Consumers,FRED series MICH
3660,Yijie,,OECD CCI – Amplitude Adjusted,100.625,Normalised (avg=100),2015-08,OECD via FRED – CSCICP03USM665S,Above 100 = optimism; below 100 = pessimism
3661,Yijie,https://fred.stlouisfed.org/series/USACSCICP02STSAM,OECD CCI – Standardised,98.87923,Normalised (avg=100),2015-08,OECD via FRED,FRED series USACSCICP02STSAM
3662,Yijie,,Yale – Individual 1yr Stock Confidence,75.29,%,2015-08,Yale ICF – Stock Market Confidence Indices,% of individual investors expecting market higher in 1yr
3663,Yijie,,Yale – Institutional 1yr Stock Confidence,72.29,%,2015-08,Yale ICF – Stock Market Confidence Indices,% of institutional investors expecting market higher in 1yr
3664,Yijie,https://fred.stlouisfed.org/series/T5YIE,5yr Breakeven Inflation Rate,1.18,Percent (%),2015-09,Federal Reserve Bank of St. Louis,FRED series T5YIE
3665,Yijie,https://fred.stlouisfed.org/series/EXPINF10YR,Cleveland Fed – 10yr Inflation Expectations,1.83859304,Percent (%),2015-09,Federal Reserve Bank of Cleveland via FRED,FRED series EXPINF10YR
3666,Yijie,https://fred.stlouisfed.org/series/EXPINF1YR,Cleveland Fed – 1yr Inflation Expectations,1.92835583,Percent (%),2015-09,Federal Reserve Bank of Cleveland via FRED,FRED series EXPINF1YR
3667,Yijie,,Michigan ICS – Overall,87.2,Index Points,2015-09,Univ. of Michigan – Surveys of Consumers,
3668,Yijie,https://fred.stlouisfed.org/series/MICH,Michigan – 1yr Inflation Expectations,2.8,Percent (%),2015-09,University of Michigan – Surveys of Consumers,FRED series MICH
3669,Yijie,,OECD CCI – Amplitude Adjusted,100.4538,Normalised (avg=100),2015-09,OECD via FRED – CSCICP03USM665S,Above 100 = optimism; below 100 = pessimism
3670,Yijie,https://fred.stlouisfed.org/series/USACSCICP02STSAM,OECD CCI – Standardised,93.82229,Normalised (avg=100),2015-09,OECD via FRED,FRED series USACSCICP02STSAM
3671,Yijie,,Yale – Individual 1yr Stock Confidence,76.05,%,2015-09,Yale ICF – Stock Market Confidence Indices,% of individual investors expecting market higher in 1yr
3672,Yijie,,Yale – Institutional 1yr Stock Confidence,72.3,%,2015-09,Yale ICF – Stock Market Confidence Indices,% of institutional investors expecting market higher in 1yr
3673,Yijie,https://fred.stlouisfed.org/series/T5YIE,5yr Breakeven Inflation Rate,1.13,Percent (%),2015-10,Federal Reserve Bank of St. Louis,FRED series T5YIE
3674,Yijie,https://fred.stlouisfed.org/series/EXPINF10YR,Cleveland Fed – 10yr Inflation Expectations,1.7425951,Percent (%),2015-10,Federal Reserve Bank of Cleveland via FRED,FRED series EXPINF10YR
3675,Yijie,https://fred.stlouisfed.org/series/EXPINF1YR,Cleveland Fed – 1yr Inflation Expectations,1.3119821,Percent (%),2015-10,Federal Reserve Bank of Cleveland via FRED,FRED series EXPINF1YR
3676,Yijie,,Michigan ICS – Overall,90.0,Index Points,2015-10,Univ. of Michigan – Surveys of Consumers,
3677,Yijie,https://fred.stlouisfed.org/series/MICH,Michigan – 1yr Inflation Expectations,2.7,Percent (%),2015-10,University of Michigan – Surveys of Consumers,FRED series MICH
3678,Yijie,,OECD CCI – Amplitude Adjusted,100.4831,Normalised (avg=100),2015-10,OECD via FRED – CSCICP03USM665S,Above 100 = optimism; below 100 = pessimism
3679,Yijie,https://fred.stlouisfed.org/series/USACSCICP02STSAM,OECD CCI – Standardised,96.83493,Normalised (avg=100),2015-10,OECD via FRED,FRED series USACSCICP02STSAM
3680,Yijie,,Yale – Individual 1yr Stock Confidence,74.23,%,2015-10,Yale ICF – Stock Market Confidence Indices,% of individual investors expecting market higher in 1yr
3681,Yijie,,Yale – Institutional 1yr Stock Confidence,73.65,%,2015-10,Yale ICF – Stock Market Confidence Indices,% of institutional investors expecting market higher in 1yr
3682,Yijie,https://fred.stlouisfed.org/series/T5YIE,5yr Breakeven Inflation Rate,1.23,Percent (%),2015-11,Federal Reserve Bank of St. Louis,FRED series T5YIE
3683,Yijie,https://fred.stlouisfed.org/series/EXPINF10YR,Cleveland Fed – 10yr Inflation Expectations,1.802926,Percent (%),2015-11,Federal Reserve Bank of Cleveland via FRED,FRED series EXPINF10YR
3684,Yijie,https://fred.stlouisfed.org/series/EXPINF1YR,Cleveland Fed – 1yr Inflation Expectations,1.3066673,Percent (%),2015-11,Federal Reserve Bank of Cleveland via FRED,FRED series EXPINF1YR
3685,Yijie,,Michigan ICS – Overall,91.3,Index Points,2015-11,Univ. of Michigan – Surveys of Consumers,
3686,Yijie,https://fred.stlouisfed.org/series/MICH,Michigan – 1yr Inflation Expectations,2.7,Percent (%),2015-11,University of Michigan – Surveys of Consumers,FRED series MICH
3687,Yijie,,OECD CCI – Amplitude Adjusted,100.5999,Normalised (avg=100),2015-11,OECD via FRED – CSCICP03USM665S,Above 100 = optimism; below 100 = pessimism
3688,Yijie,https://fred.stlouisfed.org/series/USACSCICP02STSAM,OECD CCI – Standardised,98.23366,Normalised (avg=100),2015-11,OECD via FRED,FRED series USACSCICP02STSAM
3689,Yijie,,Yale – Individual 1yr Stock Confidence,72.03,%,2015-11,Yale ICF – Stock Market Confidence Indices,% of individual investors expecting market higher in 1yr
3690,Yijie,,Yale – Institutional 1yr Stock Confidence,71.54,%,2015-11,Yale ICF – Stock Market Confidence Indices,% of institutional investors expecting market higher in 1yr
3691,Yijie,https://fred.stlouisfed.org/series/T5YIE,5yr Breakeven Inflation Rate,1.29,Percent (%),2015-12,Federal Reserve Bank of St. Louis,FRED series T5YIE
3692,Yijie,https://fred.stlouisfed.org/series/EXPINF10YR,Cleveland Fed – 10yr Inflation Expectations,1.81273123,Percent (%),2015-12,Federal Reserve Bank of Cleveland via FRED,FRED series EXPINF10YR
3693,Yijie,https://fred.stlouisfed.org/series/EXPINF1YR,Cleveland Fed – 1yr Inflation Expectations,1.46795515,Percent (%),2015-12,Federal Reserve Bank of Cleveland via FRED,FRED series EXPINF1YR
3694,Yijie,,Michigan ICS – Overall,92.6,Index Points,2015-12,Univ. of Michigan – Surveys of Consumers,
3695,Yijie,https://fred.stlouisfed.org/series/MICH,Michigan – 1yr Inflation Expectations,2.6,Percent (%),2015-12,University of Michigan – Surveys of Consumers,FRED series MICH
3696,Yijie,,OECD CCI – Amplitude Adjusted,100.6973,Normalised (avg=100),2015-12,OECD via FRED – CSCICP03USM665S,Above 100 = optimism; below 100 = pessimism
3697,Yijie,https://fred.stlouisfed.org/series/USACSCICP02STSAM,OECD CCI – Standardised,99.63239,Normalised (avg=100),2015-12,OECD via FRED,FRED series USACSCICP02STSAM
3698,Yijie,,Yale – Individual 1yr Stock Confidence,70.69,%,2015-12,Yale ICF – Stock Market Confidence Indices,% of individual investors expecting market higher in 1yr
3699,Yijie,,Yale – Institutional 1yr Stock Confidence,73.21,%,2015-12,Yale ICF – Stock Market Confidence Indices,% of institutional investors expecting market higher in 1yr
3700,Yijie,https://fred.stlouisfed.org/series/T5YIE,5yr Breakeven Inflation Rate,1.31,Percent (%),2016-01,Federal Reserve Bank of St. Louis,FRED series T5YIE
3701,Yijie,https://fred.stlouisfed.org/series/EXPINF10YR,Cleveland Fed – 10yr Inflation Expectations,1.85042813,Percent (%),2016-01,Federal Reserve Bank of Cleveland via FRED,FRED series EXPINF10YR
3702,Yijie,https://fred.stlouisfed.org/series/EXPINF1YR,Cleveland Fed – 1yr Inflation Expectations,1.47498776,Percent (%),2016-01,Federal Reserve Bank of Cleveland via FRED,FRED series EXPINF1YR
3703,Yijie,,Michigan ICS – Overall,92.0,Index Points,2016-01,Univ. of Michigan – Surveys of Consumers,
3704,Yijie,https://fred.stlouisfed.org/series/MICH,Michigan – 1yr Inflation Expectations,2.5,Percent (%),2016-01,University of Michigan – Surveys of Consumers,FRED series MICH
3705,Yijie,,OECD CCI – Amplitude Adjusted,100.7104,Normalised (avg=100),2016-01,OECD via FRED – CSCICP03USM665S,Above 100 = optimism; below 100 = pessimism
3706,Yijie,https://fred.stlouisfed.org/series/USACSCICP02STSAM,OECD CCI – Standardised,98.98682,Normalised (avg=100),2016-01,OECD via FRED,FRED series USACSCICP02STSAM
3707,Yijie,,Yale – Individual 1yr Stock Confidence,67.15,%,2016-01,Yale ICF – Stock Market Confidence Indices,% of individual investors expecting market higher in 1yr
3708,Yijie,,Yale – Institutional 1yr Stock Confidence,73.81,%,2016-01,Yale ICF – Stock Market Confidence Indices,% of institutional investors expecting market higher in 1yr
3709,Yijie,https://fred.stlouisfed.org/series/T5YIE,5yr Breakeven Inflation Rate,1.2,Percent (%),2016-02,Federal Reserve Bank of St. Louis,FRED series T5YIE
3710,Yijie,https://fred.stlouisfed.org/series/EXPINF10YR,Cleveland Fed – 10yr Inflation Expectations,1.7071694,Percent (%),2016-02,Federal Reserve Bank of Cleveland via FRED,FRED series EXPINF10YR
3711,Yijie,https://fred.stlouisfed.org/series/EXPINF1YR,Cleveland Fed – 1yr Inflation Expectations,1.11589387,Percent (%),2016-02,Federal Reserve Bank of Cleveland via FRED,FRED series EXPINF1YR
3712,Yijie,,Michigan ICS – Overall,91.7,Index Points,2016-02,Univ. of Michigan – Surveys of Consumers,
3713,Yijie,https://fred.stlouisfed.org/series/MICH,Michigan – 1yr Inflation Expectations,2.5,Percent (%),2016-02,University of Michigan – Surveys of Consumers,FRED series MICH
3714,Yijie,,OECD CCI – Amplitude Adjusted,100.673,Normalised (avg=100),2016-02,OECD via FRED – CSCICP03USM665S,Above 100 = optimism; below 100 = pessimism
3715,Yijie,https://fred.stlouisfed.org/series/USACSCICP02STSAM,OECD CCI – Standardised,98.66404,Normalised (avg=100),2016-02,OECD via FRED,FRED series USACSCICP02STSAM
3716,Yijie,,Yale – Individual 1yr Stock Confidence,67.86,%,2016-02,Yale ICF – Stock Market Confidence Indices,% of individual investors expecting market higher in 1yr
3717,Yijie,,Yale – Institutional 1yr Stock Confidence,74.82,%,2016-02,Yale ICF – Stock Market Confidence Indices,% of institutional investors expecting market higher in 1yr
3718,Yijie,https://fred.stlouisfed.org/series/T5YIE,5yr Breakeven Inflation Rate,1.29,Percent (%),2016-03,Federal Reserve Bank of St. Louis,FRED series T5YIE
3719,Yijie,https://fred.stlouisfed.org/series/EXPINF10YR,Cleveland Fed – 10yr Inflation Expectations,1.64890624,Percent (%),2016-03,Federal Reserve Bank of Cleveland via FRED,FRED series EXPINF10YR
3720,Yijie,https://fred.stlouisfed.org/series/EXPINF1YR,Cleveland Fed – 1yr Inflation Expectations,0.78224551,Percent (%),2016-03,Federal Reserve Bank of Cleveland via FRED,FRED series EXPINF1YR
3721,Yijie,,Michigan ICS – Overall,91.0,Index Points,2016-03,Univ. of Michigan – Surveys of Consumers,
3722,Yijie,https://fred.stlouisfed.org/series/MICH,Michigan – 1yr Inflation Expectations,2.7,Percent (%),2016-03,University of Michigan – Surveys of Consumers,FRED series MICH
3723,Yijie,,OECD CCI – Amplitude Adjusted,100.633,Normalised (avg=100),2016-03,OECD via FRED – CSCICP03USM665S,Above 100 = optimism; below 100 = pessimism
3724,Yijie,https://fred.stlouisfed.org/series/USACSCICP02STSAM,OECD CCI – Standardised,97.91087,Normalised (avg=100),2016-03,OECD via FRED,FRED series USACSCICP02STSAM
3725,Yijie,,Yale – Individual 1yr Stock Confidence,69.12,%,2016-03,Yale ICF – Stock Market Confidence Indices,% of individual investors expecting market higher in 1yr
3726,Yijie,,Yale – Institutional 1yr Stock Confidence,76.47,%,2016-03,Yale ICF – Stock Market Confidence Indices,% of institutional investors expecting market higher in 1yr
3727,Yijie,https://fred.stlouisfed.org/series/T5YIE,5yr Breakeven Inflation Rate,1.49,Percent (%),2016-04,Federal Reserve Bank of St. Louis,FRED series T5YIE
3728,Yijie,https://fred.stlouisfed.org/series/EXPINF10YR,Cleveland Fed – 10yr Inflation Expectations,1.71603963,Percent (%),2016-04,Federal Reserve Bank of Cleveland via FRED,FRED series EXPINF10YR
3729,Yijie,https://fred.stlouisfed.org/series/EXPINF1YR,Cleveland Fed – 1yr Inflation Expectations,1.68966418,Percent (%),2016-04,Federal Reserve Bank of Cleveland via FRED,FRED series EXPINF1YR
3730,Yijie,,Michigan ICS – Overall,89.0,Index Points,2016-04,Univ. of Michigan – Surveys of Consumers,
3731,Yijie,https://fred.stlouisfed.org/series/MICH,Michigan – 1yr Inflation Expectations,2.8,Percent (%),2016-04,University of Michigan – Surveys of Consumers,FRED series MICH
3732,Yijie,,OECD CCI – Amplitude Adjusted,100.6551,Normalised (avg=100),2016-04,OECD via FRED – CSCICP03USM665S,Above 100 = optimism; below 100 = pessimism
3733,Yijie,https://fred.stlouisfed.org/series/USACSCICP02STSAM,OECD CCI – Standardised,95.75899,Normalised (avg=100),2016-04,OECD via FRED,FRED series USACSCICP02STSAM
3734,Yijie,,Yale – Individual 1yr Stock Confidence,69.75,%,2016-04,Yale ICF – Stock Market Confidence Indices,% of individual investors expecting market higher in 1yr
3735,Yijie,,Yale – Institutional 1yr Stock Confidence,74.32,%,2016-04,Yale ICF – Stock Market Confidence Indices,% of institutional investors expecting market higher in 1yr
3736,Yijie,https://fred.stlouisfed.org/series/T5YIE,5yr Breakeven Inflation Rate,1.58,Percent (%),2016-05,Federal Reserve Bank of St. Louis,FRED series T5YIE
3737,Yijie,https://fred.stlouisfed.org/series/EXPINF10YR,Cleveland Fed – 10yr Inflation Expectations,1.74893221,Percent (%),2016-05,Federal Reserve Bank of Cleveland via FRED,FRED series EXPINF10YR
3738,Yijie,https://fred.stlouisfed.org/series/EXPINF1YR,Cleveland Fed – 1yr Inflation Expectations,1.66012215,Percent (%),2016-05,Federal Reserve Bank of Cleveland via FRED,FRED series EXPINF1YR
3739,Yijie,,Michigan ICS – Overall,94.7,Index Points,2016-05,Univ. of Michigan – Surveys of Consumers,
3740,Yijie,https://fred.stlouisfed.org/series/MICH,Michigan – 1yr Inflation Expectations,2.4,Percent (%),2016-05,University of Michigan – Surveys of Consumers,FRED series MICH
3741,Yijie,,OECD CCI – Amplitude Adjusted,100.7778,Normalised (avg=100),2016-05,OECD via FRED – CSCICP03USM665S,Above 100 = optimism; below 100 = pessimism
3742,Yijie,https://fred.stlouisfed.org/series/USACSCICP02STSAM,OECD CCI – Standardised,101.8919,Normalised (avg=100),2016-05,OECD via FRED,FRED series USACSCICP02STSAM
3743,Yijie,,Yale – Individual 1yr Stock Confidence,71.18,%,2016-05,Yale ICF – Stock Market Confidence Indices,% of individual investors expecting market higher in 1yr
3744,Yijie,,Yale – Institutional 1yr Stock Confidence,75.16,%,2016-05,Yale ICF – Stock Market Confidence Indices,% of institutional investors expecting market higher in 1yr
3745,Yijie,https://fred.stlouisfed.org/series/T5YIE,5yr Breakeven Inflation Rate,1.47,Percent (%),2016-06,Federal Reserve Bank of St. Louis,FRED series T5YIE
3746,Yijie,https://fred.stlouisfed.org/series/EXPINF10YR,Cleveland Fed – 10yr Inflation Expectations,1.72374515,Percent (%),2016-06,Federal Reserve Bank of Cleveland via FRED,FRED series EXPINF10YR
3747,Yijie,https://fred.stlouisfed.org/series/EXPINF1YR,Cleveland Fed – 1yr Inflation Expectations,1.28116185,Percent (%),2016-06,Federal Reserve Bank of Cleveland via FRED,FRED series EXPINF1YR
3748,Yijie,,Michigan ICS – Overall,93.5,Index Points,2016-06,Univ. of Michigan – Surveys of Consumers,
3749,Yijie,https://fred.stlouisfed.org/series/MICH,Michigan – 1yr Inflation Expectations,2.6,Percent (%),2016-06,University of Michigan – Surveys of Consumers,FRED series MICH
3750,Yijie,,OECD CCI – Amplitude Adjusted,100.7557,Normalised (avg=100),2016-06,OECD via FRED – CSCICP03USM665S,Above 100 = optimism; below 100 = pessimism
3751,Yijie,https://fred.stlouisfed.org/series/USACSCICP02STSAM,OECD CCI – Standardised,100.6007,Normalised (avg=100),2016-06,OECD via FRED,FRED series USACSCICP02STSAM
3752,Yijie,,Yale – Individual 1yr Stock Confidence,68.22,%,2016-06,Yale ICF – Stock Market Confidence Indices,% of individual investors expecting market higher in 1yr
3753,Yijie,,Yale – Institutional 1yr Stock Confidence,75.0,%,2016-06,Yale ICF – Stock Market Confidence Indices,% of institutional investors expecting market higher in 1yr
3754,Yijie,https://fred.stlouisfed.org/series/T5YIE,5yr Breakeven Inflation Rate,1.43,Percent (%),2016-07,Federal Reserve Bank of St. Louis,FRED series T5YIE
3755,Yijie,https://fred.stlouisfed.org/series/EXPINF10YR,Cleveland Fed – 10yr Inflation Expectations,1.63004592,Percent (%),2016-07,Federal Reserve Bank of Cleveland via FRED,FRED series EXPINF10YR
3756,Yijie,https://fred.stlouisfed.org/series/EXPINF1YR,Cleveland Fed – 1yr Inflation Expectations,1.64813436,Percent (%),2016-07,Federal Reserve Bank of Cleveland via FRED,FRED series EXPINF1YR
3757,Yijie,,Michigan ICS – Overall,90.0,Index Points,2016-07,Univ. of Michigan – Surveys of Consumers,
3758,Yijie,https://fred.stlouisfed.org/series/MICH,Michigan – 1yr Inflation Expectations,2.7,Percent (%),2016-07,University of Michigan – Surveys of Consumers,FRED series MICH
3759,Yijie,,OECD CCI – Amplitude Adjusted,100.6087,Normalised (avg=100),2016-07,OECD via FRED – CSCICP03USM665S,Above 100 = optimism; below 100 = pessimism
3760,Yijie,https://fred.stlouisfed.org/series/USACSCICP02STSAM,OECD CCI – Standardised,96.83493,Normalised (avg=100),2016-07,OECD via FRED,FRED series USACSCICP02STSAM
3761,Yijie,,Yale – Individual 1yr Stock Confidence,69.4,%,2016-07,Yale ICF – Stock Market Confidence Indices,% of individual investors expecting market higher in 1yr
3762,Yijie,,Yale – Institutional 1yr Stock Confidence,76.42,%,2016-07,Yale ICF – Stock Market Confidence Indices,% of institutional investors expecting market higher in 1yr
3763,Yijie,https://fred.stlouisfed.org/series/T5YIE,5yr Breakeven Inflation Rate,1.27,Percent (%),2016-08,Federal Reserve Bank of St. Louis,FRED series T5YIE
3764,Yijie,https://fred.stlouisfed.org/series/EXPINF10YR,Cleveland Fed – 10yr Inflation Expectations,1.64768851,Percent (%),2016-08,Federal Reserve Bank of Cleveland via FRED,FRED series EXPINF10YR
3765,Yijie,https://fred.stlouisfed.org/series/EXPINF1YR,Cleveland Fed – 1yr Inflation Expectations,1.5900866,Percent (%),2016-08,Federal Reserve Bank of Cleveland via FRED,FRED series EXPINF1YR
3766,Yijie,,Michigan ICS – Overall,89.8,Index Points,2016-08,Univ. of Michigan – Surveys of Consumers,
3767,Yijie,https://fred.stlouisfed.org/series/MICH,Michigan – 1yr Inflation Expectations,2.5,Percent (%),2016-08,University of Michigan – Surveys of Consumers,FRED series MICH
3768,Yijie,,OECD CCI – Amplitude Adjusted,100.5024,Normalised (avg=100),2016-08,OECD via FRED – CSCICP03USM665S,Above 100 = optimism; below 100 = pessimism
3769,Yijie,https://fred.stlouisfed.org/series/USACSCICP02STSAM,OECD CCI – Standardised,96.61974,Normalised (avg=100),2016-08,OECD via FRED,FRED series USACSCICP02STSAM
3770,Yijie,,Yale – Individual 1yr Stock Confidence,67.3,%,2016-08,Yale ICF – Stock Market Confidence Indices,% of individual investors expecting market higher in 1yr
3771,Yijie,,Yale – Institutional 1yr Stock Confidence,74.55,%,2016-08,Yale ICF – Stock Market Confidence Indices,% of institutional investors expecting market higher in 1yr
3772,Yijie,https://fred.stlouisfed.org/series/T5YIE,5yr Breakeven Inflation Rate,1.24,Percent (%),2016-09,Federal Reserve Bank of St. Louis,FRED series T5YIE
3773,Yijie,https://fred.stlouisfed.org/series/EXPINF10YR,Cleveland Fed – 10yr Inflation Expectations,1.72789683,Percent (%),2016-09,Federal Reserve Bank of Cleveland via FRED,FRED series EXPINF10YR
3774,Yijie,https://fred.stlouisfed.org/series/EXPINF1YR,Cleveland Fed – 1yr Inflation Expectations,2.06443724,Percent (%),2016-09,Federal Reserve Bank of Cleveland via FRED,FRED series EXPINF1YR
3775,Yijie,,Michigan ICS – Overall,91.2,Index Points,2016-09,Univ. of Michigan – Surveys of Consumers,
3776,Yijie,https://fred.stlouisfed.org/series/MICH,Michigan – 1yr Inflation Expectations,2.4,Percent (%),2016-09,University of Michigan – Surveys of Consumers,FRED series MICH
3777,Yijie,,OECD CCI – Amplitude Adjusted,100.4832,Normalised (avg=100),2016-09,OECD via FRED – CSCICP03USM665S,Above 100 = optimism; below 100 = pessimism
3778,Yijie,https://fred.stlouisfed.org/series/USACSCICP02STSAM,OECD CCI – Standardised,98.12607,Normalised (avg=100),2016-09,OECD via FRED,FRED series USACSCICP02STSAM
3779,Yijie,,Yale – Individual 1yr Stock Confidence,66.45,%,2016-09,Yale ICF – Stock Market Confidence Indices,% of individual investors expecting market higher in 1yr
3780,Yijie,,Yale – Institutional 1yr Stock Confidence,69.16,%,2016-09,Yale ICF – Stock Market Confidence Indices,% of institutional investors expecting market higher in 1yr
3781,Yijie,https://fred.stlouisfed.org/series/T5YIE,5yr Breakeven Inflation Rate,1.47,Percent (%),2016-10,Federal Reserve Bank of St. Louis,FRED series T5YIE
3782,Yijie,https://fred.stlouisfed.org/series/EXPINF10YR,Cleveland Fed – 10yr Inflation Expectations,1.70459005,Percent (%),2016-10,Federal Reserve Bank of Cleveland via FRED,FRED series EXPINF10YR
3783,Yijie,https://fred.stlouisfed.org/series/EXPINF1YR,Cleveland Fed – 1yr Inflation Expectations,1.74399736,Percent (%),2016-10,Federal Reserve Bank of Cleveland via FRED,FRED series EXPINF1YR
3784,Yijie,,Michigan ICS – Overall,87.2,Index Points,2016-10,Univ. of Michigan – Surveys of Consumers,
3785,Yijie,https://fred.stlouisfed.org/series/MICH,Michigan – 1yr Inflation Expectations,2.4,Percent (%),2016-10,University of Michigan – Surveys of Consumers,FRED series MICH
3786,Yijie,,OECD CCI – Amplitude Adjusted,100.5603,Normalised (avg=100),2016-10,OECD via FRED – CSCICP03USM665S,Above 100 = optimism; below 100 = pessimism
3787,Yijie,https://fred.stlouisfed.org/series/USACSCICP02STSAM,OECD CCI – Standardised,93.82229,Normalised (avg=100),2016-10,OECD via FRED,FRED series USACSCICP02STSAM
3788,Yijie,,Yale – Individual 1yr Stock Confidence,66.67,%,2016-10,Yale ICF – Stock Market Confidence Indices,% of individual investors expecting market higher in 1yr
3789,Yijie,,Yale – Institutional 1yr Stock Confidence,70.37,%,2016-10,Yale ICF – Stock Market Confidence Indices,% of institutional investors expecting market higher in 1yr
3790,Yijie,https://fred.stlouisfed.org/series/T5YIE,5yr Breakeven Inflation Rate,1.59,Percent (%),2016-11,Federal Reserve Bank of St. Louis,FRED series T5YIE
3791,Yijie,https://fred.stlouisfed.org/series/EXPINF10YR,Cleveland Fed – 10yr Inflation Expectations,1.75829573,Percent (%),2016-11,Federal Reserve Bank of Cleveland via FRED,FRED series EXPINF10YR
3792,Yijie,https://fred.stlouisfed.org/series/EXPINF1YR,Cleveland Fed – 1yr Inflation Expectations,1.90220184,Percent (%),2016-11,Federal Reserve Bank of Cleveland via FRED,FRED series EXPINF1YR
3793,Yijie,,Michigan ICS – Overall,93.8,Index Points,2016-11,Univ. of Michigan – Surveys of Consumers,
3794,Yijie,https://fred.stlouisfed.org/series/MICH,Michigan – 1yr Inflation Expectations,2.4,Percent (%),2016-11,University of Michigan – Surveys of Consumers,FRED series MICH
3795,Yijie,,OECD CCI – Amplitude Adjusted,100.8904,Normalised (avg=100),2016-11,OECD via FRED – CSCICP03USM665S,Above 100 = optimism; below 100 = pessimism
3796,Yijie,https://fred.stlouisfed.org/series/USACSCICP02STSAM,OECD CCI – Standardised,100.9235,Normalised (avg=100),2016-11,OECD via FRED,FRED series USACSCICP02STSAM
3797,Yijie,,Yale – Individual 1yr Stock Confidence,65.49,%,2016-11,Yale ICF – Stock Market Confidence Indices,% of individual investors expecting market higher in 1yr
3798,Yijie,,Yale – Institutional 1yr Stock Confidence,70.71,%,2016-11,Yale ICF – Stock Market Confidence Indices,% of institutional investors expecting market higher in 1yr
3799,Yijie,https://fred.stlouisfed.org/series/T5YIE,5yr Breakeven Inflation Rate,1.81,Percent (%),2016-12,Federal Reserve Bank of St. Louis,FRED series T5YIE
3800,Yijie,https://fred.stlouisfed.org/series/EXPINF10YR,Cleveland Fed – 10yr Inflation Expectations,1.95369171,Percent (%),2016-12,Federal Reserve Bank of Cleveland via FRED,FRED series EXPINF10YR
3801,Yijie,https://fred.stlouisfed.org/series/EXPINF1YR,Cleveland Fed – 1yr Inflation Expectations,2.2917332,Percent (%),2016-12,Federal Reserve Bank of Cleveland via FRED,FRED series EXPINF1YR
3802,Yijie,,Michigan ICS – Overall,98.2,Index Points,2016-12,Univ. of Michigan – Surveys of Consumers,
3803,Yijie,https://fred.stlouisfed.org/series/MICH,Michigan – 1yr Inflation Expectations,2.2,Percent (%),2016-12,University of Michigan – Surveys of Consumers,FRED series MICH
3804,Yijie,,OECD CCI – Amplitude Adjusted,101.2288,Normalised (avg=100),2016-12,OECD via FRED – CSCICP03USM665S,Above 100 = optimism; below 100 = pessimism
3805,Yijie,https://fred.stlouisfed.org/series/USACSCICP02STSAM,OECD CCI – Standardised,105.6577,Normalised (avg=100),2016-12,OECD via FRED,FRED series USACSCICP02STSAM
3806,Yijie,,Yale – Individual 1yr Stock Confidence,64.71,%,2016-12,Yale ICF – Stock Market Confidence Indices,% of individual investors expecting market higher in 1yr
3807,Yijie,,Yale – Institutional 1yr Stock Confidence,68.13,%,2016-12,Yale ICF – Stock Market Confidence Indices,% of institutional investors expecting market higher in 1yr
3808,Yijie,https://fred.stlouisfed.org/series/T5YIE,5yr Breakeven Inflation Rate,1.86,Percent (%),2017-01,Federal Reserve Bank of St. Louis,FRED series T5YIE
3809,Yijie,https://fred.stlouisfed.org/series/EXPINF10YR,Cleveland Fed – 10yr Inflation Expectations,1.92241681,Percent (%),2017-01,Federal Reserve Bank of Cleveland via FRED,FRED series EXPINF10YR
3810,Yijie,https://fred.stlouisfed.org/series/EXPINF1YR,Cleveland Fed – 1yr Inflation Expectations,2.1027318,Percent (%),2017-01,Federal Reserve Bank of Cleveland via FRED,FRED series EXPINF1YR
3811,Yijie,,Michigan ICS – Overall,98.5,Index Points,2017-01,Univ. of Michigan – Surveys of Consumers,
3812,Yijie,https://fred.stlouisfed.org/series/MICH,Michigan – 1yr Inflation Expectations,2.6,Percent (%),2017-01,University of Michigan – Surveys of Consumers,FRED series MICH
3813,Yijie,,OECD CCI – Amplitude Adjusted,101.3774,Normalised (avg=100),2017-01,OECD via FRED – CSCICP03USM665S,Above 100 = optimism; below 100 = pessimism
3814,Yijie,https://fred.stlouisfed.org/series/USACSCICP02STSAM,OECD CCI – Standardised,105.9805,Normalised (avg=100),2017-01,OECD via FRED,FRED series USACSCICP02STSAM
3815,Yijie,,Yale – Individual 1yr Stock Confidence,62.79,%,2017-01,Yale ICF – Stock Market Confidence Indices,% of individual investors expecting market higher in 1yr
3816,Yijie,,Yale – Institutional 1yr Stock Confidence,74.02,%,2017-01,Yale ICF – Stock Market Confidence Indices,% of institutional investors expecting market higher in 1yr
3817,Yijie,https://fred.stlouisfed.org/series/T5YIE,5yr Breakeven Inflation Rate,1.92,Percent (%),2017-02,Federal Reserve Bank of St. Louis,FRED series T5YIE
3818,Yijie,https://fred.stlouisfed.org/series/EXPINF10YR,Cleveland Fed – 10yr Inflation Expectations,1.92235723,Percent (%),2017-02,Federal Reserve Bank of Cleveland via FRED,FRED series EXPINF10YR
3819,Yijie,https://fred.stlouisfed.org/series/EXPINF1YR,Cleveland Fed – 1yr Inflation Expectations,1.94277371,Percent (%),2017-02,Federal Reserve Bank of Cleveland via FRED,FRED series EXPINF1YR
3820,Yijie,,Michigan ICS – Overall,96.3,Index Points,2017-02,Univ. of Michigan – Surveys of Consumers,
3821,Yijie,https://fred.stlouisfed.org/series/MICH,Michigan – 1yr Inflation Expectations,2.7,Percent (%),2017-02,University of Michigan – Surveys of Consumers,FRED series MICH
3822,Yijie,,OECD CCI – Amplitude Adjusted,101.365,Normalised (avg=100),2017-02,OECD via FRED – CSCICP03USM665S,Above 100 = optimism; below 100 = pessimism
3823,Yijie,https://fred.stlouisfed.org/series/USACSCICP02STSAM,OECD CCI – Standardised,103.6134,Normalised (avg=100),2017-02,OECD via FRED,FRED series USACSCICP02STSAM
3824,Yijie,,Yale – Individual 1yr Stock Confidence,64.43,%,2017-02,Yale ICF – Stock Market Confidence Indices,% of individual investors expecting market higher in 1yr
3825,Yijie,,Yale – Institutional 1yr Stock Confidence,75.33,%,2017-02,Yale ICF – Stock Market Confidence Indices,% of institutional investors expecting market higher in 1yr
3826,Yijie,https://fred.stlouisfed.org/series/T5YIE,5yr Breakeven Inflation Rate,1.84,Percent (%),2017-03,Federal Reserve Bank of St. Louis,FRED series T5YIE
3827,Yijie,https://fred.stlouisfed.org/series/EXPINF10YR,Cleveland Fed – 10yr Inflation Expectations,1.88654098,Percent (%),2017-03,Federal Reserve Bank of Cleveland via FRED,FRED series EXPINF10YR
3828,Yijie,https://fred.stlouisfed.org/series/EXPINF1YR,Cleveland Fed – 1yr Inflation Expectations,1.50314821,Percent (%),2017-03,Federal Reserve Bank of Cleveland via FRED,FRED series EXPINF1YR
3829,Yijie,,Michigan ICS – Overall,96.9,Index Points,2017-03,Univ. of Michigan – Surveys of Consumers,
3830,Yijie,https://fred.stlouisfed.org/series/MICH,Michigan – 1yr Inflation Expectations,2.5,Percent (%),2017-03,University of Michigan – Surveys of Consumers,FRED series MICH
3831,Yijie,,OECD CCI – Amplitude Adjusted,101.3344,Normalised (avg=100),2017-03,OECD via FRED – CSCICP03USM665S,Above 100 = optimism; below 100 = pessimism
3832,Yijie,https://fred.stlouisfed.org/series/USACSCICP02STSAM,OECD CCI – Standardised,104.2589,Normalised (avg=100),2017-03,OECD via FRED,FRED series USACSCICP02STSAM
3833,Yijie,,Yale – Individual 1yr Stock Confidence,61.54,%,2017-03,Yale ICF – Stock Market Confidence Indices,% of individual investors expecting market higher in 1yr
3834,Yijie,,Yale – Institutional 1yr Stock Confidence,76.97,%,2017-03,Yale ICF – Stock Market Confidence Indices,% of institutional investors expecting market higher in 1yr
3835,Yijie,https://fred.stlouisfed.org/series/T5YIE,5yr Breakeven Inflation Rate,1.73,Percent (%),2017-04,Federal Reserve Bank of St. Louis,FRED series T5YIE
3836,Yijie,https://fred.stlouisfed.org/series/EXPINF10YR,Cleveland Fed – 10yr Inflation Expectations,1.85758237,Percent (%),2017-04,Federal Reserve Bank of Cleveland via FRED,FRED series EXPINF10YR
3837,Yijie,https://fred.stlouisfed.org/series/EXPINF1YR,Cleveland Fed – 1yr Inflation Expectations,1.71866969,Percent (%),2017-04,Federal Reserve Bank of Cleveland via FRED,FRED series EXPINF1YR
3838,Yijie,,Michigan ICS – Overall,97.0,Index Points,2017-04,Univ. of Michigan – Surveys of Consumers,
3839,Yijie,https://fred.stlouisfed.org/series/MICH,Michigan – 1yr Inflation Expectations,2.5,Percent (%),2017-04,University of Michigan – Surveys of Consumers,FRED series MICH
3840,Yijie,,OECD CCI – Amplitude Adjusted,101.2947,Normalised (avg=100),2017-04,OECD via FRED – CSCICP03USM665S,Above 100 = optimism; below 100 = pessimism
3841,Yijie,https://fred.stlouisfed.org/series/USACSCICP02STSAM,OECD CCI – Standardised,104.3665,Normalised (avg=100),2017-04,OECD via FRED,FRED series USACSCICP02STSAM
3842,Yijie,,Yale – Individual 1yr Stock Confidence,60.69,%,2017-04,Yale ICF – Stock Market Confidence Indices,% of individual investors expecting market higher in 1yr
3843,Yijie,,Yale – Institutional 1yr Stock Confidence,79.61,%,2017-04,Yale ICF – Stock Market Confidence Indices,% of institutional investors expecting market higher in 1yr
3844,Yijie,https://fred.stlouisfed.org/series/T5YIE,5yr Breakeven Inflation Rate,1.8,Percent (%),2017-05,Federal Reserve Bank of St. Louis,FRED series T5YIE
3845,Yijie,https://fred.stlouisfed.org/series/EXPINF10YR,Cleveland Fed – 10yr Inflation Expectations,1.84054543,Percent (%),2017-05,Federal Reserve Bank of Cleveland via FRED,FRED series EXPINF10YR
3846,Yijie,https://fred.stlouisfed.org/series/EXPINF1YR,Cleveland Fed – 1yr Inflation Expectations,1.56480634,Percent (%),2017-05,Federal Reserve Bank of Cleveland via FRED,FRED series EXPINF1YR
3847,Yijie,,Michigan ICS – Overall,97.1,Index Points,2017-05,Univ. of Michigan – Surveys of Consumers,
3848,Yijie,https://fred.stlouisfed.org/series/MICH,Michigan – 1yr Inflation Expectations,2.6,Percent (%),2017-05,University of Michigan – Surveys of Consumers,FRED series MICH
3849,Yijie,,OECD CCI – Amplitude Adjusted,101.2233,Normalised (avg=100),2017-05,OECD via FRED – CSCICP03USM665S,Above 100 = optimism; below 100 = pessimism
3850,Yijie,https://fred.stlouisfed.org/series/USACSCICP02STSAM,OECD CCI – Standardised,104.4741,Normalised (avg=100),2017-05,OECD via FRED,FRED series USACSCICP02STSAM
3851,Yijie,,Yale – Individual 1yr Stock Confidence,61.31,%,2017-05,Yale ICF – Stock Market Confidence Indices,% of individual investors expecting market higher in 1yr
3852,Yijie,,Yale – Institutional 1yr Stock Confidence,76.16,%,2017-05,Yale ICF – Stock Market Confidence Indices,% of institutional investors expecting market higher in 1yr
3853,Yijie,https://fred.stlouisfed.org/series/T5YIE,5yr Breakeven Inflation Rate,1.73,Percent (%),2017-06,Federal Reserve Bank of St. Louis,FRED series T5YIE
3854,Yijie,https://fred.stlouisfed.org/series/EXPINF10YR,Cleveland Fed – 10yr Inflation Expectations,1.73020088,Percent (%),2017-06,Federal Reserve Bank of Cleveland via FRED,FRED series EXPINF10YR
3855,Yijie,https://fred.stlouisfed.org/series/EXPINF1YR,Cleveland Fed – 1yr Inflation Expectations,0.95868776,Percent (%),2017-06,Federal Reserve Bank of Cleveland via FRED,FRED series EXPINF1YR
3856,Yijie,,Michigan ICS – Overall,95.0,Index Points,2017-06,Univ. of Michigan – Surveys of Consumers,
3857,Yijie,https://fred.stlouisfed.org/series/MICH,Michigan – 1yr Inflation Expectations,2.6,Percent (%),2017-06,University of Michigan – Surveys of Consumers,FRED series MICH
3858,Yijie,,OECD CCI – Amplitude Adjusted,101.1172,Normalised (avg=100),2017-06,OECD via FRED – CSCICP03USM665S,Above 100 = optimism; below 100 = pessimism
3859,Yijie,https://fred.stlouisfed.org/series/USACSCICP02STSAM,OECD CCI – Standardised,102.2147,Normalised (avg=100),2017-06,OECD via FRED,FRED series USACSCICP02STSAM
3860,Yijie,,Yale – Individual 1yr Stock Confidence,62.5,%,2017-06,Yale ICF – Stock Market Confidence Indices,% of individual investors expecting market higher in 1yr
3861,Yijie,,Yale – Institutional 1yr Stock Confidence,77.37,%,2017-06,Yale ICF – Stock Market Confidence Indices,% of institutional investors expecting market higher in 1yr
3862,Yijie,https://fred.stlouisfed.org/series/T5YIE,5yr Breakeven Inflation Rate,1.66,Percent (%),2017-07,Federal Reserve Bank of St. Louis,FRED series T5YIE
3863,Yijie,https://fred.stlouisfed.org/series/EXPINF10YR,Cleveland Fed – 10yr Inflation Expectations,1.84955694,Percent (%),2017-07,Federal Reserve Bank of Cleveland via FRED,FRED series EXPINF10YR
3864,Yijie,https://fred.stlouisfed.org/series/EXPINF1YR,Cleveland Fed – 1yr Inflation Expectations,1.71215951,Percent (%),2017-07,Federal Reserve Bank of Cleveland via FRED,FRED series EXPINF1YR
3865,Yijie,,Michigan ICS – Overall,93.4,Index Points,2017-07,Univ. of Michigan – Surveys of Consumers,
3866,Yijie,https://fred.stlouisfed.org/series/MICH,Michigan – 1yr Inflation Expectations,2.6,Percent (%),2017-07,University of Michigan – Surveys of Consumers,FRED series MICH
3867,Yijie,,OECD CCI – Amplitude Adjusted,101.0761,Normalised (avg=100),2017-07,OECD via FRED – CSCICP03USM665S,Above 100 = optimism; below 100 = pessimism
3868,Yijie,https://fred.stlouisfed.org/series/USACSCICP02STSAM,OECD CCI – Standardised,100.4931,Normalised (avg=100),2017-07,OECD via FRED,FRED series USACSCICP02STSAM
3869,Yijie,,Yale – Individual 1yr Stock Confidence,60.12,%,2017-07,Yale ICF – Stock Market Confidence Indices,% of individual investors expecting market higher in 1yr
3870,Yijie,,Yale – Institutional 1yr Stock Confidence,74.4,%,2017-07,Yale ICF – Stock Market Confidence Indices,% of institutional investors expecting market higher in 1yr
3871,Yijie,https://fred.stlouisfed.org/series/T5YIE,5yr Breakeven Inflation Rate,1.62,Percent (%),2017-08,Federal Reserve Bank of St. Louis,FRED series T5YIE
3872,Yijie,https://fred.stlouisfed.org/series/EXPINF10YR,Cleveland Fed – 10yr Inflation Expectations,1.8153385,Percent (%),2017-08,Federal Reserve Bank of Cleveland via FRED,FRED series EXPINF10YR
3873,Yijie,https://fred.stlouisfed.org/series/EXPINF1YR,Cleveland Fed – 1yr Inflation Expectations,1.65217832,Percent (%),2017-08,Federal Reserve Bank of Cleveland via FRED,FRED series EXPINF1YR
3874,Yijie,,Michigan ICS – Overall,96.8,Index Points,2017-08,Univ. of Michigan – Surveys of Consumers,
3875,Yijie,https://fred.stlouisfed.org/series/MICH,Michigan – 1yr Inflation Expectations,2.6,Percent (%),2017-08,University of Michigan – Surveys of Consumers,FRED series MICH
3876,Yijie,,OECD CCI – Amplitude Adjusted,101.1728,Normalised (avg=100),2017-08,OECD via FRED – CSCICP03USM665S,Above 100 = optimism; below 100 = pessimism
3877,Yijie,https://fred.stlouisfed.org/series/USACSCICP02STSAM,OECD CCI – Standardised,104.1514,Normalised (avg=100),2017-08,OECD via FRED,FRED series USACSCICP02STSAM
3878,Yijie,,Yale – Individual 1yr Stock Confidence,59.75,%,2017-08,Yale ICF – Stock Market Confidence Indices,% of individual investors expecting market higher in 1yr
3879,Yijie,,Yale – Institutional 1yr Stock Confidence,72.85,%,2017-08,Yale ICF – Stock Market Confidence Indices,% of institutional investors expecting market higher in 1yr
3880,Yijie,https://fred.stlouisfed.org/series/T5YIE,5yr Breakeven Inflation Rate,1.63,Percent (%),2017-09,Federal Reserve Bank of St. Louis,FRED series T5YIE
3881,Yijie,https://fred.stlouisfed.org/series/EXPINF10YR,Cleveland Fed – 10yr Inflation Expectations,1.84386995,Percent (%),2017-09,Federal Reserve Bank of Cleveland via FRED,FRED series EXPINF10YR
3882,Yijie,https://fred.stlouisfed.org/series/EXPINF1YR,Cleveland Fed – 1yr Inflation Expectations,2.05780237,Percent (%),2017-09,Federal Reserve Bank of Cleveland via FRED,FRED series EXPINF1YR
3883,Yijie,,Michigan ICS – Overall,95.1,Index Points,2017-09,Univ. of Michigan – Surveys of Consumers,
3884,Yijie,https://fred.stlouisfed.org/series/MICH,Michigan – 1yr Inflation Expectations,2.7,Percent (%),2017-09,University of Michigan – Surveys of Consumers,FRED series MICH
3885,Yijie,,OECD CCI – Amplitude Adjusted,101.2939,Normalised (avg=100),2017-09,OECD via FRED – CSCICP03USM665S,Above 100 = optimism; below 100 = pessimism
3886,Yijie,https://fred.stlouisfed.org/series/USACSCICP02STSAM,OECD CCI – Standardised,102.3222,Normalised (avg=100),2017-09,OECD via FRED,FRED series USACSCICP02STSAM
3887,Yijie,,Yale – Individual 1yr Stock Confidence,63.76,%,2017-09,Yale ICF – Stock Market Confidence Indices,% of individual investors expecting market higher in 1yr
3888,Yijie,,Yale – Institutional 1yr Stock Confidence,74.17,%,2017-09,Yale ICF – Stock Market Confidence Indices,% of institutional investors expecting market higher in 1yr
3889,Yijie,https://fred.stlouisfed.org/series/T5YIE,5yr Breakeven Inflation Rate,1.73,Percent (%),2017-10,Federal Reserve Bank of St. Louis,FRED series T5YIE
3890,Yijie,https://fred.stlouisfed.org/series/EXPINF10YR,Cleveland Fed – 10yr Inflation Expectations,1.89298914,Percent (%),2017-10,Federal Reserve Bank of Cleveland via FRED,FRED series EXPINF10YR
3891,Yijie,https://fred.stlouisfed.org/series/EXPINF1YR,Cleveland Fed – 1yr Inflation Expectations,1.95269933,Percent (%),2017-10,Federal Reserve Bank of Cleveland via FRED,FRED series EXPINF1YR
3892,Yijie,,Michigan ICS – Overall,100.7,Index Points,2017-10,Univ. of Michigan – Surveys of Consumers,
3893,Yijie,https://fred.stlouisfed.org/series/MICH,Michigan – 1yr Inflation Expectations,2.4,Percent (%),2017-10,University of Michigan – Surveys of Consumers,FRED series MICH
3894,Yijie,,OECD CCI – Amplitude Adjusted,101.4439,Normalised (avg=100),2017-10,OECD via FRED – CSCICP03USM665S,Above 100 = optimism; below 100 = pessimism
3895,Yijie,https://fred.stlouisfed.org/series/USACSCICP02STSAM,OECD CCI – Standardised,108.3475,Normalised (avg=100),2017-10,OECD via FRED,FRED series USACSCICP02STSAM
3896,Yijie,,Yale – Individual 1yr Stock Confidence,64.12,%,2017-10,Yale ICF – Stock Market Confidence Indices,% of individual investors expecting market higher in 1yr
3897,Yijie,,Yale – Institutional 1yr Stock Confidence,71.32,%,2017-10,Yale ICF – Stock Market Confidence Indices,% of institutional investors expecting market higher in 1yr
3898,Yijie,https://fred.stlouisfed.org/series/T5YIE,5yr Breakeven Inflation Rate,1.71,Percent (%),2017-11,Federal Reserve Bank of St. Louis,FRED series T5YIE
3899,Yijie,https://fred.stlouisfed.org/series/EXPINF10YR,Cleveland Fed – 10yr Inflation Expectations,1.92496508,Percent (%),2017-11,Federal Reserve Bank of Cleveland via FRED,FRED series EXPINF10YR
3900,Yijie,https://fred.stlouisfed.org/series/EXPINF1YR,Cleveland Fed – 1yr Inflation Expectations,2.06917502,Percent (%),2017-11,Federal Reserve Bank of Cleveland via FRED,FRED series EXPINF1YR
3901,Yijie,,Michigan ICS – Overall,98.5,Index Points,2017-11,Univ. of Michigan – Surveys of Consumers,
3902,Yijie,https://fred.stlouisfed.org/series/MICH,Michigan – 1yr Inflation Expectations,2.5,Percent (%),2017-11,University of Michigan – Surveys of Consumers,FRED series MICH
3903,Yijie,,OECD CCI – Amplitude Adjusted,101.4238,Normalised (avg=100),2017-11,OECD via FRED – CSCICP03USM665S,Above 100 = optimism; below 100 = pessimism
3904,Yijie,https://fred.stlouisfed.org/series/USACSCICP02STSAM,OECD CCI – Standardised,105.9805,Normalised (avg=100),2017-11,OECD via FRED,FRED series USACSCICP02STSAM
3905,Yijie,,Yale – Individual 1yr Stock Confidence,60.61,%,2017-11,Yale ICF – Stock Market Confidence Indices,% of individual investors expecting market higher in 1yr
3906,Yijie,,Yale – Institutional 1yr Stock Confidence,69.92,%,2017-11,Yale ICF – Stock Market Confidence Indices,% of institutional investors expecting market higher in 1yr
3907,Yijie,https://fred.stlouisfed.org/series/T5YIE,5yr Breakeven Inflation Rate,1.72,Percent (%),2017-12,Federal Reserve Bank of St. Louis,FRED series T5YIE
3908,Yijie,https://fred.stlouisfed.org/series/EXPINF10YR,Cleveland Fed – 10yr Inflation Expectations,2.01118703,Percent (%),2017-12,Federal Reserve Bank of Cleveland via FRED,FRED series EXPINF10YR
3909,Yijie,https://fred.stlouisfed.org/series/EXPINF1YR,Cleveland Fed – 1yr Inflation Expectations,2.82407476,Percent (%),2017-12,Federal Reserve Bank of Cleveland via FRED,FRED series EXPINF1YR
3910,Yijie,,Michigan ICS – Overall,95.9,Index Points,2017-12,Univ. of Michigan – Surveys of Consumers,
3911,Yijie,https://fred.stlouisfed.org/series/MICH,Michigan – 1yr Inflation Expectations,2.7,Percent (%),2017-12,University of Michigan – Surveys of Consumers,FRED series MICH
3912,Yijie,,OECD CCI – Amplitude Adjusted,101.341,Normalised (avg=100),2017-12,OECD via FRED – CSCICP03USM665S,Above 100 = optimism; below 100 = pessimism
3913,Yijie,https://fred.stlouisfed.org/series/USACSCICP02STSAM,OECD CCI – Standardised,103.183,Normalised (avg=100),2017-12,OECD via FRED,FRED series USACSCICP02STSAM
3914,Yijie,,Yale – Individual 1yr Stock Confidence,61.27,%,2017-12,Yale ICF – Stock Market Confidence Indices,% of individual investors expecting market higher in 1yr
3915,Yijie,,Yale – Institutional 1yr Stock Confidence,65.14,%,2017-12,Yale ICF – Stock Market Confidence Indices,% of institutional investors expecting market higher in 1yr
3916,Yijie,https://fred.stlouisfed.org/series/T5YIE,5yr Breakeven Inflation Rate,1.9,Percent (%),2018-01,Federal Reserve Bank of St. Louis,FRED series T5YIE
3917,Yijie,https://fred.stlouisfed.org/series/EXPINF10YR,Cleveland Fed – 10yr Inflation Expectations,1.95641907,Percent (%),2018-01,Federal Reserve Bank of Cleveland via FRED,FRED series EXPINF10YR
3918,Yijie,https://fred.stlouisfed.org/series/EXPINF1YR,Cleveland Fed – 1yr Inflation Expectations,1.9048938,Percent (%),2018-01,Federal Reserve Bank of Cleveland via FRED,FRED series EXPINF1YR
3919,Yijie,,Michigan ICS – Overall,95.7,Index Points,2018-01,Univ. of Michigan – Surveys of Consumers,
3920,Yijie,https://fred.stlouisfed.org/series/MICH,Michigan – 1yr Inflation Expectations,2.7,Percent (%),2018-01,University of Michigan – Surveys of Consumers,FRED series MICH
3921,Yijie,,OECD CCI – Amplitude Adjusted,101.3704,Normalised (avg=100),2018-01,OECD via FRED – CSCICP03USM665S,Above 100 = optimism; below 100 = pessimism
3922,Yijie,https://fred.stlouisfed.org/series/USACSCICP02STSAM,OECD CCI – Standardised,102.9678,Normalised (avg=100),2018-01,OECD via FRED,FRED series USACSCICP02STSAM
3923,Yijie,,Yale – Individual 1yr Stock Confidence,71.13,%,2018-01,Yale ICF – Stock Market Confidence Indices,% of individual investors expecting market higher in 1yr
3924,Yijie,,Yale – Institutional 1yr Stock Confidence,65.89,%,2018-01,Yale ICF – Stock Market Confidence Indices,% of institutional investors expecting market higher in 1yr
3925,Yijie,https://fred.stlouisfed.org/series/T5YIE,5yr Breakeven Inflation Rate,1.93,Percent (%),2018-02,Federal Reserve Bank of St. Louis,FRED series T5YIE
3926,Yijie,https://fred.stlouisfed.org/series/EXPINF10YR,Cleveland Fed – 10yr Inflation Expectations,2.07333165,Percent (%),2018-02,Federal Reserve Bank of Cleveland via FRED,FRED series EXPINF10YR
3927,Yijie,https://fred.stlouisfed.org/series/EXPINF1YR,Cleveland Fed – 1yr Inflation Expectations,2.13804094,Percent (%),2018-02,Federal Reserve Bank of Cleveland via FRED,FRED series EXPINF1YR
3928,Yijie,,Michigan ICS – Overall,99.7,Index Points,2018-02,Univ. of Michigan – Surveys of Consumers,
3929,Yijie,https://fred.stlouisfed.org/series/MICH,Michigan – 1yr Inflation Expectations,2.7,Percent (%),2018-02,University of Michigan – Surveys of Consumers,FRED series MICH
3930,Yijie,,OECD CCI – Amplitude Adjusted,101.5302,Normalised (avg=100),2018-02,OECD via FRED – CSCICP03USM665S,Above 100 = optimism; below 100 = pessimism
3931,Yijie,https://fred.stlouisfed.org/series/USACSCICP02STSAM,OECD CCI – Standardised,107.2716,Normalised (avg=100),2018-02,OECD via FRED,FRED series USACSCICP02STSAM
3932,Yijie,,Yale – Individual 1yr Stock Confidence,66.0,%,2018-02,Yale ICF – Stock Market Confidence Indices,% of individual investors expecting market higher in 1yr
3933,Yijie,,Yale – Institutional 1yr Stock Confidence,65.52,%,2018-02,Yale ICF – Stock Market Confidence Indices,% of institutional investors expecting market higher in 1yr
3934,Yijie,https://fred.stlouisfed.org/series/T5YIE,5yr Breakeven Inflation Rate,2.03,Percent (%),2018-03,Federal Reserve Bank of St. Louis,FRED series T5YIE
3935,Yijie,https://fred.stlouisfed.org/series/EXPINF10YR,Cleveland Fed – 10yr Inflation Expectations,1.97024161,Percent (%),2018-03,Federal Reserve Bank of Cleveland via FRED,FRED series EXPINF10YR
3936,Yijie,https://fred.stlouisfed.org/series/EXPINF1YR,Cleveland Fed – 1yr Inflation Expectations,1.68874433,Percent (%),2018-03,Federal Reserve Bank of Cleveland via FRED,FRED series EXPINF1YR
3937,Yijie,,Michigan ICS – Overall,101.4,Index Points,2018-03,Univ. of Michigan – Surveys of Consumers,
3938,Yijie,https://fred.stlouisfed.org/series/MICH,Michigan – 1yr Inflation Expectations,2.8,Percent (%),2018-03,University of Michigan – Surveys of Consumers,FRED series MICH
3939,Yijie,,OECD CCI – Amplitude Adjusted,101.6295,Normalised (avg=100),2018-03,OECD via FRED – CSCICP03USM665S,Above 100 = optimism; below 100 = pessimism
3940,Yijie,https://fred.stlouisfed.org/series/USACSCICP02STSAM,OECD CCI – Standardised,109.1007,Normalised (avg=100),2018-03,OECD via FRED,FRED series USACSCICP02STSAM
3941,Yijie,,Yale – Individual 1yr Stock Confidence,63.19,%,2018-03,Yale ICF – Stock Market Confidence Indices,% of individual investors expecting market higher in 1yr
3942,Yijie,,Yale – Institutional 1yr Stock Confidence,62.81,%,2018-03,Yale ICF – Stock Market Confidence Indices,% of institutional investors expecting market higher in 1yr
3943,Yijie,https://fred.stlouisfed.org/series/T5YIE,5yr Breakeven Inflation Rate,1.99,Percent (%),2018-04,Federal Reserve Bank of St. Louis,FRED series T5YIE
3944,Yijie,https://fred.stlouisfed.org/series/EXPINF10YR,Cleveland Fed – 10yr Inflation Expectations,1.98436343,Percent (%),2018-04,Federal Reserve Bank of Cleveland via FRED,FRED series EXPINF10YR
3945,Yijie,https://fred.stlouisfed.org/series/EXPINF1YR,Cleveland Fed – 1yr Inflation Expectations,1.84679022,Percent (%),2018-04,Federal Reserve Bank of Cleveland via FRED,FRED series EXPINF1YR
3946,Yijie,,Michigan ICS – Overall,98.8,Index Points,2018-04,Univ. of Michigan – Surveys of Consumers,
3947,Yijie,https://fred.stlouisfed.org/series/MICH,Michigan – 1yr Inflation Expectations,2.7,Percent (%),2018-04,University of Michigan – Surveys of Consumers,FRED series MICH
3948,Yijie,,OECD CCI – Amplitude Adjusted,101.5796,Normalised (avg=100),2018-04,OECD via FRED – CSCICP03USM665S,Above 100 = optimism; below 100 = pessimism
3949,Yijie,https://fred.stlouisfed.org/series/USACSCICP02STSAM,OECD CCI – Standardised,106.3032,Normalised (avg=100),2018-04,OECD via FRED,FRED series USACSCICP02STSAM
3950,Yijie,,Yale – Individual 1yr Stock Confidence,64.1,%,2018-04,Yale ICF – Stock Market Confidence Indices,% of individual investors expecting market higher in 1yr
3951,Yijie,,Yale – Institutional 1yr Stock Confidence,63.23,%,2018-04,Yale ICF – Stock Market Confidence Indices,% of institutional investors expecting market higher in 1yr
3952,Yijie,https://fred.stlouisfed.org/series/T5YIE,5yr Breakeven Inflation Rate,2.09,Percent (%),2018-05,Federal Reserve Bank of St. Louis,FRED series T5YIE
3953,Yijie,https://fred.stlouisfed.org/series/EXPINF10YR,Cleveland Fed – 10yr Inflation Expectations,2.09161804,Percent (%),2018-05,Federal Reserve Bank of Cleveland via FRED,FRED series EXPINF10YR
3954,Yijie,https://fred.stlouisfed.org/series/EXPINF1YR,Cleveland Fed – 1yr Inflation Expectations,1.96778394,Percent (%),2018-05,Federal Reserve Bank of Cleveland via FRED,FRED series EXPINF1YR
3955,Yijie,,Michigan ICS – Overall,98.0,Index Points,2018-05,Univ. of Michigan – Surveys of Consumers,
3956,Yijie,https://fred.stlouisfed.org/series/MICH,Michigan – 1yr Inflation Expectations,2.8,Percent (%),2018-05,University of Michigan – Surveys of Consumers,FRED series MICH
3957,Yijie,,OECD CCI – Amplitude Adjusted,101.4953,Normalised (avg=100),2018-05,OECD via FRED – CSCICP03USM665S,Above 100 = optimism; below 100 = pessimism
3958,Yijie,https://fred.stlouisfed.org/series/USACSCICP02STSAM,OECD CCI – Standardised,105.4425,Normalised (avg=100),2018-05,OECD via FRED,FRED series USACSCICP02STSAM
3959,Yijie,,Yale – Individual 1yr Stock Confidence,66.67,%,2018-05,Yale ICF – Stock Market Confidence Indices,% of individual investors expecting market higher in 1yr
3960,Yijie,,Yale – Institutional 1yr Stock Confidence,68.42,%,2018-05,Yale ICF – Stock Market Confidence Indices,% of institutional investors expecting market higher in 1yr
3961,Yijie,https://fred.stlouisfed.org/series/T5YIE,5yr Breakeven Inflation Rate,2.06,Percent (%),2018-06,Federal Reserve Bank of St. Louis,FRED series T5YIE
3962,Yijie,https://fred.stlouisfed.org/series/EXPINF10YR,Cleveland Fed – 10yr Inflation Expectations,2.04590296,Percent (%),2018-06,Federal Reserve Bank of Cleveland via FRED,FRED series EXPINF10YR
3963,Yijie,https://fred.stlouisfed.org/series/EXPINF1YR,Cleveland Fed – 1yr Inflation Expectations,1.59099529,Percent (%),2018-06,Federal Reserve Bank of Cleveland via FRED,FRED series EXPINF1YR
3964,Yijie,,Michigan ICS – Overall,98.2,Index Points,2018-06,Univ. of Michigan – Surveys of Consumers,
3965,Yijie,https://fred.stlouisfed.org/series/MICH,Michigan – 1yr Inflation Expectations,3.0,Percent (%),2018-06,University of Michigan – Surveys of Consumers,FRED series MICH
3966,Yijie,,OECD CCI – Amplitude Adjusted,101.4384,Normalised (avg=100),2018-06,OECD via FRED – CSCICP03USM665S,Above 100 = optimism; below 100 = pessimism
3967,Yijie,https://fred.stlouisfed.org/series/USACSCICP02STSAM,OECD CCI – Standardised,105.6577,Normalised (avg=100),2018-06,OECD via FRED,FRED series USACSCICP02STSAM
3968,Yijie,,Yale – Individual 1yr Stock Confidence,68.09,%,2018-06,Yale ICF – Stock Market Confidence Indices,% of individual investors expecting market higher in 1yr
3969,Yijie,,Yale – Institutional 1yr Stock Confidence,72.67,%,2018-06,Yale ICF – Stock Market Confidence Indices,% of institutional investors expecting market higher in 1yr
3970,Yijie,https://fred.stlouisfed.org/series/T5YIE,5yr Breakeven Inflation Rate,2.07,Percent (%),2018-07,Federal Reserve Bank of St. Louis,FRED series T5YIE
3971,Yijie,https://fred.stlouisfed.org/series/EXPINF10YR,Cleveland Fed – 10yr Inflation Expectations,2.09571821,Percent (%),2018-07,Federal Reserve Bank of Cleveland via FRED,FRED series EXPINF10YR
3972,Yijie,https://fred.stlouisfed.org/series/EXPINF1YR,Cleveland Fed – 1yr Inflation Expectations,2.12308939,Percent (%),2018-07,Federal Reserve Bank of Cleveland via FRED,FRED series EXPINF1YR
3973,Yijie,,Michigan ICS – Overall,97.9,Index Points,2018-07,Univ. of Michigan – Surveys of Consumers,
3974,Yijie,https://fred.stlouisfed.org/series/MICH,Michigan – 1yr Inflation Expectations,2.9,Percent (%),2018-07,University of Michigan – Surveys of Consumers,FRED series MICH
3975,Yijie,,OECD CCI – Amplitude Adjusted,101.4075,Normalised (avg=100),2018-07,OECD via FRED – CSCICP03USM665S,Above 100 = optimism; below 100 = pessimism
3976,Yijie,https://fred.stlouisfed.org/series/USACSCICP02STSAM,OECD CCI – Standardised,105.3349,Normalised (avg=100),2018-07,OECD via FRED,FRED series USACSCICP02STSAM
3977,Yijie,,Yale – Individual 1yr Stock Confidence,63.43,%,2018-07,Yale ICF – Stock Market Confidence Indices,% of individual investors expecting market higher in 1yr
3978,Yijie,,Yale – Institutional 1yr Stock Confidence,72.31,%,2018-07,Yale ICF – Stock Market Confidence Indices,% of institutional investors expecting market higher in 1yr
3979,Yijie,https://fred.stlouisfed.org/series/T5YIE,5yr Breakeven Inflation Rate,2.0,Percent (%),2018-08,Federal Reserve Bank of St. Louis,FRED series T5YIE
3980,Yijie,https://fred.stlouisfed.org/series/EXPINF10YR,Cleveland Fed – 10yr Inflation Expectations,2.14036185,Percent (%),2018-08,Federal Reserve Bank of Cleveland via FRED,FRED series EXPINF10YR
3981,Yijie,https://fred.stlouisfed.org/series/EXPINF1YR,Cleveland Fed – 1yr Inflation Expectations,2.12845808,Percent (%),2018-08,Federal Reserve Bank of Cleveland via FRED,FRED series EXPINF1YR
3982,Yijie,,Michigan ICS – Overall,96.2,Index Points,2018-08,Univ. of Michigan – Surveys of Consumers,
3983,Yijie,https://fred.stlouisfed.org/series/MICH,Michigan – 1yr Inflation Expectations,3.0,Percent (%),2018-08,University of Michigan – Surveys of Consumers,FRED series MICH
3984,Yijie,,OECD CCI – Amplitude Adjusted,101.4186,Normalised (avg=100),2018-08,OECD via FRED – CSCICP03USM665S,Above 100 = optimism; below 100 = pessimism
3985,Yijie,https://fred.stlouisfed.org/series/USACSCICP02STSAM,OECD CCI – Standardised,103.5058,Normalised (avg=100),2018-08,OECD via FRED,FRED series USACSCICP02STSAM
3986,Yijie,,Yale – Individual 1yr Stock Confidence,69.18,%,2018-08,Yale ICF – Stock Market Confidence Indices,% of individual investors expecting market higher in 1yr
3987,Yijie,,Yale – Institutional 1yr Stock Confidence,72.73,%,2018-08,Yale ICF – Stock Market Confidence Indices,% of institutional investors expecting market higher in 1yr
3988,Yijie,https://fred.stlouisfed.org/series/T5YIE,5yr Breakeven Inflation Rate,1.99,Percent (%),2018-09,Federal Reserve Bank of St. Louis,FRED series T5YIE
3989,Yijie,https://fred.stlouisfed.org/series/EXPINF10YR,Cleveland Fed – 10yr Inflation Expectations,2.13615266,Percent (%),2018-09,Federal Reserve Bank of Cleveland via FRED,FRED series EXPINF10YR
3990,Yijie,https://fred.stlouisfed.org/series/EXPINF1YR,Cleveland Fed – 1yr Inflation Expectations,2.41001454,Percent (%),2018-09,Federal Reserve Bank of Cleveland via FRED,FRED series EXPINF1YR
3991,Yijie,,Michigan ICS – Overall,100.1,Index Points,2018-09,Univ. of Michigan – Surveys of Consumers,
3992,Yijie,https://fred.stlouisfed.org/series/MICH,Michigan – 1yr Inflation Expectations,2.7,Percent (%),2018-09,University of Michigan – Surveys of Consumers,FRED series MICH
3993,Yijie,,OECD CCI – Amplitude Adjusted,101.5003,Normalised (avg=100),2018-09,OECD via FRED – CSCICP03USM665S,Above 100 = optimism; below 100 = pessimism
3994,Yijie,https://fred.stlouisfed.org/series/USACSCICP02STSAM,OECD CCI – Standardised,107.702,Normalised (avg=100),2018-09,OECD via FRED,FRED series USACSCICP02STSAM
3995,Yijie,,Yale – Individual 1yr Stock Confidence,72.73,%,2018-09,Yale ICF – Stock Market Confidence Indices,% of individual investors expecting market higher in 1yr
3996,Yijie,,Yale – Institutional 1yr Stock Confidence,75.61,%,2018-09,Yale ICF – Stock Market Confidence Indices,% of institutional investors expecting market higher in 1yr
3997,Yijie,https://fred.stlouisfed.org/series/T5YIE,5yr Breakeven Inflation Rate,2.04,Percent (%),2018-10,Federal Reserve Bank of St. Louis,FRED series T5YIE
3998,Yijie,https://fred.stlouisfed.org/series/EXPINF10YR,Cleveland Fed – 10yr Inflation Expectations,2.16677604,Percent (%),2018-10,Federal Reserve Bank of Cleveland via FRED,FRED series EXPINF10YR
3999,Yijie,https://fred.stlouisfed.org/series/EXPINF1YR,Cleveland Fed – 1yr Inflation Expectations,2.21216657,Percent (%),2018-10,Federal Reserve Bank of Cleveland via FRED,FRED series EXPINF1YR
4000,Yijie,,Michigan ICS – Overall,98.6,Index Points,2018-10,Univ. of Michigan – Surveys of Consumers,
4001,Yijie,https://fred.stlouisfed.org/series/MICH,Michigan – 1yr Inflation Expectations,2.9,Percent (%),2018-10,University of Michigan – Surveys of Consumers,FRED series MICH
4002,Yijie,,OECD CCI – Amplitude Adjusted,101.4828,Normalised (avg=100),2018-10,OECD via FRED – CSCICP03USM665S,Above 100 = optimism; below 100 = pessimism
4003,Yijie,https://fred.stlouisfed.org/series/USACSCICP02STSAM,OECD CCI – Standardised,106.0881,Normalised (avg=100),2018-10,OECD via FRED,FRED series USACSCICP02STSAM
4004,Yijie,,Yale – Individual 1yr Stock Confidence,71.03,%,2018-10,Yale ICF – Stock Market Confidence Indices,% of individual investors expecting market higher in 1yr
4005,Yijie,,Yale – Institutional 1yr Stock Confidence,79.25,%,2018-10,Yale ICF – Stock Market Confidence Indices,% of institutional investors expecting market higher in 1yr
4006,Yijie,https://fred.stlouisfed.org/series/T5YIE,5yr Breakeven Inflation Rate,1.88,Percent (%),2018-11,Federal Reserve Bank of St. Louis,FRED series T5YIE
4007,Yijie,https://fred.stlouisfed.org/series/EXPINF10YR,Cleveland Fed – 10yr Inflation Expectations,2.15417847,Percent (%),2018-11,Federal Reserve Bank of Cleveland via FRED,FRED series EXPINF10YR
4008,Yijie,https://fred.stlouisfed.org/series/EXPINF1YR,Cleveland Fed – 1yr Inflation Expectations,2.16701625,Percent (%),2018-11,Federal Reserve Bank of Cleveland via FRED,FRED series EXPINF1YR
4009,Yijie,,Michigan ICS – Overall,97.5,Index Points,2018-11,Univ. of Michigan – Surveys of Consumers,
4010,Yijie,https://fred.stlouisfed.org/series/MICH,Michigan – 1yr Inflation Expectations,2.8,Percent (%),2018-11,University of Michigan – Surveys of Consumers,FRED series MICH
4011,Yijie,,OECD CCI – Amplitude Adjusted,101.3758,Normalised (avg=100),2018-11,OECD via FRED – CSCICP03USM665S,Above 100 = optimism; below 100 = pessimism
4012,Yijie,https://fred.stlouisfed.org/series/USACSCICP02STSAM,OECD CCI – Standardised,104.9045,Normalised (avg=100),2018-11,OECD via FRED,FRED series USACSCICP02STSAM
4013,Yijie,,Yale – Individual 1yr Stock Confidence,66.96,%,2018-11,Yale ICF – Stock Market Confidence Indices,% of individual investors expecting market higher in 1yr
4014,Yijie,,Yale – Institutional 1yr Stock Confidence,77.0,%,2018-11,Yale ICF – Stock Market Confidence Indices,% of institutional investors expecting market higher in 1yr
4015,Yijie,https://fred.stlouisfed.org/series/T5YIE,5yr Breakeven Inflation Rate,1.76,Percent (%),2018-12,Federal Reserve Bank of St. Louis,FRED series T5YIE
4016,Yijie,https://fred.stlouisfed.org/series/EXPINF10YR,Cleveland Fed – 10yr Inflation Expectations,2.09134924,Percent (%),2018-12,Federal Reserve Bank of Cleveland via FRED,FRED series EXPINF10YR
4017,Yijie,https://fred.stlouisfed.org/series/EXPINF1YR,Cleveland Fed – 1yr Inflation Expectations,1.98107002,Percent (%),2018-12,Federal Reserve Bank of Cleveland via FRED,FRED series EXPINF1YR
4018,Yijie,,Michigan ICS – Overall,98.3,Index Points,2018-12,Univ. of Michigan – Surveys of Consumers,
4019,Yijie,https://fred.stlouisfed.org/series/MICH,Michigan – 1yr Inflation Expectations,2.7,Percent (%),2018-12,University of Michigan – Surveys of Consumers,FRED series MICH
4020,Yijie,,OECD CCI – Amplitude Adjusted,101.2088,Normalised (avg=100),2018-12,OECD via FRED – CSCICP03USM665S,Above 100 = optimism; below 100 = pessimism
4021,Yijie,https://fred.stlouisfed.org/series/USACSCICP02STSAM,OECD CCI – Standardised,105.7653,Normalised (avg=100),2018-12,OECD via FRED,FRED series USACSCICP02STSAM
4022,Yijie,,Yale – Individual 1yr Stock Confidence,64.23,%,2018-12,Yale ICF – Stock Market Confidence Indices,% of individual investors expecting market higher in 1yr
4023,Yijie,,Yale – Institutional 1yr Stock Confidence,70.1,%,2018-12,Yale ICF – Stock Market Confidence Indices,% of institutional investors expecting market higher in 1yr
4024,Yijie,https://fred.stlouisfed.org/series/T5YIE,5yr Breakeven Inflation Rate,1.49,Percent (%),2019-01,Federal Reserve Bank of St. Louis,FRED series T5YIE
4025,Yijie,https://fred.stlouisfed.org/series/EXPINF10YR,Cleveland Fed – 10yr Inflation Expectations,1.95832446,Percent (%),2019-01,Federal Reserve Bank of Cleveland via FRED,FRED series EXPINF10YR
4026,Yijie,https://fred.stlouisfed.org/series/EXPINF1YR,Cleveland Fed – 1yr Inflation Expectations,1.8039584,Percent (%),2019-01,Federal Reserve Bank of Cleveland via FRED,FRED series EXPINF1YR
4027,Yijie,,Michigan ICS – Overall,91.2,Index Points,2019-01,Univ. of Michigan – Surveys of Consumers,
4028,Yijie,https://fred.stlouisfed.org/series/MICH,Michigan – 1yr Inflation Expectations,2.7,Percent (%),2019-01,University of Michigan – Surveys of Consumers,FRED series MICH
4029,Yijie,,OECD CCI – Amplitude Adjusted,101.0089,Normalised (avg=100),2019-01,OECD via FRED – CSCICP03USM665S,Above 100 = optimism; below 100 = pessimism
4030,Yijie,https://fred.stlouisfed.org/series/USACSCICP02STSAM,OECD CCI – Standardised,98.12607,Normalised (avg=100),2019-01,OECD via FRED,FRED series USACSCICP02STSAM
4031,Yijie,,Yale – Individual 1yr Stock Confidence,68.15,%,2019-01,Yale ICF – Stock Market Confidence Indices,% of individual investors expecting market higher in 1yr
4032,Yijie,,Yale – Institutional 1yr Stock Confidence,74.8,%,2019-01,Yale ICF – Stock Market Confidence Indices,% of institutional investors expecting market higher in 1yr
4033,Yijie,https://fred.stlouisfed.org/series/T5YIE,5yr Breakeven Inflation Rate,1.72,Percent (%),2019-02,Federal Reserve Bank of St. Louis,FRED series T5YIE
4034,Yijie,https://fred.stlouisfed.org/series/EXPINF10YR,Cleveland Fed – 10yr Inflation Expectations,1.97069441,Percent (%),2019-02,Federal Reserve Bank of Cleveland via FRED,FRED series EXPINF10YR
4035,Yijie,https://fred.stlouisfed.org/series/EXPINF1YR,Cleveland Fed – 1yr Inflation Expectations,1.78943106,Percent (%),2019-02,Federal Reserve Bank of Cleveland via FRED,FRED series EXPINF1YR
4036,Yijie,,Michigan ICS – Overall,93.8,Index Points,2019-02,Univ. of Michigan – Surveys of Consumers,
4037,Yijie,https://fred.stlouisfed.org/series/MICH,Michigan – 1yr Inflation Expectations,2.6,Percent (%),2019-02,University of Michigan – Surveys of Consumers,FRED series MICH
4038,Yijie,,OECD CCI – Amplitude Adjusted,101.0619,Normalised (avg=100),2019-02,OECD via FRED – CSCICP03USM665S,Above 100 = optimism; below 100 = pessimism
4039,Yijie,https://fred.stlouisfed.org/series/USACSCICP02STSAM,OECD CCI – Standardised,100.9235,Normalised (avg=100),2019-02,OECD via FRED,FRED series USACSCICP02STSAM
4040,Yijie,,Yale – Individual 1yr Stock Confidence,65.27,%,2019-02,Yale ICF – Stock Market Confidence Indices,% of individual investors expecting market higher in 1yr
4041,Yijie,,Yale – Institutional 1yr Stock Confidence,75.0,%,2019-02,Yale ICF – Stock Market Confidence Indices,% of institutional investors expecting market higher in 1yr
4042,Yijie,https://fred.stlouisfed.org/series/T5YIE,5yr Breakeven Inflation Rate,1.85,Percent (%),2019-03,Federal Reserve Bank of St. Louis,FRED series T5YIE
4043,Yijie,https://fred.stlouisfed.org/series/EXPINF10YR,Cleveland Fed – 10yr Inflation Expectations,1.69207771,Percent (%),2019-03,Federal Reserve Bank of Cleveland via FRED,FRED series EXPINF10YR
4044,Yijie,https://fred.stlouisfed.org/series/EXPINF1YR,Cleveland Fed – 1yr Inflation Expectations,1.37532429,Percent (%),2019-03,Federal Reserve Bank of Cleveland via FRED,FRED series EXPINF1YR
4045,Yijie,,Michigan ICS – Overall,98.4,Index Points,2019-03,Univ. of Michigan – Surveys of Consumers,
4046,Yijie,https://fred.stlouisfed.org/series/MICH,Michigan – 1yr Inflation Expectations,2.5,Percent (%),2019-03,University of Michigan – Surveys of Consumers,FRED series MICH
4047,Yijie,,OECD CCI – Amplitude Adjusted,101.2753,Normalised (avg=100),2019-03,OECD via FRED – CSCICP03USM665S,Above 100 = optimism; below 100 = pessimism
4048,Yijie,https://fred.stlouisfed.org/series/USACSCICP02STSAM,OECD CCI – Standardised,105.8729,Normalised (avg=100),2019-03,OECD via FRED,FRED series USACSCICP02STSAM
4049,Yijie,,Yale – Individual 1yr Stock Confidence,67.34,%,2019-03,Yale ICF – Stock Market Confidence Indices,% of individual investors expecting market higher in 1yr
4050,Yijie,,Yale – Institutional 1yr Stock Confidence,74.63,%,2019-03,Yale ICF – Stock Market Confidence Indices,% of institutional investors expecting market higher in 1yr
4051,Yijie,https://fred.stlouisfed.org/series/T5YIE,5yr Breakeven Inflation Rate,1.82,Percent (%),2019-04,Federal Reserve Bank of St. Louis,FRED series T5YIE
4052,Yijie,https://fred.stlouisfed.org/series/EXPINF10YR,Cleveland Fed – 10yr Inflation Expectations,1.74737586,Percent (%),2019-04,Federal Reserve Bank of Cleveland via FRED,FRED series EXPINF10YR
4053,Yijie,https://fred.stlouisfed.org/series/EXPINF1YR,Cleveland Fed – 1yr Inflation Expectations,2.0373803,Percent (%),2019-04,Federal Reserve Bank of Cleveland via FRED,FRED series EXPINF1YR
4054,Yijie,,Michigan ICS – Overall,97.2,Index Points,2019-04,Univ. of Michigan – Surveys of Consumers,
4055,Yijie,https://fred.stlouisfed.org/series/MICH,Michigan – 1yr Inflation Expectations,2.5,Percent (%),2019-04,University of Michigan – Surveys of Consumers,FRED series MICH
4056,Yijie,,OECD CCI – Amplitude Adjusted,101.4318,Normalised (avg=100),2019-04,OECD via FRED – CSCICP03USM665S,Above 100 = optimism; below 100 = pessimism
4057,Yijie,https://fred.stlouisfed.org/series/USACSCICP02STSAM,OECD CCI – Standardised,104.5817,Normalised (avg=100),2019-04,OECD via FRED,FRED series USACSCICP02STSAM
4058,Yijie,,Yale – Individual 1yr Stock Confidence,68.37,%,2019-04,Yale ICF – Stock Market Confidence Indices,% of individual investors expecting market higher in 1yr
4059,Yijie,,Yale – Institutional 1yr Stock Confidence,75.61,%,2019-04,Yale ICF – Stock Market Confidence Indices,% of institutional investors expecting market higher in 1yr
4060,Yijie,https://fred.stlouisfed.org/series/T5YIE,5yr Breakeven Inflation Rate,1.83,Percent (%),2019-05,Federal Reserve Bank of St. Louis,FRED series T5YIE
4061,Yijie,https://fred.stlouisfed.org/series/EXPINF10YR,Cleveland Fed – 10yr Inflation Expectations,1.80265678,Percent (%),2019-05,Federal Reserve Bank of Cleveland via FRED,FRED series EXPINF10YR
4062,Yijie,https://fred.stlouisfed.org/series/EXPINF1YR,Cleveland Fed – 1yr Inflation Expectations,2.18513987,Percent (%),2019-05,Federal Reserve Bank of Cleveland via FRED,FRED series EXPINF1YR
4063,Yijie,,Michigan ICS – Overall,100.0,Index Points,2019-05,Univ. of Michigan – Surveys of Consumers,
4064,Yijie,https://fred.stlouisfed.org/series/MICH,Michigan – 1yr Inflation Expectations,2.9,Percent (%),2019-05,University of Michigan – Surveys of Consumers,FRED series MICH
4065,Yijie,,OECD CCI – Amplitude Adjusted,101.5178,Normalised (avg=100),2019-05,OECD via FRED – CSCICP03USM665S,Above 100 = optimism; below 100 = pessimism
4066,Yijie,https://fred.stlouisfed.org/series/USACSCICP02STSAM,OECD CCI – Standardised,107.5944,Normalised (avg=100),2019-05,OECD via FRED,FRED series USACSCICP02STSAM
4067,Yijie,,Yale – Individual 1yr Stock Confidence,69.35,%,2019-05,Yale ICF – Stock Market Confidence Indices,% of individual investors expecting market higher in 1yr
4068,Yijie,,Yale – Institutional 1yr Stock Confidence,73.44,%,2019-05,Yale ICF – Stock Market Confidence Indices,% of institutional investors expecting market higher in 1yr
4069,Yijie,https://fred.stlouisfed.org/series/T5YIE,5yr Breakeven Inflation Rate,1.56,Percent (%),2019-06,Federal Reserve Bank of St. Louis,FRED series T5YIE
4070,Yijie,https://fred.stlouisfed.org/series/EXPINF10YR,Cleveland Fed – 10yr Inflation Expectations,1.63705342,Percent (%),2019-06,Federal Reserve Bank of Cleveland via FRED,FRED series EXPINF10YR
4071,Yijie,https://fred.stlouisfed.org/series/EXPINF1YR,Cleveland Fed – 1yr Inflation Expectations,1.60914045,Percent (%),2019-06,Federal Reserve Bank of Cleveland via FRED,FRED series EXPINF1YR
4072,Yijie,,Michigan ICS – Overall,98.2,Index Points,2019-06,Univ. of Michigan – Surveys of Consumers,
4073,Yijie,https://fred.stlouisfed.org/series/MICH,Michigan – 1yr Inflation Expectations,2.7,Percent (%),2019-06,University of Michigan – Surveys of Consumers,FRED series MICH
4074,Yijie,,OECD CCI – Amplitude Adjusted,101.426,Normalised (avg=100),2019-06,OECD via FRED – CSCICP03USM665S,Above 100 = optimism; below 100 = pessimism
4075,Yijie,https://fred.stlouisfed.org/series/USACSCICP02STSAM,OECD CCI – Standardised,105.6577,Normalised (avg=100),2019-06,OECD via FRED,FRED series USACSCICP02STSAM
4076,Yijie,,Yale – Individual 1yr Stock Confidence,72.62,%,2019-06,Yale ICF – Stock Market Confidence Indices,% of individual investors expecting market higher in 1yr
4077,Yijie,,Yale – Institutional 1yr Stock Confidence,75.59,%,2019-06,Yale ICF – Stock Market Confidence Indices,% of institutional investors expecting market higher in 1yr
4078,Yijie,https://fred.stlouisfed.org/series/T5YIE,5yr Breakeven Inflation Rate,1.53,Percent (%),2019-07,Federal Reserve Bank of St. Louis,FRED series T5YIE
4079,Yijie,https://fred.stlouisfed.org/series/EXPINF10YR,Cleveland Fed – 10yr Inflation Expectations,1.67609847,Percent (%),2019-07,Federal Reserve Bank of Cleveland via FRED,FRED series EXPINF10YR
4080,Yijie,https://fred.stlouisfed.org/series/EXPINF1YR,Cleveland Fed – 1yr Inflation Expectations,1.74765616,Percent (%),2019-07,Federal Reserve Bank of Cleveland via FRED,FRED series EXPINF1YR
4081,Yijie,,Michigan ICS – Overall,98.4,Index Points,2019-07,Univ. of Michigan – Surveys of Consumers,
4082,Yijie,https://fred.stlouisfed.org/series/MICH,Michigan – 1yr Inflation Expectations,2.6,Percent (%),2019-07,University of Michigan – Surveys of Consumers,FRED series MICH
4083,Yijie,,OECD CCI – Amplitude Adjusted,101.1991,Normalised (avg=100),2019-07,OECD via FRED – CSCICP03USM665S,Above 100 = optimism; below 100 = pessimism
4084,Yijie,https://fred.stlouisfed.org/series/USACSCICP02STSAM,OECD CCI – Standardised,105.8729,Normalised (avg=100),2019-07,OECD via FRED,FRED series USACSCICP02STSAM
4085,Yijie,,Yale – Individual 1yr Stock Confidence,68.22,%,2019-07,Yale ICF – Stock Market Confidence Indices,% of individual investors expecting market higher in 1yr
4086,Yijie,,Yale – Institutional 1yr Stock Confidence,72.0,%,2019-07,Yale ICF – Stock Market Confidence Indices,% of institutional investors expecting market higher in 1yr
4087,Yijie,https://fred.stlouisfed.org/series/T5YIE,5yr Breakeven Inflation Rate,1.47,Percent (%),2019-08,Federal Reserve Bank of St. Louis,FRED series T5YIE
4088,Yijie,https://fred.stlouisfed.org/series/EXPINF10YR,Cleveland Fed – 10yr Inflation Expectations,1.65909585,Percent (%),2019-08,Federal Reserve Bank of Cleveland via FRED,FRED series EXPINF10YR
4089,Yijie,https://fred.stlouisfed.org/series/EXPINF1YR,Cleveland Fed – 1yr Inflation Expectations,1.71433646,Percent (%),2019-08,Federal Reserve Bank of Cleveland via FRED,FRED series EXPINF1YR
4090,Yijie,,Michigan ICS – Overall,89.8,Index Points,2019-08,Univ. of Michigan – Surveys of Consumers,
4091,Yijie,https://fred.stlouisfed.org/series/MICH,Michigan – 1yr Inflation Expectations,2.7,Percent (%),2019-08,University of Michigan – Surveys of Consumers,FRED series MICH
4092,Yijie,,OECD CCI – Amplitude Adjusted,100.9093,Normalised (avg=100),2019-08,OECD via FRED – CSCICP03USM665S,Above 100 = optimism; below 100 = pessimism
4093,Yijie,https://fred.stlouisfed.org/series/USACSCICP02STSAM,OECD CCI – Standardised,96.61974,Normalised (avg=100),2019-08,OECD via FRED,FRED series USACSCICP02STSAM
4094,Yijie,,Yale – Individual 1yr Stock Confidence,70.08,%,2019-08,Yale ICF – Stock Market Confidence Indices,% of individual investors expecting market higher in 1yr
4095,Yijie,,Yale – Institutional 1yr Stock Confidence,69.52,%,2019-08,Yale ICF – Stock Market Confidence Indices,% of institutional investors expecting market higher in 1yr
4096,Yijie,https://fred.stlouisfed.org/series/T5YIE,5yr Breakeven Inflation Rate,1.29,Percent (%),2019-09,Federal Reserve Bank of St. Louis,FRED series T5YIE
4097,Yijie,https://fred.stlouisfed.org/series/EXPINF10YR,Cleveland Fed – 10yr Inflation Expectations,1.56044845,Percent (%),2019-09,Federal Reserve Bank of Cleveland via FRED,FRED series EXPINF10YR
4098,Yijie,https://fred.stlouisfed.org/series/EXPINF1YR,Cleveland Fed – 1yr Inflation Expectations,1.64492794,Percent (%),2019-09,Federal Reserve Bank of Cleveland via FRED,FRED series EXPINF1YR
4099,Yijie,,Michigan ICS – Overall,93.2,Index Points,2019-09,Univ. of Michigan – Surveys of Consumers,
4100,Yijie,https://fred.stlouisfed.org/series/MICH,Michigan – 1yr Inflation Expectations,2.8,Percent (%),2019-09,University of Michigan – Surveys of Consumers,FRED series MICH
4101,Yijie,,OECD CCI – Amplitude Adjusted,100.9092,Normalised (avg=100),2019-09,OECD via FRED – CSCICP03USM665S,Above 100 = optimism; below 100 = pessimism
4102,Yijie,https://fred.stlouisfed.org/series/USACSCICP02STSAM,OECD CCI – Standardised,100.278,Normalised (avg=100),2019-09,OECD via FRED,FRED series USACSCICP02STSAM
4103,Yijie,,Yale – Individual 1yr Stock Confidence,63.72,%,2019-09,Yale ICF – Stock Market Confidence Indices,% of individual investors expecting market higher in 1yr
4104,Yijie,,Yale – Institutional 1yr Stock Confidence,68.0,%,2019-09,Yale ICF – Stock Market Confidence Indices,% of institutional investors expecting market higher in 1yr
4105,Yijie,https://fred.stlouisfed.org/series/T5YIE,5yr Breakeven Inflation Rate,1.33,Percent (%),2019-10,Federal Reserve Bank of St. Louis,FRED series T5YIE
4106,Yijie,https://fred.stlouisfed.org/series/EXPINF10YR,Cleveland Fed – 10yr Inflation Expectations,1.64198724,Percent (%),2019-10,Federal Reserve Bank of Cleveland via FRED,FRED series EXPINF10YR
4107,Yijie,https://fred.stlouisfed.org/series/EXPINF1YR,Cleveland Fed – 1yr Inflation Expectations,1.72460183,Percent (%),2019-10,Federal Reserve Bank of Cleveland via FRED,FRED series EXPINF1YR
4108,Yijie,,Michigan ICS – Overall,95.5,Index Points,2019-10,Univ. of Michigan – Surveys of Consumers,
4109,Yijie,https://fred.stlouisfed.org/series/MICH,Michigan – 1yr Inflation Expectations,2.5,Percent (%),2019-10,University of Michigan – Surveys of Consumers,FRED series MICH
4110,Yijie,,OECD CCI – Amplitude Adjusted,101.1078,Normalised (avg=100),2019-10,OECD via FRED – CSCICP03USM665S,Above 100 = optimism; below 100 = pessimism
4111,Yijie,https://fred.stlouisfed.org/series/USACSCICP02STSAM,OECD CCI – Standardised,102.7526,Normalised (avg=100),2019-10,OECD via FRED,FRED series USACSCICP02STSAM
4112,Yijie,,Yale – Individual 1yr Stock Confidence,59.79,%,2019-10,Yale ICF – Stock Market Confidence Indices,% of individual investors expecting market higher in 1yr
4113,Yijie,,Yale – Institutional 1yr Stock Confidence,66.33,%,2019-10,Yale ICF – Stock Market Confidence Indices,% of institutional investors expecting market higher in 1yr
4114,Yijie,https://fred.stlouisfed.org/series/T5YIE,5yr Breakeven Inflation Rate,1.5,Percent (%),2019-11,Federal Reserve Bank of St. Louis,FRED series T5YIE
4115,Yijie,https://fred.stlouisfed.org/series/EXPINF10YR,Cleveland Fed – 10yr Inflation Expectations,1.67935282,Percent (%),2019-11,Federal Reserve Bank of Cleveland via FRED,FRED series EXPINF10YR
4116,Yijie,https://fred.stlouisfed.org/series/EXPINF1YR,Cleveland Fed – 1yr Inflation Expectations,1.69729979,Percent (%),2019-11,Federal Reserve Bank of Cleveland via FRED,FRED series EXPINF1YR
4117,Yijie,,Michigan ICS – Overall,96.8,Index Points,2019-11,Univ. of Michigan – Surveys of Consumers,
4118,Yijie,https://fred.stlouisfed.org/series/MICH,Michigan – 1yr Inflation Expectations,2.5,Percent (%),2019-11,University of Michigan – Surveys of Consumers,FRED series MICH
4119,Yijie,,OECD CCI – Amplitude Adjusted,101.3707,Normalised (avg=100),2019-11,OECD via FRED – CSCICP03USM665S,Above 100 = optimism; below 100 = pessimism
4120,Yijie,https://fred.stlouisfed.org/series/USACSCICP02STSAM,OECD CCI – Standardised,104.1514,Normalised (avg=100),2019-11,OECD via FRED,FRED series USACSCICP02STSAM
4121,Yijie,,Yale – Individual 1yr Stock Confidence,63.96,%,2019-11,Yale ICF – Stock Market Confidence Indices,% of individual investors expecting market higher in 1yr
4122,Yijie,,Yale – Institutional 1yr Stock Confidence,70.09,%,2019-11,Yale ICF – Stock Market Confidence Indices,% of institutional investors expecting market higher in 1yr
4123,Yijie,https://fred.stlouisfed.org/series/T5YIE,5yr Breakeven Inflation Rate,1.54,Percent (%),2019-12,Federal Reserve Bank of St. Louis,FRED series T5YIE
4124,Yijie,https://fred.stlouisfed.org/series/EXPINF10YR,Cleveland Fed – 10yr Inflation Expectations,1.7145255,Percent (%),2019-12,Federal Reserve Bank of Cleveland via FRED,FRED series EXPINF10YR
4125,Yijie,https://fred.stlouisfed.org/series/EXPINF1YR,Cleveland Fed – 1yr Inflation Expectations,1.70378442,Percent (%),2019-12,Federal Reserve Bank of Cleveland via FRED,FRED series EXPINF1YR
4126,Yijie,,Michigan ICS – Overall,99.3,Index Points,2019-12,Univ. of Michigan – Surveys of Consumers,
4127,Yijie,https://fred.stlouisfed.org/series/MICH,Michigan – 1yr Inflation Expectations,2.3,Percent (%),2019-12,University of Michigan – Surveys of Consumers,FRED series MICH
4128,Yijie,,OECD CCI – Amplitude Adjusted,101.5937,Normalised (avg=100),2019-12,OECD via FRED – CSCICP03USM665S,Above 100 = optimism; below 100 = pessimism
4129,Yijie,https://fred.stlouisfed.org/series/USACSCICP02STSAM,OECD CCI – Standardised,106.8412,Normalised (avg=100),2019-12,OECD via FRED,FRED series USACSCICP02STSAM
4130,Yijie,,Yale – Individual 1yr Stock Confidence,62.16,%,2019-12,Yale ICF – Stock Market Confidence Indices,% of individual investors expecting market higher in 1yr
4131,Yijie,,Yale – Institutional 1yr Stock Confidence,72.22,%,2019-12,Yale ICF – Stock Market Confidence Indices,% of institutional investors expecting market higher in 1yr
4132,Yijie,https://fred.stlouisfed.org/series/T5YIE,5yr Breakeven Inflation Rate,1.72,Percent (%),2020-01,Federal Reserve Bank of St. Louis,FRED series T5YIE
4133,Yijie,https://fred.stlouisfed.org/series/EXPINF10YR,Cleveland Fed – 10yr Inflation Expectations,1.7346773,Percent (%),2020-01,Federal Reserve Bank of Cleveland via FRED,FRED series EXPINF10YR
4134,Yijie,https://fred.stlouisfed.org/series/EXPINF1YR,Cleveland Fed – 1yr Inflation Expectations,1.79710932,Percent (%),2020-01,Federal Reserve Bank of Cleveland via FRED,FRED series EXPINF1YR
4135,Yijie,,Michigan ICS – Overall,99.8,Index Points,2020-01,Univ. of Michigan – Surveys of Consumers,
4136,Yijie,https://fred.stlouisfed.org/series/MICH,Michigan – 1yr Inflation Expectations,2.5,Percent (%),2020-01,University of Michigan – Surveys of Consumers,FRED series MICH
4137,Yijie,,OECD CCI – Amplitude Adjusted,101.5921,Normalised (avg=100),2020-01,OECD via FRED – CSCICP03USM665S,Above 100 = optimism; below 100 = pessimism
4138,Yijie,https://fred.stlouisfed.org/series/USACSCICP02STSAM,OECD CCI – Standardised,107.3792,Normalised (avg=100),2020-01,OECD via FRED,FRED series USACSCICP02STSAM
4139,Yijie,,Yale – Individual 1yr Stock Confidence,64.35,%,2020-01,Yale ICF – Stock Market Confidence Indices,% of individual investors expecting market higher in 1yr
4140,Yijie,,Yale – Institutional 1yr Stock Confidence,72.17,%,2020-01,Yale ICF – Stock Market Confidence Indices,% of institutional investors expecting market higher in 1yr
4141,Yijie,https://fred.stlouisfed.org/series/T5YIE,5yr Breakeven Inflation Rate,1.56,Percent (%),2020-02,Federal Reserve Bank of St. Louis,FRED series T5YIE
4142,Yijie,https://fred.stlouisfed.org/series/EXPINF10YR,Cleveland Fed – 10yr Inflation Expectations,1.61900368,Percent (%),2020-02,Federal Reserve Bank of Cleveland via FRED,FRED series EXPINF10YR
4143,Yijie,https://fred.stlouisfed.org/series/EXPINF1YR,Cleveland Fed – 1yr Inflation Expectations,1.64596366,Percent (%),2020-02,Federal Reserve Bank of Cleveland via FRED,FRED series EXPINF1YR
4144,Yijie,,Michigan ICS – Overall,101.0,Index Points,2020-02,Univ. of Michigan – Surveys of Consumers,
4145,Yijie,https://fred.stlouisfed.org/series/MICH,Michigan – 1yr Inflation Expectations,2.4,Percent (%),2020-02,University of Michigan – Surveys of Consumers,FRED series MICH
4146,Yijie,,OECD CCI – Amplitude Adjusted,101.1732,Normalised (avg=100),2020-02,OECD via FRED – CSCICP03USM665S,Above 100 = optimism; below 100 = pessimism
4147,Yijie,https://fred.stlouisfed.org/series/USACSCICP02STSAM,OECD CCI – Standardised,108.6703,Normalised (avg=100),2020-02,OECD via FRED,FRED series USACSCICP02STSAM
4148,Yijie,,Yale – Individual 1yr Stock Confidence,65.0,%,2020-02,Yale ICF – Stock Market Confidence Indices,% of individual investors expecting market higher in 1yr
4149,Yijie,,Yale – Institutional 1yr Stock Confidence,79.34,%,2020-02,Yale ICF – Stock Market Confidence Indices,% of institutional investors expecting market higher in 1yr
4150,Yijie,https://fred.stlouisfed.org/series/T5YIE,5yr Breakeven Inflation Rate,1.32,Percent (%),2020-03,Federal Reserve Bank of St. Louis,FRED series T5YIE
4151,Yijie,https://fred.stlouisfed.org/series/EXPINF10YR,Cleveland Fed – 10yr Inflation Expectations,1.26977517,Percent (%),2020-03,Federal Reserve Bank of Cleveland via FRED,FRED series EXPINF10YR
4152,Yijie,https://fred.stlouisfed.org/series/EXPINF1YR,Cleveland Fed – 1yr Inflation Expectations,0.98707392,Percent (%),2020-03,Federal Reserve Bank of Cleveland via FRED,FRED series EXPINF1YR
4153,Yijie,,Michigan ICS – Overall,89.1,Index Points,2020-03,Univ. of Michigan – Surveys of Consumers,
4154,Yijie,https://fred.stlouisfed.org/series/MICH,Michigan – 1yr Inflation Expectations,2.2,Percent (%),2020-03,University of Michigan – Surveys of Consumers,FRED series MICH
4155,Yijie,,OECD CCI – Amplitude Adjusted,100.1966,Normalised (avg=100),2020-03,OECD via FRED – CSCICP03USM665S,Above 100 = optimism; below 100 = pessimism
4156,Yijie,https://fred.stlouisfed.org/series/USACSCICP02STSAM,OECD CCI – Standardised,95.86658,Normalised (avg=100),2020-03,OECD via FRED,FRED series USACSCICP02STSAM
4157,Yijie,,Yale – Individual 1yr Stock Confidence,70.94,%,2020-03,Yale ICF – Stock Market Confidence Indices,% of individual investors expecting market higher in 1yr
4158,Yijie,,Yale – Institutional 1yr Stock Confidence,81.42,%,2020-03,Yale ICF – Stock Market Confidence Indices,% of institutional investors expecting market higher in 1yr
4159,Yijie,https://fred.stlouisfed.org/series/T5YIE,5yr Breakeven Inflation Rate,0.56,Percent (%),2020-04,Federal Reserve Bank of St. Louis,FRED series T5YIE
4160,Yijie,https://fred.stlouisfed.org/series/EXPINF10YR,Cleveland Fed – 10yr Inflation Expectations,1.15834975,Percent (%),2020-04,Federal Reserve Bank of Cleveland via FRED,FRED series EXPINF10YR
4161,Yijie,https://fred.stlouisfed.org/series/EXPINF1YR,Cleveland Fed – 1yr Inflation Expectations,-0.05035367,Percent (%),2020-04,Federal Reserve Bank of Cleveland via FRED,FRED series EXPINF1YR
4162,Yijie,,Michigan ICS – Overall,71.8,Index Points,2020-04,Univ. of Michigan – Surveys of Consumers,
4163,Yijie,https://fred.stlouisfed.org/series/MICH,Michigan – 1yr Inflation Expectations,2.1,Percent (%),2020-04,University of Michigan – Surveys of Consumers,FRED series MICH
4164,Yijie,,OECD CCI – Amplitude Adjusted,99.13439,Normalised (avg=100),2020-04,OECD via FRED – CSCICP03USM665S,Above 100 = optimism; below 100 = pessimism
4165,Yijie,https://fred.stlouisfed.org/series/USACSCICP02STSAM,OECD CCI – Standardised,77.25275,Normalised (avg=100),2020-04,OECD via FRED,FRED series USACSCICP02STSAM
4166,Yijie,,Yale – Individual 1yr Stock Confidence,75.0,%,2020-04,Yale ICF – Stock Market Confidence Indices,% of individual investors expecting market higher in 1yr
4167,Yijie,,Yale – Institutional 1yr Stock Confidence,80.99,%,2020-04,Yale ICF – Stock Market Confidence Indices,% of institutional investors expecting market higher in 1yr
4168,Yijie,https://fred.stlouisfed.org/series/T5YIE,5yr Breakeven Inflation Rate,0.68,Percent (%),2020-05,Federal Reserve Bank of St. Louis,FRED series T5YIE
4169,Yijie,https://fred.stlouisfed.org/series/EXPINF10YR,Cleveland Fed – 10yr Inflation Expectations,1.16234276,Percent (%),2020-05,Federal Reserve Bank of Cleveland via FRED,FRED series EXPINF10YR
4170,Yijie,https://fred.stlouisfed.org/series/EXPINF1YR,Cleveland Fed – 1yr Inflation Expectations,-0.21879037,Percent (%),2020-05,Federal Reserve Bank of Cleveland via FRED,FRED series EXPINF1YR
4171,Yijie,,Michigan ICS – Overall,72.3,Index Points,2020-05,Univ. of Michigan – Surveys of Consumers,
4172,Yijie,https://fred.stlouisfed.org/series/MICH,Michigan – 1yr Inflation Expectations,3.2,Percent (%),2020-05,University of Michigan – Surveys of Consumers,FRED series MICH
4173,Yijie,,OECD CCI – Amplitude Adjusted,98.6451,Normalised (avg=100),2020-05,OECD via FRED – CSCICP03USM665S,Above 100 = optimism; below 100 = pessimism
4174,Yijie,https://fred.stlouisfed.org/series/USACSCICP02STSAM,OECD CCI – Standardised,77.79073,Normalised (avg=100),2020-05,OECD via FRED,FRED series USACSCICP02STSAM
4175,Yijie,,Yale – Individual 1yr Stock Confidence,74.05,%,2020-05,Yale ICF – Stock Market Confidence Indices,% of individual investors expecting market higher in 1yr
4176,Yijie,,Yale – Institutional 1yr Stock Confidence,81.9,%,2020-05,Yale ICF – Stock Market Confidence Indices,% of institutional investors expecting market higher in 1yr
4177,Yijie,https://fred.stlouisfed.org/series/T5YIE,5yr Breakeven Inflation Rate,0.84,Percent (%),2020-06,Federal Reserve Bank of St. Louis,FRED series T5YIE
4178,Yijie,https://fred.stlouisfed.org/series/EXPINF10YR,Cleveland Fed – 10yr Inflation Expectations,1.23186673,Percent (%),2020-06,Federal Reserve Bank of Cleveland via FRED,FRED series EXPINF10YR
4179,Yijie,https://fred.stlouisfed.org/series/EXPINF1YR,Cleveland Fed – 1yr Inflation Expectations,0.51275711,Percent (%),2020-06,Federal Reserve Bank of Cleveland via FRED,FRED series EXPINF1YR
4180,Yijie,,Michigan ICS – Overall,78.1,Index Points,2020-06,Univ. of Michigan – Surveys of Consumers,
4181,Yijie,https://fred.stlouisfed.org/series/MICH,Michigan – 1yr Inflation Expectations,3.0,Percent (%),2020-06,University of Michigan – Surveys of Consumers,FRED series MICH
4182,Yijie,,OECD CCI – Amplitude Adjusted,98.59637,Normalised (avg=100),2020-06,OECD via FRED – CSCICP03USM665S,Above 100 = optimism; below 100 = pessimism
4183,Yijie,https://fred.stlouisfed.org/series/USACSCICP02STSAM,OECD CCI – Standardised,84.0312,Normalised (avg=100),2020-06,OECD via FRED,FRED series USACSCICP02STSAM
4184,Yijie,,Yale – Individual 1yr Stock Confidence,75.89,%,2020-06,Yale ICF – Stock Market Confidence Indices,% of individual investors expecting market higher in 1yr
4185,Yijie,,Yale – Institutional 1yr Stock Confidence,79.59,%,2020-06,Yale ICF – Stock Market Confidence Indices,% of institutional investors expecting market higher in 1yr
4186,Yijie,https://fred.stlouisfed.org/series/T5YIE,5yr Breakeven Inflation Rate,1.17,Percent (%),2020-07,Federal Reserve Bank of St. Louis,FRED series T5YIE
4187,Yijie,https://fred.stlouisfed.org/series/EXPINF10YR,Cleveland Fed – 10yr Inflation Expectations,1.34690049,Percent (%),2020-07,Federal Reserve Bank of Cleveland via FRED,FRED series EXPINF10YR
4188,Yijie,https://fred.stlouisfed.org/series/EXPINF1YR,Cleveland Fed – 1yr Inflation Expectations,1.57200144,Percent (%),2020-07,Federal Reserve Bank of Cleveland via FRED,FRED series EXPINF1YR
4189,Yijie,,Michigan ICS – Overall,72.5,Index Points,2020-07,Univ. of Michigan – Surveys of Consumers,
4190,Yijie,https://fred.stlouisfed.org/series/MICH,Michigan – 1yr Inflation Expectations,3.0,Percent (%),2020-07,University of Michigan – Surveys of Consumers,FRED series MICH
4191,Yijie,,OECD CCI – Amplitude Adjusted,98.6133,Normalised (avg=100),2020-07,OECD via FRED – CSCICP03USM665S,Above 100 = optimism; below 100 = pessimism
4192,Yijie,https://fred.stlouisfed.org/series/USACSCICP02STSAM,OECD CCI – Standardised,78.00592,Normalised (avg=100),2020-07,OECD via FRED,FRED series USACSCICP02STSAM
4193,Yijie,,Yale – Individual 1yr Stock Confidence,73.61,%,2020-07,Yale ICF – Stock Market Confidence Indices,% of individual investors expecting market higher in 1yr
4194,Yijie,,Yale – Institutional 1yr Stock Confidence,80.95,%,2020-07,Yale ICF – Stock Market Confidence Indices,% of institutional investors expecting market higher in 1yr
4195,Yijie,https://fred.stlouisfed.org/series/T5YIE,5yr Breakeven Inflation Rate,1.46,Percent (%),2020-08,Federal Reserve Bank of St. Louis,FRED series T5YIE
4196,Yijie,https://fred.stlouisfed.org/series/EXPINF10YR,Cleveland Fed – 10yr Inflation Expectations,1.34095578,Percent (%),2020-08,Federal Reserve Bank of Cleveland via FRED,FRED series EXPINF10YR
4197,Yijie,https://fred.stlouisfed.org/series/EXPINF1YR,Cleveland Fed – 1yr Inflation Expectations,1.67677177,Percent (%),2020-08,Federal Reserve Bank of Cleveland via FRED,FRED series EXPINF1YR
4198,Yijie,,Michigan ICS – Overall,74.1,Index Points,2020-08,Univ. of Michigan – Surveys of Consumers,
4199,Yijie,https://fred.stlouisfed.org/series/MICH,Michigan – 1yr Inflation Expectations,3.1,Percent (%),2020-08,University of Michigan – Surveys of Consumers,FRED series MICH
4200,Yijie,,OECD CCI – Amplitude Adjusted,98.81078,Normalised (avg=100),2020-08,OECD via FRED – CSCICP03USM665S,Above 100 = optimism; below 100 = pessimism
4201,Yijie,https://fred.stlouisfed.org/series/USACSCICP02STSAM,OECD CCI – Standardised,79.72742,Normalised (avg=100),2020-08,OECD via FRED,FRED series USACSCICP02STSAM
4202,Yijie,,Yale – Individual 1yr Stock Confidence,73.05,%,2020-08,Yale ICF – Stock Market Confidence Indices,% of individual investors expecting market higher in 1yr
4203,Yijie,,Yale – Institutional 1yr Stock Confidence,72.86,%,2020-08,Yale ICF – Stock Market Confidence Indices,% of institutional investors expecting market higher in 1yr
4204,Yijie,https://fred.stlouisfed.org/series/T5YIE,5yr Breakeven Inflation Rate,1.65,Percent (%),2020-09,Federal Reserve Bank of St. Louis,FRED series T5YIE
4205,Yijie,https://fred.stlouisfed.org/series/EXPINF10YR,Cleveland Fed – 10yr Inflation Expectations,1.35099923,Percent (%),2020-09,Federal Reserve Bank of Cleveland via FRED,FRED series EXPINF10YR
4206,Yijie,https://fred.stlouisfed.org/series/EXPINF1YR,Cleveland Fed – 1yr Inflation Expectations,1.5827644,Percent (%),2020-09,Federal Reserve Bank of Cleveland via FRED,FRED series EXPINF1YR
4207,Yijie,,Michigan ICS – Overall,80.4,Index Points,2020-09,Univ. of Michigan – Surveys of Consumers,
4208,Yijie,https://fred.stlouisfed.org/series/MICH,Michigan – 1yr Inflation Expectations,2.6,Percent (%),2020-09,University of Michigan – Surveys of Consumers,FRED series MICH
4209,Yijie,,OECD CCI – Amplitude Adjusted,99.11648,Normalised (avg=100),2020-09,OECD via FRED – CSCICP03USM665S,Above 100 = optimism; below 100 = pessimism
4210,Yijie,https://fred.stlouisfed.org/series/USACSCICP02STSAM,OECD CCI – Standardised,86.50587,Normalised (avg=100),2020-09,OECD via FRED,FRED series USACSCICP02STSAM
4211,Yijie,,Yale – Individual 1yr Stock Confidence,70.07,%,2020-09,Yale ICF – Stock Market Confidence Indices,% of individual investors expecting market higher in 1yr
4212,Yijie,,Yale – Institutional 1yr Stock Confidence,69.86,%,2020-09,Yale ICF – Stock Market Confidence Indices,% of institutional investors expecting market higher in 1yr
4213,Yijie,https://fred.stlouisfed.org/series/T5YIE,5yr Breakeven Inflation Rate,1.48,Percent (%),2020-10,Federal Reserve Bank of St. Louis,FRED series T5YIE
4214,Yijie,https://fred.stlouisfed.org/series/EXPINF10YR,Cleveland Fed – 10yr Inflation Expectations,1.33753773,Percent (%),2020-10,Federal Reserve Bank of Cleveland via FRED,FRED series EXPINF10YR
4215,Yijie,https://fred.stlouisfed.org/series/EXPINF1YR,Cleveland Fed – 1yr Inflation Expectations,1.39703767,Percent (%),2020-10,Federal Reserve Bank of Cleveland via FRED,FRED series EXPINF1YR
4216,Yijie,,Michigan ICS – Overall,81.8,Index Points,2020-10,Univ. of Michigan – Surveys of Consumers,
4217,Yijie,https://fred.stlouisfed.org/series/MICH,Michigan – 1yr Inflation Expectations,2.6,Percent (%),2020-10,University of Michigan – Surveys of Consumers,FRED series MICH
4218,Yijie,,OECD CCI – Amplitude Adjusted,99.26201,Normalised (avg=100),2020-10,OECD via FRED – CSCICP03USM665S,Above 100 = optimism; below 100 = pessimism
4219,Yijie,https://fred.stlouisfed.org/series/USACSCICP02STSAM,OECD CCI – Standardised,88.01219,Normalised (avg=100),2020-10,OECD via FRED,FRED series USACSCICP02STSAM
4220,Yijie,,Yale – Individual 1yr Stock Confidence,70.71,%,2020-10,Yale ICF – Stock Market Confidence Indices,% of individual investors expecting market higher in 1yr
4221,Yijie,,Yale – Institutional 1yr Stock Confidence,67.61,%,2020-10,Yale ICF – Stock Market Confidence Indices,% of institutional investors expecting market higher in 1yr
4222,Yijie,https://fred.stlouisfed.org/series/T5YIE,5yr Breakeven Inflation Rate,1.6,Percent (%),2020-11,Federal Reserve Bank of St. Louis,FRED series T5YIE
4223,Yijie,https://fred.stlouisfed.org/series/EXPINF10YR,Cleveland Fed – 10yr Inflation Expectations,1.37663264,Percent (%),2020-11,Federal Reserve Bank of Cleveland via FRED,FRED series EXPINF10YR
4224,Yijie,https://fred.stlouisfed.org/series/EXPINF1YR,Cleveland Fed – 1yr Inflation Expectations,1.42002946,Percent (%),2020-11,Federal Reserve Bank of Cleveland via FRED,FRED series EXPINF1YR
4225,Yijie,,Michigan ICS – Overall,76.9,Index Points,2020-11,Univ. of Michigan – Surveys of Consumers,
4226,Yijie,https://fred.stlouisfed.org/series/MICH,Michigan – 1yr Inflation Expectations,2.8,Percent (%),2020-11,University of Michigan – Surveys of Consumers,FRED series MICH
4227,Yijie,,OECD CCI – Amplitude Adjusted,99.21984,Normalised (avg=100),2020-11,OECD via FRED – CSCICP03USM665S,Above 100 = optimism; below 100 = pessimism
4228,Yijie,https://fred.stlouisfed.org/series/USACSCICP02STSAM,OECD CCI – Standardised,82.74007,Normalised (avg=100),2020-11,OECD via FRED,FRED series USACSCICP02STSAM
4229,Yijie,,Yale – Individual 1yr Stock Confidence,70.68,%,2020-11,Yale ICF – Stock Market Confidence Indices,% of individual investors expecting market higher in 1yr
4230,Yijie,,Yale – Institutional 1yr Stock Confidence,62.86,%,2020-11,Yale ICF – Stock Market Confidence Indices,% of institutional investors expecting market higher in 1yr
4231,Yijie,https://fred.stlouisfed.org/series/T5YIE,5yr Breakeven Inflation Rate,1.72,Percent (%),2020-12,Federal Reserve Bank of St. Louis,FRED series T5YIE
4232,Yijie,https://fred.stlouisfed.org/series/EXPINF10YR,Cleveland Fed – 10yr Inflation Expectations,1.41717038,Percent (%),2020-12,Federal Reserve Bank of Cleveland via FRED,FRED series EXPINF10YR
4233,Yijie,https://fred.stlouisfed.org/series/EXPINF1YR,Cleveland Fed – 1yr Inflation Expectations,1.64952129,Percent (%),2020-12,Federal Reserve Bank of Cleveland via FRED,FRED series EXPINF1YR
4234,Yijie,,Michigan ICS – Overall,80.7,Index Points,2020-12,Univ. of Michigan – Surveys of Consumers,
4235,Yijie,https://fred.stlouisfed.org/series/MICH,Michigan – 1yr Inflation Expectations,2.5,Percent (%),2020-12,University of Michigan – Surveys of Consumers,FRED series MICH
4236,Yijie,,OECD CCI – Amplitude Adjusted,99.22284,Normalised (avg=100),2020-12,OECD via FRED – CSCICP03USM665S,Above 100 = optimism; below 100 = pessimism
4237,Yijie,https://fred.stlouisfed.org/series/USACSCICP02STSAM,OECD CCI – Standardised,86.82866,Normalised (avg=100),2020-12,OECD via FRED,FRED series USACSCICP02STSAM
4238,Yijie,,Yale – Individual 1yr Stock Confidence,69.17,%,2020-12,Yale ICF – Stock Market Confidence Indices,% of individual investors expecting market higher in 1yr
4239,Yijie,,Yale – Institutional 1yr Stock Confidence,61.54,%,2020-12,Yale ICF – Stock Market Confidence Indices,% of institutional investors expecting market higher in 1yr
4240,Yijie,https://fred.stlouisfed.org/series/T5YIE,5yr Breakeven Inflation Rate,1.98,Percent (%),2021-01,Federal Reserve Bank of St. Louis,FRED series T5YIE
4241,Yijie,https://fred.stlouisfed.org/series/EXPINF10YR,Cleveland Fed – 10yr Inflation Expectations,1.37942385,Percent (%),2021-01,Federal Reserve Bank of Cleveland via FRED,FRED series EXPINF10YR
4242,Yijie,https://fred.stlouisfed.org/series/EXPINF1YR,Cleveland Fed – 1yr Inflation Expectations,1.4460926,Percent (%),2021-01,Federal Reserve Bank of Cleveland via FRED,FRED series EXPINF1YR
4243,Yijie,,Michigan ICS – Overall,79.0,Index Points,2021-01,Univ. of Michigan – Surveys of Consumers,
4244,Yijie,https://fred.stlouisfed.org/series/MICH,Michigan – 1yr Inflation Expectations,3.0,Percent (%),2021-01,University of Michigan – Surveys of Consumers,FRED series MICH
4245,Yijie,,OECD CCI – Amplitude Adjusted,99.2288,Normalised (avg=100),2021-01,OECD via FRED – CSCICP03USM665S,Above 100 = optimism; below 100 = pessimism
4246,Yijie,https://fred.stlouisfed.org/series/USACSCICP02STSAM,OECD CCI – Standardised,84.99955,Normalised (avg=100),2021-01,OECD via FRED,FRED series USACSCICP02STSAM
4247,Yijie,,Yale – Individual 1yr Stock Confidence,73.17,%,2021-01,Yale ICF – Stock Market Confidence Indices,% of individual investors expecting market higher in 1yr
4248,Yijie,,Yale – Institutional 1yr Stock Confidence,61.9,%,2021-01,Yale ICF – Stock Market Confidence Indices,% of institutional investors expecting market higher in 1yr
4249,Yijie,https://fred.stlouisfed.org/series/T5YIE,5yr Breakeven Inflation Rate,2.18,Percent (%),2021-02,Federal Reserve Bank of St. Louis,FRED series T5YIE
4250,Yijie,https://fred.stlouisfed.org/series/EXPINF10YR,Cleveland Fed – 10yr Inflation Expectations,1.42757598,Percent (%),2021-02,Federal Reserve Bank of Cleveland via FRED,FRED series EXPINF10YR
4251,Yijie,https://fred.stlouisfed.org/series/EXPINF1YR,Cleveland Fed – 1yr Inflation Expectations,1.67548668,Percent (%),2021-02,Federal Reserve Bank of Cleveland via FRED,FRED series EXPINF1YR
4252,Yijie,,Michigan ICS – Overall,76.8,Index Points,2021-02,Univ. of Michigan – Surveys of Consumers,
4253,Yijie,https://fred.stlouisfed.org/series/MICH,Michigan – 1yr Inflation Expectations,3.3,Percent (%),2021-02,University of Michigan – Surveys of Consumers,FRED series MICH
4254,Yijie,,OECD CCI – Amplitude Adjusted,99.36539,Normalised (avg=100),2021-02,OECD via FRED – CSCICP03USM665S,Above 100 = optimism; below 100 = pessimism
4255,Yijie,https://fred.stlouisfed.org/series/USACSCICP02STSAM,OECD CCI – Standardised,82.63248,Normalised (avg=100),2021-02,OECD via FRED,FRED series USACSCICP02STSAM
4256,Yijie,,Yale – Individual 1yr Stock Confidence,75.0,%,2021-02,Yale ICF – Stock Market Confidence Indices,% of individual investors expecting market higher in 1yr
4257,Yijie,,Yale – Institutional 1yr Stock Confidence,62.12,%,2021-02,Yale ICF – Stock Market Confidence Indices,% of institutional investors expecting market higher in 1yr
4258,Yijie,https://fred.stlouisfed.org/series/T5YIE,5yr Breakeven Inflation Rate,2.4,Percent (%),2021-03,Federal Reserve Bank of St. Louis,FRED series T5YIE
4259,Yijie,https://fred.stlouisfed.org/series/EXPINF10YR,Cleveland Fed – 10yr Inflation Expectations,1.4974036,Percent (%),2021-03,Federal Reserve Bank of Cleveland via FRED,FRED series EXPINF10YR
4260,Yijie,https://fred.stlouisfed.org/series/EXPINF1YR,Cleveland Fed – 1yr Inflation Expectations,1.51383809,Percent (%),2021-03,Federal Reserve Bank of Cleveland via FRED,FRED series EXPINF1YR
4261,Yijie,,Michigan ICS – Overall,84.9,Index Points,2021-03,Univ. of Michigan – Surveys of Consumers,
4262,Yijie,https://fred.stlouisfed.org/series/MICH,Michigan – 1yr Inflation Expectations,3.1,Percent (%),2021-03,University of Michigan – Surveys of Consumers,FRED series MICH
4263,Yijie,,OECD CCI – Amplitude Adjusted,99.72382,Normalised (avg=100),2021-03,OECD via FRED – CSCICP03USM665S,Above 100 = optimism; below 100 = pessimism
4264,Yijie,https://fred.stlouisfed.org/series/USACSCICP02STSAM,OECD CCI – Standardised,91.34762,Normalised (avg=100),2021-03,OECD via FRED,FRED series USACSCICP02STSAM
4265,Yijie,,Yale – Individual 1yr Stock Confidence,77.68,%,2021-03,Yale ICF – Stock Market Confidence Indices,% of individual investors expecting market higher in 1yr
4266,Yijie,,Yale – Institutional 1yr Stock Confidence,65.48,%,2021-03,Yale ICF – Stock Market Confidence Indices,% of institutional investors expecting market higher in 1yr
4267,Yijie,https://fred.stlouisfed.org/series/T5YIE,5yr Breakeven Inflation Rate,2.55,Percent (%),2021-04,Federal Reserve Bank of St. Louis,FRED series T5YIE
4268,Yijie,https://fred.stlouisfed.org/series/EXPINF10YR,Cleveland Fed – 10yr Inflation Expectations,1.58314707,Percent (%),2021-04,Federal Reserve Bank of Cleveland via FRED,FRED series EXPINF10YR
4269,Yijie,https://fred.stlouisfed.org/series/EXPINF1YR,Cleveland Fed – 1yr Inflation Expectations,1.75471736,Percent (%),2021-04,Federal Reserve Bank of Cleveland via FRED,FRED series EXPINF1YR
4270,Yijie,,Michigan ICS – Overall,88.3,Index Points,2021-04,Univ. of Michigan – Surveys of Consumers,
4271,Yijie,https://fred.stlouisfed.org/series/MICH,Michigan – 1yr Inflation Expectations,3.4,Percent (%),2021-04,University of Michigan – Surveys of Consumers,FRED series MICH
4272,Yijie,,OECD CCI – Amplitude Adjusted,99.96289,Normalised (avg=100),2021-04,OECD via FRED – CSCICP03USM665S,Above 100 = optimism; below 100 = pessimism
4273,Yijie,https://fred.stlouisfed.org/series/USACSCICP02STSAM,OECD CCI – Standardised,95.00583,Normalised (avg=100),2021-04,OECD via FRED,FRED series USACSCICP02STSAM
4274,Yijie,,Yale – Individual 1yr Stock Confidence,76.19,%,2021-04,Yale ICF – Stock Market Confidence Indices,% of individual investors expecting market higher in 1yr
4275,Yijie,,Yale – Institutional 1yr Stock Confidence,67.42,%,2021-04,Yale ICF – Stock Market Confidence Indices,% of institutional investors expecting market higher in 1yr
4276,Yijie,https://fred.stlouisfed.org/series/T5YIE,5yr Breakeven Inflation Rate,2.6,Percent (%),2021-05,Federal Reserve Bank of St. Louis,FRED series T5YIE
4277,Yijie,https://fred.stlouisfed.org/series/EXPINF10YR,Cleveland Fed – 10yr Inflation Expectations,1.57835302,Percent (%),2021-05,Federal Reserve Bank of Cleveland via FRED,FRED series EXPINF10YR
4278,Yijie,https://fred.stlouisfed.org/series/EXPINF1YR,Cleveland Fed – 1yr Inflation Expectations,1.86820734,Percent (%),2021-05,Federal Reserve Bank of Cleveland via FRED,FRED series EXPINF1YR
4279,Yijie,,Michigan ICS – Overall,82.9,Index Points,2021-05,Univ. of Michigan – Surveys of Consumers,
4280,Yijie,https://fred.stlouisfed.org/series/MICH,Michigan – 1yr Inflation Expectations,4.6,Percent (%),2021-05,University of Michigan – Surveys of Consumers,FRED series MICH
4281,Yijie,,OECD CCI – Amplitude Adjusted,99.90543,Normalised (avg=100),2021-05,OECD via FRED – CSCICP03USM665S,Above 100 = optimism; below 100 = pessimism
4282,Yijie,https://fred.stlouisfed.org/series/USACSCICP02STSAM,OECD CCI – Standardised,89.19573,Normalised (avg=100),2021-05,OECD via FRED,FRED series USACSCICP02STSAM
4283,Yijie,,Yale – Individual 1yr Stock Confidence,73.38,%,2021-05,Yale ICF – Stock Market Confidence Indices,% of individual investors expecting market higher in 1yr
4284,Yijie,,Yale – Institutional 1yr Stock Confidence,69.15,%,2021-05,Yale ICF – Stock Market Confidence Indices,% of institutional investors expecting market higher in 1yr
4285,Yijie,https://fred.stlouisfed.org/series/T5YIE,5yr Breakeven Inflation Rate,2.6,Percent (%),2021-06,Federal Reserve Bank of St. Louis,FRED series T5YIE
4286,Yijie,https://fred.stlouisfed.org/series/EXPINF10YR,Cleveland Fed – 10yr Inflation Expectations,1.59628851,Percent (%),2021-06,Federal Reserve Bank of Cleveland via FRED,FRED series EXPINF10YR
4287,Yijie,https://fred.stlouisfed.org/series/EXPINF1YR,Cleveland Fed – 1yr Inflation Expectations,2.05518859,Percent (%),2021-06,Federal Reserve Bank of Cleveland via FRED,FRED series EXPINF1YR
4288,Yijie,,Michigan ICS – Overall,85.5,Index Points,2021-06,Univ. of Michigan – Surveys of Consumers,
4289,Yijie,https://fred.stlouisfed.org/series/MICH,Michigan – 1yr Inflation Expectations,4.2,Percent (%),2021-06,University of Michigan – Surveys of Consumers,FRED series MICH
4290,Yijie,,OECD CCI – Amplitude Adjusted,99.70004,Normalised (avg=100),2021-06,OECD via FRED – CSCICP03USM665S,Above 100 = optimism; below 100 = pessimism
4291,Yijie,https://fred.stlouisfed.org/series/USACSCICP02STSAM,OECD CCI – Standardised,91.99319,Normalised (avg=100),2021-06,OECD via FRED,FRED series USACSCICP02STSAM
4292,Yijie,,Yale – Individual 1yr Stock Confidence,70.0,%,2021-06,Yale ICF – Stock Market Confidence Indices,% of individual investors expecting market higher in 1yr
4293,Yijie,,Yale – Institutional 1yr Stock Confidence,68.87,%,2021-06,Yale ICF – Stock Market Confidence Indices,% of institutional investors expecting market higher in 1yr
4294,Yijie,https://fred.stlouisfed.org/series/T5YIE,5yr Breakeven Inflation Rate,2.49,Percent (%),2021-07,Federal Reserve Bank of St. Louis,FRED series T5YIE
4295,Yijie,https://fred.stlouisfed.org/series/EXPINF10YR,Cleveland Fed – 10yr Inflation Expectations,1.62481074,Percent (%),2021-07,Federal Reserve Bank of Cleveland via FRED,FRED series EXPINF10YR
4296,Yijie,https://fred.stlouisfed.org/series/EXPINF1YR,Cleveland Fed – 1yr Inflation Expectations,2.07311612,Percent (%),2021-07,Federal Reserve Bank of Cleveland via FRED,FRED series EXPINF1YR
4297,Yijie,,Michigan ICS – Overall,81.2,Index Points,2021-07,Univ. of Michigan – Surveys of Consumers,
4298,Yijie,https://fred.stlouisfed.org/series/MICH,Michigan – 1yr Inflation Expectations,4.7,Percent (%),2021-07,University of Michigan – Surveys of Consumers,FRED series MICH
4299,Yijie,,OECD CCI – Amplitude Adjusted,99.24198,Normalised (avg=100),2021-07,OECD via FRED – CSCICP03USM665S,Above 100 = optimism; below 100 = pessimism
4300,Yijie,https://fred.stlouisfed.org/series/USACSCICP02STSAM,OECD CCI – Standardised,87.36663,Normalised (avg=100),2021-07,OECD via FRED,FRED series USACSCICP02STSAM
4301,Yijie,,Yale – Individual 1yr Stock Confidence,65.71,%,2021-07,Yale ICF – Stock Market Confidence Indices,% of individual investors expecting market higher in 1yr
4302,Yijie,,Yale – Institutional 1yr Stock Confidence,66.67,%,2021-07,Yale ICF – Stock Market Confidence Indices,% of institutional investors expecting market higher in 1yr
4303,Yijie,https://fred.stlouisfed.org/series/T5YIE,5yr Breakeven Inflation Rate,2.51,Percent (%),2021-08,Federal Reserve Bank of St. Louis,FRED series T5YIE
4304,Yijie,https://fred.stlouisfed.org/series/EXPINF10YR,Cleveland Fed – 10yr Inflation Expectations,1.58016294,Percent (%),2021-08,Federal Reserve Bank of Cleveland via FRED,FRED series EXPINF10YR
4305,Yijie,https://fred.stlouisfed.org/series/EXPINF1YR,Cleveland Fed – 1yr Inflation Expectations,2.46241259,Percent (%),2021-08,Federal Reserve Bank of Cleveland via FRED,FRED series EXPINF1YR
4306,Yijie,,Michigan ICS – Overall,70.3,Index Points,2021-08,Univ. of Michigan – Surveys of Consumers,
4307,Yijie,https://fred.stlouisfed.org/series/MICH,Michigan – 1yr Inflation Expectations,4.6,Percent (%),2021-08,University of Michigan – Surveys of Consumers,FRED series MICH
4308,Yijie,,OECD CCI – Amplitude Adjusted,98.68501,Normalised (avg=100),2021-08,OECD via FRED – CSCICP03USM665S,Above 100 = optimism; below 100 = pessimism
4309,Yijie,https://fred.stlouisfed.org/series/USACSCICP02STSAM,OECD CCI – Standardised,75.63884,Normalised (avg=100),2021-08,OECD via FRED,FRED series USACSCICP02STSAM
4310,Yijie,,Yale – Individual 1yr Stock Confidence,64.79,%,2021-08,Yale ICF – Stock Market Confidence Indices,% of individual investors expecting market higher in 1yr
4311,Yijie,,Yale – Institutional 1yr Stock Confidence,65.69,%,2021-08,Yale ICF – Stock Market Confidence Indices,% of institutional investors expecting market higher in 1yr
4312,Yijie,https://fred.stlouisfed.org/series/T5YIE,5yr Breakeven Inflation Rate,2.48,Percent (%),2021-09,Federal Reserve Bank of St. Louis,FRED series T5YIE
4313,Yijie,https://fred.stlouisfed.org/series/EXPINF10YR,Cleveland Fed – 10yr Inflation Expectations,1.64278592,Percent (%),2021-09,Federal Reserve Bank of Cleveland via FRED,FRED series EXPINF10YR
4314,Yijie,https://fred.stlouisfed.org/series/EXPINF1YR,Cleveland Fed – 1yr Inflation Expectations,2.68413713,Percent (%),2021-09,Federal Reserve Bank of Cleveland via FRED,FRED series EXPINF1YR
4315,Yijie,,Michigan ICS – Overall,72.8,Index Points,2021-09,Univ. of Michigan – Surveys of Consumers,
4316,Yijie,https://fred.stlouisfed.org/series/MICH,Michigan – 1yr Inflation Expectations,4.6,Percent (%),2021-09,University of Michigan – Surveys of Consumers,FRED series MICH
4317,Yijie,,OECD CCI – Amplitude Adjusted,98.3926,Normalised (avg=100),2021-09,OECD via FRED – CSCICP03USM665S,Above 100 = optimism; below 100 = pessimism
4318,Yijie,https://fred.stlouisfed.org/series/USACSCICP02STSAM,OECD CCI – Standardised,78.3287,Normalised (avg=100),2021-09,OECD via FRED,FRED series USACSCICP02STSAM
4319,Yijie,,Yale – Individual 1yr Stock Confidence,62.07,%,2021-09,Yale ICF – Stock Market Confidence Indices,% of individual investors expecting market higher in 1yr
4320,Yijie,,Yale – Institutional 1yr Stock Confidence,64.58,%,2021-09,Yale ICF – Stock Market Confidence Indices,% of institutional investors expecting market higher in 1yr
4321,Yijie,https://fred.stlouisfed.org/series/T5YIE,5yr Breakeven Inflation Rate,2.51,Percent (%),2021-10,Federal Reserve Bank of St. Louis,FRED series T5YIE
4322,Yijie,https://fred.stlouisfed.org/series/EXPINF10YR,Cleveland Fed – 10yr Inflation Expectations,1.61273952,Percent (%),2021-10,Federal Reserve Bank of Cleveland via FRED,FRED series EXPINF10YR
4323,Yijie,https://fred.stlouisfed.org/series/EXPINF1YR,Cleveland Fed – 1yr Inflation Expectations,1.85436755,Percent (%),2021-10,Federal Reserve Bank of Cleveland via FRED,FRED series EXPINF1YR
4324,Yijie,,Michigan ICS – Overall,71.7,Index Points,2021-10,Univ. of Michigan – Surveys of Consumers,
4325,Yijie,https://fred.stlouisfed.org/series/MICH,Michigan – 1yr Inflation Expectations,4.8,Percent (%),2021-10,University of Michigan – Surveys of Consumers,FRED series MICH
4326,Yijie,,OECD CCI – Amplitude Adjusted,98.20995,Normalised (avg=100),2021-10,OECD via FRED – CSCICP03USM665S,Above 100 = optimism; below 100 = pessimism
4327,Yijie,https://fred.stlouisfed.org/series/USACSCICP02STSAM,OECD CCI – Standardised,77.14516,Normalised (avg=100),2021-10,OECD via FRED,FRED series USACSCICP02STSAM
4328,Yijie,,Yale – Individual 1yr Stock Confidence,60.16,%,2021-10,Yale ICF – Stock Market Confidence Indices,% of individual investors expecting market higher in 1yr
4329,Yijie,,Yale – Institutional 1yr Stock Confidence,64.2,%,2021-10,Yale ICF – Stock Market Confidence Indices,% of institutional investors expecting market higher in 1yr
4330,Yijie,https://fred.stlouisfed.org/series/T5YIE,5yr Breakeven Inflation Rate,2.86,Percent (%),2021-11,Federal Reserve Bank of St. Louis,FRED series T5YIE
4331,Yijie,https://fred.stlouisfed.org/series/EXPINF10YR,Cleveland Fed – 10yr Inflation Expectations,1.75849648,Percent (%),2021-11,Federal Reserve Bank of Cleveland via FRED,FRED series EXPINF10YR
4332,Yijie,https://fred.stlouisfed.org/series/EXPINF1YR,Cleveland Fed – 1yr Inflation Expectations,2.4798405,Percent (%),2021-11,Federal Reserve Bank of Cleveland via FRED,FRED series EXPINF1YR
4333,Yijie,,Michigan ICS – Overall,67.4,Index Points,2021-11,Univ. of Michigan – Surveys of Consumers,
4334,Yijie,https://fred.stlouisfed.org/series/MICH,Michigan – 1yr Inflation Expectations,4.9,Percent (%),2021-11,University of Michigan – Surveys of Consumers,FRED series MICH
4335,Yijie,,OECD CCI – Amplitude Adjusted,98.05109,Normalised (avg=100),2021-11,OECD via FRED – CSCICP03USM665S,Above 100 = optimism; below 100 = pessimism
4336,Yijie,https://fred.stlouisfed.org/series/USACSCICP02STSAM,OECD CCI – Standardised,72.51861,Normalised (avg=100),2021-11,OECD via FRED,FRED series USACSCICP02STSAM
4337,Yijie,,Yale – Individual 1yr Stock Confidence,59.26,%,2021-11,Yale ICF – Stock Market Confidence Indices,% of individual investors expecting market higher in 1yr
4338,Yijie,,Yale – Institutional 1yr Stock Confidence,63.29,%,2021-11,Yale ICF – Stock Market Confidence Indices,% of institutional investors expecting market higher in 1yr
4339,Yijie,https://fred.stlouisfed.org/series/T5YIE,5yr Breakeven Inflation Rate,2.7,Percent (%),2021-12,Federal Reserve Bank of St. Louis,FRED series T5YIE
4340,Yijie,https://fred.stlouisfed.org/series/EXPINF10YR,Cleveland Fed – 10yr Inflation Expectations,1.75897506,Percent (%),2021-12,Federal Reserve Bank of Cleveland via FRED,FRED series EXPINF10YR
4341,Yijie,https://fred.stlouisfed.org/series/EXPINF1YR,Cleveland Fed – 1yr Inflation Expectations,2.62030861,Percent (%),2021-12,Federal Reserve Bank of Cleveland via FRED,FRED series EXPINF1YR
4342,Yijie,,Michigan ICS – Overall,70.6,Index Points,2021-12,Univ. of Michigan – Surveys of Consumers,
4343,Yijie,https://fred.stlouisfed.org/series/MICH,Michigan – 1yr Inflation Expectations,4.8,Percent (%),2021-12,University of Michigan – Surveys of Consumers,FRED series MICH
4344,Yijie,,OECD CCI – Amplitude Adjusted,97.95181,Normalised (avg=100),2021-12,OECD via FRED – CSCICP03USM665S,Above 100 = optimism; below 100 = pessimism
4345,Yijie,https://fred.stlouisfed.org/series/USACSCICP02STSAM,OECD CCI – Standardised,75.96162,Normalised (avg=100),2021-12,OECD via FRED,FRED series USACSCICP02STSAM
4346,Yijie,,Yale – Individual 1yr Stock Confidence,65.41,%,2021-12,Yale ICF – Stock Market Confidence Indices,% of individual investors expecting market higher in 1yr
4347,Yijie,,Yale – Institutional 1yr Stock Confidence,65.15,%,2021-12,Yale ICF – Stock Market Confidence Indices,% of institutional investors expecting market higher in 1yr
4348,Yijie,https://fred.stlouisfed.org/series/T5YIE,5yr Breakeven Inflation Rate,2.95,Percent (%),2022-01,Federal Reserve Bank of St. Louis,FRED series T5YIE
4349,Yijie,https://fred.stlouisfed.org/series/EXPINF10YR,Cleveland Fed – 10yr Inflation Expectations,1.7965635,Percent (%),2022-01,Federal Reserve Bank of Cleveland via FRED,FRED series EXPINF10YR
4350,Yijie,https://fred.stlouisfed.org/series/EXPINF1YR,Cleveland Fed – 1yr Inflation Expectations,2.24175848,Percent (%),2022-01,Federal Reserve Bank of Cleveland via FRED,FRED series EXPINF1YR
4351,Yijie,,Michigan ICS – Overall,67.2,Index Points,2022-01,Univ. of Michigan – Surveys of Consumers,
4352,Yijie,https://fred.stlouisfed.org/series/MICH,Michigan – 1yr Inflation Expectations,4.9,Percent (%),2022-01,University of Michigan – Surveys of Consumers,FRED series MICH
4353,Yijie,,OECD CCI – Amplitude Adjusted,97.72173,Normalised (avg=100),2022-01,OECD via FRED – CSCICP03USM665S,Above 100 = optimism; below 100 = pessimism
4354,Yijie,https://fred.stlouisfed.org/series/USACSCICP02STSAM,OECD CCI – Standardised,72.30341,Normalised (avg=100),2022-01,OECD via FRED,FRED series USACSCICP02STSAM
4355,Yijie,,Yale – Individual 1yr Stock Confidence,68.15,%,2022-01,Yale ICF – Stock Market Confidence Indices,% of individual investors expecting market higher in 1yr
4356,Yijie,,Yale – Institutional 1yr Stock Confidence,66.2,%,2022-01,Yale ICF – Stock Market Confidence Indices,% of institutional investors expecting market higher in 1yr
4357,Yijie,https://fred.stlouisfed.org/series/T5YIE,5yr Breakeven Inflation Rate,2.8,Percent (%),2022-02,Federal Reserve Bank of St. Louis,FRED series T5YIE
4358,Yijie,https://fred.stlouisfed.org/series/EXPINF10YR,Cleveland Fed – 10yr Inflation Expectations,1.92112169,Percent (%),2022-02,Federal Reserve Bank of Cleveland via FRED,FRED series EXPINF10YR
4359,Yijie,https://fred.stlouisfed.org/series/EXPINF1YR,Cleveland Fed – 1yr Inflation Expectations,2.62741883,Percent (%),2022-02,Federal Reserve Bank of Cleveland via FRED,FRED series EXPINF1YR
4360,Yijie,,Michigan ICS – Overall,62.8,Index Points,2022-02,Univ. of Michigan – Surveys of Consumers,
4361,Yijie,https://fred.stlouisfed.org/series/MICH,Michigan – 1yr Inflation Expectations,4.9,Percent (%),2022-02,University of Michigan – Surveys of Consumers,FRED series MICH
4362,Yijie,,OECD CCI – Amplitude Adjusted,97.42072,Normalised (avg=100),2022-02,OECD via FRED – CSCICP03USM665S,Above 100 = optimism; below 100 = pessimism
4363,Yijie,https://fred.stlouisfed.org/series/USACSCICP02STSAM,OECD CCI – Standardised,67.56927,Normalised (avg=100),2022-02,OECD via FRED,FRED series USACSCICP02STSAM
4364,Yijie,,Yale – Individual 1yr Stock Confidence,67.16,%,2022-02,Yale ICF – Stock Market Confidence Indices,% of individual investors expecting market higher in 1yr
4365,Yijie,,Yale – Institutional 1yr Stock Confidence,69.86,%,2022-02,Yale ICF – Stock Market Confidence Indices,% of institutional investors expecting market higher in 1yr
4366,Yijie,https://fred.stlouisfed.org/series/T5YIE,5yr Breakeven Inflation Rate,3.14,Percent (%),2022-03,Federal Reserve Bank of St. Louis,FRED series T5YIE
4367,Yijie,https://fred.stlouisfed.org/series/EXPINF10YR,Cleveland Fed – 10yr Inflation Expectations,1.94721641,Percent (%),2022-03,Federal Reserve Bank of Cleveland via FRED,FRED series EXPINF10YR
4368,Yijie,https://fred.stlouisfed.org/series/EXPINF1YR,Cleveland Fed – 1yr Inflation Expectations,3.05769883,Percent (%),2022-03,Federal Reserve Bank of Cleveland via FRED,FRED series EXPINF1YR
4369,Yijie,,Michigan ICS – Overall,59.4,Index Points,2022-03,Univ. of Michigan – Surveys of Consumers,
4370,Yijie,https://fred.stlouisfed.org/series/MICH,Michigan – 1yr Inflation Expectations,5.4,Percent (%),2022-03,University of Michigan – Surveys of Consumers,FRED series MICH
4371,Yijie,,OECD CCI – Amplitude Adjusted,97.18818,Normalised (avg=100),2022-03,OECD via FRED – CSCICP03USM665S,Above 100 = optimism; below 100 = pessimism
4372,Yijie,https://fred.stlouisfed.org/series/USACSCICP02STSAM,OECD CCI – Standardised,63.91106,Normalised (avg=100),2022-03,OECD via FRED,FRED series USACSCICP02STSAM
4373,Yijie,,Yale – Individual 1yr Stock Confidence,69.53,%,2022-03,Yale ICF – Stock Market Confidence Indices,% of individual investors expecting market higher in 1yr
4374,Yijie,,Yale – Institutional 1yr Stock Confidence,70.77,%,2022-03,Yale ICF – Stock Market Confidence Indices,% of institutional investors expecting market higher in 1yr
4375,Yijie,https://fred.stlouisfed.org/series/T5YIE,5yr Breakeven Inflation Rate,3.28,Percent (%),2022-04,Federal Reserve Bank of St. Louis,FRED series T5YIE
4376,Yijie,https://fred.stlouisfed.org/series/EXPINF10YR,Cleveland Fed – 10yr Inflation Expectations,2.21125412,Percent (%),2022-04,Federal Reserve Bank of Cleveland via FRED,FRED series EXPINF10YR
4377,Yijie,https://fred.stlouisfed.org/series/EXPINF1YR,Cleveland Fed – 1yr Inflation Expectations,3.39290341,Percent (%),2022-04,Federal Reserve Bank of Cleveland via FRED,FRED series EXPINF1YR
4378,Yijie,,Michigan ICS – Overall,65.2,Index Points,2022-04,Univ. of Michigan – Surveys of Consumers,
4379,Yijie,https://fred.stlouisfed.org/series/MICH,Michigan – 1yr Inflation Expectations,5.4,Percent (%),2022-04,University of Michigan – Surveys of Consumers,FRED series MICH
4380,Yijie,,OECD CCI – Amplitude Adjusted,97.02539,Normalised (avg=100),2022-04,OECD via FRED – CSCICP03USM665S,Above 100 = optimism; below 100 = pessimism
4381,Yijie,https://fred.stlouisfed.org/series/USACSCICP02STSAM,OECD CCI – Standardised,70.15153,Normalised (avg=100),2022-04,OECD via FRED,FRED series USACSCICP02STSAM
4382,Yijie,,Yale – Individual 1yr Stock Confidence,68.5,%,2022-04,Yale ICF – Stock Market Confidence Indices,% of individual investors expecting market higher in 1yr
4383,Yijie,,Yale – Institutional 1yr Stock Confidence,69.7,%,2022-04,Yale ICF – Stock Market Confidence Indices,% of institutional investors expecting market higher in 1yr
4384,Yijie,https://fred.stlouisfed.org/series/T5YIE,5yr Breakeven Inflation Rate,3.21,Percent (%),2022-05,Federal Reserve Bank of St. Louis,FRED series T5YIE
4385,Yijie,https://fred.stlouisfed.org/series/EXPINF10YR,Cleveland Fed – 10yr Inflation Expectations,2.37039462,Percent (%),2022-05,Federal Reserve Bank of Cleveland via FRED,FRED series EXPINF10YR
4386,Yijie,https://fred.stlouisfed.org/series/EXPINF1YR,Cleveland Fed – 1yr Inflation Expectations,3.63465785,Percent (%),2022-05,Federal Reserve Bank of Cleveland via FRED,FRED series EXPINF1YR
4387,Yijie,,Michigan ICS – Overall,58.4,Index Points,2022-05,Univ. of Michigan – Surveys of Consumers,
4388,Yijie,https://fred.stlouisfed.org/series/MICH,Michigan – 1yr Inflation Expectations,5.3,Percent (%),2022-05,University of Michigan – Surveys of Consumers,FRED series MICH
4389,Yijie,,OECD CCI – Amplitude Adjusted,96.62722,Normalised (avg=100),2022-05,OECD via FRED – CSCICP03USM665S,Above 100 = optimism; below 100 = pessimism
4390,Yijie,https://fred.stlouisfed.org/series/USACSCICP02STSAM,OECD CCI – Standardised,62.83511,Normalised (avg=100),2022-05,OECD via FRED,FRED series USACSCICP02STSAM
4391,Yijie,,Yale – Individual 1yr Stock Confidence,65.35,%,2022-05,Yale ICF – Stock Market Confidence Indices,% of individual investors expecting market higher in 1yr
4392,Yijie,,Yale – Institutional 1yr Stock Confidence,74.29,%,2022-05,Yale ICF – Stock Market Confidence Indices,% of institutional investors expecting market higher in 1yr
4393,Yijie,https://fred.stlouisfed.org/series/T5YIE,5yr Breakeven Inflation Rate,2.96,Percent (%),2022-06,Federal Reserve Bank of St. Louis,FRED series T5YIE
4394,Yijie,https://fred.stlouisfed.org/series/EXPINF10YR,Cleveland Fed – 10yr Inflation Expectations,2.40126382,Percent (%),2022-06,Federal Reserve Bank of Cleveland via FRED,FRED series EXPINF10YR
4395,Yijie,https://fred.stlouisfed.org/series/EXPINF1YR,Cleveland Fed – 1yr Inflation Expectations,4.22671337,Percent (%),2022-06,Federal Reserve Bank of Cleveland via FRED,FRED series EXPINF1YR
4396,Yijie,,Michigan ICS – Overall,50.0,Index Points,2022-06,Univ. of Michigan – Surveys of Consumers,
4397,Yijie,https://fred.stlouisfed.org/series/MICH,Michigan – 1yr Inflation Expectations,5.3,Percent (%),2022-06,University of Michigan – Surveys of Consumers,FRED series MICH
4398,Yijie,,OECD CCI – Amplitude Adjusted,96.22865,Normalised (avg=100),2022-06,OECD via FRED – CSCICP03USM665S,Above 100 = optimism; below 100 = pessimism
4399,Yijie,https://fred.stlouisfed.org/series/USACSCICP02STSAM,OECD CCI – Standardised,53.79718,Normalised (avg=100),2022-06,OECD via FRED,FRED series USACSCICP02STSAM
4400,Yijie,,Yale – Individual 1yr Stock Confidence,58.93,%,2022-06,Yale ICF – Stock Market Confidence Indices,% of individual investors expecting market higher in 1yr
4401,Yijie,,Yale – Institutional 1yr Stock Confidence,75.64,%,2022-06,Yale ICF – Stock Market Confidence Indices,% of institutional investors expecting market higher in 1yr
4402,Yijie,https://fred.stlouisfed.org/series/T5YIE,5yr Breakeven Inflation Rate,2.6,Percent (%),2022-07,Federal Reserve Bank of St. Louis,FRED series T5YIE
4403,Yijie,https://fred.stlouisfed.org/series/EXPINF10YR,Cleveland Fed – 10yr Inflation Expectations,2.22257318,Percent (%),2022-07,Federal Reserve Bank of Cleveland via FRED,FRED series EXPINF10YR
4404,Yijie,https://fred.stlouisfed.org/series/EXPINF1YR,Cleveland Fed – 1yr Inflation Expectations,3.3092777,Percent (%),2022-07,Federal Reserve Bank of Cleveland via FRED,FRED series EXPINF1YR
4405,Yijie,,Michigan ICS – Overall,51.5,Index Points,2022-07,Univ. of Michigan – Surveys of Consumers,
4406,Yijie,https://fred.stlouisfed.org/series/MICH,Michigan – 1yr Inflation Expectations,5.2,Percent (%),2022-07,University of Michigan – Surveys of Consumers,FRED series MICH
4407,Yijie,,OECD CCI – Amplitude Adjusted,96.20132,Normalised (avg=100),2022-07,OECD via FRED – CSCICP03USM665S,Above 100 = optimism; below 100 = pessimism
4408,Yijie,https://fred.stlouisfed.org/series/USACSCICP02STSAM,OECD CCI – Standardised,55.4111,Normalised (avg=100),2022-07,OECD via FRED,FRED series USACSCICP02STSAM
4409,Yijie,,Yale – Individual 1yr Stock Confidence,59.83,%,2022-07,Yale ICF – Stock Market Confidence Indices,% of individual investors expecting market higher in 1yr
4410,Yijie,,Yale – Institutional 1yr Stock Confidence,76.92,%,2022-07,Yale ICF – Stock Market Confidence Indices,% of institutional investors expecting market higher in 1yr
4411,Yijie,https://fred.stlouisfed.org/series/T5YIE,5yr Breakeven Inflation Rate,2.72,Percent (%),2022-08,Federal Reserve Bank of St. Louis,FRED series T5YIE
4412,Yijie,https://fred.stlouisfed.org/series/EXPINF10YR,Cleveland Fed – 10yr Inflation Expectations,2.09959153,Percent (%),2022-08,Federal Reserve Bank of Cleveland via FRED,FRED series EXPINF10YR
4413,Yijie,https://fred.stlouisfed.org/series/EXPINF1YR,Cleveland Fed – 1yr Inflation Expectations,3.37713165,Percent (%),2022-08,Federal Reserve Bank of Cleveland via FRED,FRED series EXPINF1YR
4414,Yijie,,Michigan ICS – Overall,58.2,Index Points,2022-08,Univ. of Michigan – Surveys of Consumers,
4415,Yijie,https://fred.stlouisfed.org/series/MICH,Michigan – 1yr Inflation Expectations,4.8,Percent (%),2022-08,University of Michigan – Surveys of Consumers,FRED series MICH
4416,Yijie,,OECD CCI – Amplitude Adjusted,96.46188,Normalised (avg=100),2022-08,OECD via FRED – CSCICP03USM665S,Above 100 = optimism; below 100 = pessimism
4417,Yijie,https://fred.stlouisfed.org/series/USACSCICP02STSAM,OECD CCI – Standardised,62.61992,Normalised (avg=100),2022-08,OECD via FRED,FRED series USACSCICP02STSAM
4418,Yijie,,Yale – Individual 1yr Stock Confidence,64.39,%,2022-08,Yale ICF – Stock Market Confidence Indices,% of individual investors expecting market higher in 1yr
4419,Yijie,,Yale – Institutional 1yr Stock Confidence,71.74,%,2022-08,Yale ICF – Stock Market Confidence Indices,% of institutional investors expecting market higher in 1yr
4420,Yijie,https://fred.stlouisfed.org/series/T5YIE,5yr Breakeven Inflation Rate,2.52,Percent (%),2022-09,Federal Reserve Bank of St. Louis,FRED series T5YIE
4421,Yijie,https://fred.stlouisfed.org/series/EXPINF10YR,Cleveland Fed – 10yr Inflation Expectations,2.36598926,Percent (%),2022-09,Federal Reserve Bank of Cleveland via FRED,FRED series EXPINF10YR
4422,Yijie,https://fred.stlouisfed.org/series/EXPINF1YR,Cleveland Fed – 1yr Inflation Expectations,4.17914969,Percent (%),2022-09,Federal Reserve Bank of Cleveland via FRED,FRED series EXPINF1YR
4423,Yijie,,Michigan ICS – Overall,58.6,Index Points,2022-09,Univ. of Michigan – Surveys of Consumers,
4424,Yijie,https://fred.stlouisfed.org/series/MICH,Michigan – 1yr Inflation Expectations,4.7,Percent (%),2022-09,University of Michigan – Surveys of Consumers,FRED series MICH
4425,Yijie,,OECD CCI – Amplitude Adjusted,96.67612,Normalised (avg=100),2022-09,OECD via FRED – CSCICP03USM665S,Above 100 = optimism; below 100 = pessimism
4426,Yijie,https://fred.stlouisfed.org/series/USACSCICP02STSAM,OECD CCI – Standardised,63.0503,Normalised (avg=100),2022-09,OECD via FRED,FRED series USACSCICP02STSAM
4427,Yijie,,Yale – Individual 1yr Stock Confidence,64.62,%,2022-09,Yale ICF – Stock Market Confidence Indices,% of individual investors expecting market higher in 1yr
4428,Yijie,,Yale – Institutional 1yr Stock Confidence,71.59,%,2022-09,Yale ICF – Stock Market Confidence Indices,% of institutional investors expecting market higher in 1yr
4429,Yijie,https://fred.stlouisfed.org/series/T5YIE,5yr Breakeven Inflation Rate,2.26,Percent (%),2022-10,Federal Reserve Bank of St. Louis,FRED series T5YIE
4430,Yijie,https://fred.stlouisfed.org/series/EXPINF10YR,Cleveland Fed – 10yr Inflation Expectations,2.37080895,Percent (%),2022-10,Federal Reserve Bank of Cleveland via FRED,FRED series EXPINF10YR
4431,Yijie,https://fred.stlouisfed.org/series/EXPINF1YR,Cleveland Fed – 1yr Inflation Expectations,2.88195932,Percent (%),2022-10,Federal Reserve Bank of Cleveland via FRED,FRED series EXPINF1YR
4432,Yijie,,Michigan ICS – Overall,59.9,Index Points,2022-10,Univ. of Michigan – Surveys of Consumers,
4433,Yijie,https://fred.stlouisfed.org/series/MICH,Michigan – 1yr Inflation Expectations,5.0,Percent (%),2022-10,University of Michigan – Surveys of Consumers,FRED series MICH
4434,Yijie,,OECD CCI – Amplitude Adjusted,96.78831,Normalised (avg=100),2022-10,OECD via FRED – CSCICP03USM665S,Above 100 = optimism; below 100 = pessimism
4435,Yijie,https://fred.stlouisfed.org/series/USACSCICP02STSAM,OECD CCI – Standardised,64.44903,Normalised (avg=100),2022-10,OECD via FRED,FRED series USACSCICP02STSAM
4436,Yijie,,Yale – Individual 1yr Stock Confidence,61.72,%,2022-10,Yale ICF – Stock Market Confidence Indices,% of individual investors expecting market higher in 1yr
4437,Yijie,,Yale – Institutional 1yr Stock Confidence,71.28,%,2022-10,Yale ICF – Stock Market Confidence Indices,% of institutional investors expecting market higher in 1yr
4438,Yijie,https://fred.stlouisfed.org/series/T5YIE,5yr Breakeven Inflation Rate,2.65,Percent (%),2022-11,Federal Reserve Bank of St. Louis,FRED series T5YIE
4439,Yijie,https://fred.stlouisfed.org/series/EXPINF10YR,Cleveland Fed – 10yr Inflation Expectations,2.45466999,Percent (%),2022-11,Federal Reserve Bank of Cleveland via FRED,FRED series EXPINF10YR
4440,Yijie,https://fred.stlouisfed.org/series/EXPINF1YR,Cleveland Fed – 1yr Inflation Expectations,3.23904839,Percent (%),2022-11,Federal Reserve Bank of Cleveland via FRED,FRED series EXPINF1YR
4441,Yijie,,Michigan ICS – Overall,56.7,Index Points,2022-11,Univ. of Michigan – Surveys of Consumers,
4442,Yijie,https://fred.stlouisfed.org/series/MICH,Michigan – 1yr Inflation Expectations,5.0,Percent (%),2022-11,University of Michigan – Surveys of Consumers,FRED series MICH
4443,Yijie,,OECD CCI – Amplitude Adjusted,96.854,Normalised (avg=100),2022-11,OECD via FRED – CSCICP03USM665S,Above 100 = optimism; below 100 = pessimism
4444,Yijie,https://fred.stlouisfed.org/series/USACSCICP02STSAM,OECD CCI – Standardised,61.00601,Normalised (avg=100),2022-11,OECD via FRED,FRED series USACSCICP02STSAM
4445,Yijie,,Yale – Individual 1yr Stock Confidence,65.32,%,2022-11,Yale ICF – Stock Market Confidence Indices,% of individual investors expecting market higher in 1yr
4446,Yijie,,Yale – Institutional 1yr Stock Confidence,67.44,%,2022-11,Yale ICF – Stock Market Confidence Indices,% of institutional investors expecting market higher in 1yr
4447,Yijie,https://fred.stlouisfed.org/series/T5YIE,5yr Breakeven Inflation Rate,2.45,Percent (%),2022-12,Federal Reserve Bank of St. Louis,FRED series T5YIE
4448,Yijie,https://fred.stlouisfed.org/series/EXPINF10YR,Cleveland Fed – 10yr Inflation Expectations,2.21937769,Percent (%),2022-12,Federal Reserve Bank of Cleveland via FRED,FRED series EXPINF10YR
4449,Yijie,https://fred.stlouisfed.org/series/EXPINF1YR,Cleveland Fed – 1yr Inflation Expectations,2.86811918,Percent (%),2022-12,Federal Reserve Bank of Cleveland via FRED,FRED series EXPINF1YR
4450,Yijie,,Michigan ICS – Overall,59.8,Index Points,2022-12,Univ. of Michigan – Surveys of Consumers,
4451,Yijie,https://fred.stlouisfed.org/series/MICH,Michigan – 1yr Inflation Expectations,4.3,Percent (%),2022-12,University of Michigan – Surveys of Consumers,FRED series MICH
4452,Yijie,,OECD CCI – Amplitude Adjusted,97.06937,Normalised (avg=100),2022-12,OECD via FRED – CSCICP03USM665S,Above 100 = optimism; below 100 = pessimism
4453,Yijie,https://fred.stlouisfed.org/series/USACSCICP02STSAM,OECD CCI – Standardised,64.34143,Normalised (avg=100),2022-12,OECD via FRED,FRED series USACSCICP02STSAM
4454,Yijie,,Yale – Individual 1yr Stock Confidence,65.85,%,2022-12,Yale ICF – Stock Market Confidence Indices,% of individual investors expecting market higher in 1yr
4455,Yijie,,Yale – Institutional 1yr Stock Confidence,63.1,%,2022-12,Yale ICF – Stock Market Confidence Indices,% of institutional investors expecting market higher in 1yr
4456,Yijie,https://fred.stlouisfed.org/series/T5YIE,5yr Breakeven Inflation Rate,2.29,Percent (%),2023-01,Federal Reserve Bank of St. Louis,FRED series T5YIE
4457,Yijie,https://fred.stlouisfed.org/series/EXPINF10YR,Cleveland Fed – 10yr Inflation Expectations,2.28560928,Percent (%),2023-01,Federal Reserve Bank of Cleveland via FRED,FRED series EXPINF10YR
4458,Yijie,https://fred.stlouisfed.org/series/EXPINF1YR,Cleveland Fed – 1yr Inflation Expectations,2.6790161,Percent (%),2023-01,Federal Reserve Bank of Cleveland via FRED,FRED series EXPINF1YR
4459,Yijie,,Michigan ICS – Overall,64.9,Index Points,2023-01,Univ. of Michigan – Surveys of Consumers,
4460,Yijie,https://fred.stlouisfed.org/series/MICH,Michigan – 1yr Inflation Expectations,3.9,Percent (%),2023-01,University of Michigan – Surveys of Consumers,FRED series MICH
4461,Yijie,,OECD CCI – Amplitude Adjusted,97.35186,Normalised (avg=100),2023-01,OECD via FRED – CSCICP03USM665S,Above 100 = optimism; below 100 = pessimism
4462,Yijie,https://fred.stlouisfed.org/series/USACSCICP02STSAM,OECD CCI – Standardised,69.82874,Normalised (avg=100),2023-01,OECD via FRED,FRED series USACSCICP02STSAM
4463,Yijie,,Yale – Individual 1yr Stock Confidence,66.67,%,2023-01,Yale ICF – Stock Market Confidence Indices,% of individual investors expecting market higher in 1yr
4464,Yijie,,Yale – Institutional 1yr Stock Confidence,63.89,%,2023-01,Yale ICF – Stock Market Confidence Indices,% of institutional investors expecting market higher in 1yr
4465,Yijie,https://fred.stlouisfed.org/series/T5YIE,5yr Breakeven Inflation Rate,2.29,Percent (%),2023-02,Federal Reserve Bank of St. Louis,FRED series T5YIE
4466,Yijie,https://fred.stlouisfed.org/series/EXPINF10YR,Cleveland Fed – 10yr Inflation Expectations,2.10573941,Percent (%),2023-02,Federal Reserve Bank of Cleveland via FRED,FRED series EXPINF10YR
4467,Yijie,https://fred.stlouisfed.org/series/EXPINF1YR,Cleveland Fed – 1yr Inflation Expectations,2.61308946,Percent (%),2023-02,Federal Reserve Bank of Cleveland via FRED,FRED series EXPINF1YR
4468,Yijie,,Michigan ICS – Overall,66.9,Index Points,2023-02,Univ. of Michigan – Surveys of Consumers,
4469,Yijie,https://fred.stlouisfed.org/series/MICH,Michigan – 1yr Inflation Expectations,4.2,Percent (%),2023-02,University of Michigan – Surveys of Consumers,FRED series MICH
4470,Yijie,,OECD CCI – Amplitude Adjusted,97.46672,Normalised (avg=100),2023-02,OECD via FRED – CSCICP03USM665S,Above 100 = optimism; below 100 = pessimism
4471,Yijie,https://fred.stlouisfed.org/series/USACSCICP02STSAM,OECD CCI – Standardised,71.98064,Normalised (avg=100),2023-02,OECD via FRED,FRED series USACSCICP02STSAM
4472,Yijie,,Yale – Individual 1yr Stock Confidence,62.4,%,2023-02,Yale ICF – Stock Market Confidence Indices,% of individual investors expecting market higher in 1yr
4473,Yijie,,Yale – Institutional 1yr Stock Confidence,73.13,%,2023-02,Yale ICF – Stock Market Confidence Indices,% of institutional investors expecting market higher in 1yr
4474,Yijie,https://fred.stlouisfed.org/series/T5YIE,5yr Breakeven Inflation Rate,2.59,Percent (%),2023-03,Federal Reserve Bank of St. Louis,FRED series T5YIE
4475,Yijie,https://fred.stlouisfed.org/series/EXPINF10YR,Cleveland Fed – 10yr Inflation Expectations,2.25862414,Percent (%),2023-03,Federal Reserve Bank of Cleveland via FRED,FRED series EXPINF10YR
4476,Yijie,https://fred.stlouisfed.org/series/EXPINF1YR,Cleveland Fed – 1yr Inflation Expectations,2.07325087,Percent (%),2023-03,Federal Reserve Bank of Cleveland via FRED,FRED series EXPINF1YR
4477,Yijie,,Michigan ICS – Overall,62.0,Index Points,2023-03,Univ. of Michigan – Surveys of Consumers,
4478,Yijie,https://fred.stlouisfed.org/series/MICH,Michigan – 1yr Inflation Expectations,3.6,Percent (%),2023-03,University of Michigan – Surveys of Consumers,FRED series MICH
4479,Yijie,,OECD CCI – Amplitude Adjusted,97.35742,Normalised (avg=100),2023-03,OECD via FRED – CSCICP03USM665S,Above 100 = optimism; below 100 = pessimism
4480,Yijie,https://fred.stlouisfed.org/series/USACSCICP02STSAM,OECD CCI – Standardised,66.70851,Normalised (avg=100),2023-03,OECD via FRED,FRED series USACSCICP02STSAM
4481,Yijie,,Yale – Individual 1yr Stock Confidence,60.0,%,2023-03,Yale ICF – Stock Market Confidence Indices,% of individual investors expecting market higher in 1yr
4482,Yijie,,Yale – Institutional 1yr Stock Confidence,69.33,%,2023-03,Yale ICF – Stock Market Confidence Indices,% of institutional investors expecting market higher in 1yr
4483,Yijie,https://fred.stlouisfed.org/series/T5YIE,5yr Breakeven Inflation Rate,2.39,Percent (%),2023-04,Federal Reserve Bank of St. Louis,FRED series T5YIE
4484,Yijie,https://fred.stlouisfed.org/series/EXPINF10YR,Cleveland Fed – 10yr Inflation Expectations,2.10348814,Percent (%),2023-04,Federal Reserve Bank of Cleveland via FRED,FRED series EXPINF10YR
4485,Yijie,https://fred.stlouisfed.org/series/EXPINF1YR,Cleveland Fed – 1yr Inflation Expectations,2.65083257,Percent (%),2023-04,Federal Reserve Bank of Cleveland via FRED,FRED series EXPINF1YR
4486,Yijie,,Michigan ICS – Overall,63.7,Index Points,2023-04,Univ. of Michigan – Surveys of Consumers,
4487,Yijie,https://fred.stlouisfed.org/series/MICH,Michigan – 1yr Inflation Expectations,4.7,Percent (%),2023-04,University of Michigan – Surveys of Consumers,FRED series MICH
4488,Yijie,,OECD CCI – Amplitude Adjusted,97.26667,Normalised (avg=100),2023-04,OECD via FRED – CSCICP03USM665S,Above 100 = optimism; below 100 = pessimism
4489,Yijie,https://fred.stlouisfed.org/series/USACSCICP02STSAM,OECD CCI – Standardised,68.53761,Normalised (avg=100),2023-04,OECD via FRED,FRED series USACSCICP02STSAM
4490,Yijie,,Yale – Individual 1yr Stock Confidence,61.02,%,2023-04,Yale ICF – Stock Market Confidence Indices,% of individual investors expecting market higher in 1yr
4491,Yijie,,Yale – Institutional 1yr Stock Confidence,66.3,%,2023-04,Yale ICF – Stock Market Confidence Indices,% of institutional investors expecting market higher in 1yr
4492,Yijie,https://fred.stlouisfed.org/series/T5YIE,5yr Breakeven Inflation Rate,2.24,Percent (%),2023-05,Federal Reserve Bank of St. Louis,FRED series T5YIE
4493,Yijie,https://fred.stlouisfed.org/series/EXPINF10YR,Cleveland Fed – 10yr Inflation Expectations,2.16281462,Percent (%),2023-05,Federal Reserve Bank of Cleveland via FRED,FRED series EXPINF10YR
4494,Yijie,https://fred.stlouisfed.org/series/EXPINF1YR,Cleveland Fed – 1yr Inflation Expectations,2.65363857,Percent (%),2023-05,Federal Reserve Bank of Cleveland via FRED,FRED series EXPINF1YR
4495,Yijie,,Michigan ICS – Overall,59.0,Index Points,2023-05,Univ. of Michigan – Surveys of Consumers,
4496,Yijie,https://fred.stlouisfed.org/series/MICH,Michigan – 1yr Inflation Expectations,4.2,Percent (%),2023-05,University of Michigan – Surveys of Consumers,FRED series MICH
4497,Yijie,,OECD CCI – Amplitude Adjusted,97.268,Normalised (avg=100),2023-05,OECD via FRED – CSCICP03USM665S,Above 100 = optimism; below 100 = pessimism
4498,Yijie,https://fred.stlouisfed.org/series/USACSCICP02STSAM,OECD CCI – Standardised,63.48068,Normalised (avg=100),2023-05,OECD via FRED,FRED series USACSCICP02STSAM
4499,Yijie,,Yale – Individual 1yr Stock Confidence,58.16,%,2023-05,Yale ICF – Stock Market Confidence Indices,% of individual investors expecting market higher in 1yr
4500,Yijie,,Yale – Institutional 1yr Stock Confidence,70.1,%,2023-05,Yale ICF – Stock Market Confidence Indices,% of institutional investors expecting market higher in 1yr
4501,Yijie,https://fred.stlouisfed.org/series/T5YIE,5yr Breakeven Inflation Rate,2.07,Percent (%),2023-06,Federal Reserve Bank of St. Louis,FRED series T5YIE
4502,Yijie,https://fred.stlouisfed.org/series/EXPINF10YR,Cleveland Fed – 10yr Inflation Expectations,1.75489679,Percent (%),2023-06,Federal Reserve Bank of Cleveland via FRED,FRED series EXPINF10YR
4503,Yijie,https://fred.stlouisfed.org/series/EXPINF1YR,Cleveland Fed – 1yr Inflation Expectations,1.36626254,Percent (%),2023-06,Federal Reserve Bank of Cleveland via FRED,FRED series EXPINF1YR
4504,Yijie,,Michigan ICS – Overall,64.2,Index Points,2023-06,Univ. of Michigan – Surveys of Consumers,
4505,Yijie,https://fred.stlouisfed.org/series/MICH,Michigan – 1yr Inflation Expectations,3.3,Percent (%),2023-06,University of Michigan – Surveys of Consumers,FRED series MICH
4506,Yijie,,OECD CCI – Amplitude Adjusted,97.55695,Normalised (avg=100),2023-06,OECD via FRED – CSCICP03USM665S,Above 100 = optimism; below 100 = pessimism
4507,Yijie,https://fred.stlouisfed.org/series/USACSCICP02STSAM,OECD CCI – Standardised,69.07558,Normalised (avg=100),2023-06,OECD via FRED,FRED series USACSCICP02STSAM
4508,Yijie,,Yale – Individual 1yr Stock Confidence,60.53,%,2023-06,Yale ICF – Stock Market Confidence Indices,% of individual investors expecting market higher in 1yr
4509,Yijie,,Yale – Institutional 1yr Stock Confidence,72.04,%,2023-06,Yale ICF – Stock Market Confidence Indices,% of institutional investors expecting market higher in 1yr
4510,Yijie,https://fred.stlouisfed.org/series/T5YIE,5yr Breakeven Inflation Rate,2.21,Percent (%),2023-07,Federal Reserve Bank of St. Louis,FRED series T5YIE
4511,Yijie,https://fred.stlouisfed.org/series/EXPINF10YR,Cleveland Fed – 10yr Inflation Expectations,2.06401319,Percent (%),2023-07,Federal Reserve Bank of Cleveland via FRED,FRED series EXPINF10YR
4512,Yijie,https://fred.stlouisfed.org/series/EXPINF1YR,Cleveland Fed – 1yr Inflation Expectations,2.47431653,Percent (%),2023-07,Federal Reserve Bank of Cleveland via FRED,FRED series EXPINF1YR
4513,Yijie,,Michigan ICS – Overall,71.5,Index Points,2023-07,Univ. of Michigan – Surveys of Consumers,
4514,Yijie,https://fred.stlouisfed.org/series/MICH,Michigan – 1yr Inflation Expectations,3.4,Percent (%),2023-07,University of Michigan – Surveys of Consumers,FRED series MICH
4515,Yijie,,OECD CCI – Amplitude Adjusted,97.89566,Normalised (avg=100),2023-07,OECD via FRED – CSCICP03USM665S,Above 100 = optimism; below 100 = pessimism
4516,Yijie,https://fred.stlouisfed.org/series/USACSCICP02STSAM,OECD CCI – Standardised,76.92998,Normalised (avg=100),2023-07,OECD via FRED,FRED series USACSCICP02STSAM
4517,Yijie,,Yale – Individual 1yr Stock Confidence,60.32,%,2023-07,Yale ICF – Stock Market Confidence Indices,% of individual investors expecting market higher in 1yr
4518,Yijie,,Yale – Institutional 1yr Stock Confidence,70.1,%,2023-07,Yale ICF – Stock Market Confidence Indices,% of institutional investors expecting market higher in 1yr
4519,Yijie,https://fred.stlouisfed.org/series/T5YIE,5yr Breakeven Inflation Rate,2.26,Percent (%),2023-08,Federal Reserve Bank of St. Louis,FRED series T5YIE
4520,Yijie,https://fred.stlouisfed.org/series/EXPINF10YR,Cleveland Fed – 10yr Inflation Expectations,2.13876555,Percent (%),2023-08,Federal Reserve Bank of Cleveland via FRED,FRED series EXPINF10YR
4521,Yijie,https://fred.stlouisfed.org/series/EXPINF1YR,Cleveland Fed – 1yr Inflation Expectations,2.60696893,Percent (%),2023-08,Federal Reserve Bank of Cleveland via FRED,FRED series EXPINF1YR
4522,Yijie,,Michigan ICS – Overall,69.4,Index Points,2023-08,Univ. of Michigan – Surveys of Consumers,
4523,Yijie,https://fred.stlouisfed.org/series/MICH,Michigan – 1yr Inflation Expectations,3.5,Percent (%),2023-08,University of Michigan – Surveys of Consumers,FRED series MICH
4524,Yijie,,OECD CCI – Amplitude Adjusted,97.937,Normalised (avg=100),2023-08,OECD via FRED – CSCICP03USM665S,Above 100 = optimism; below 100 = pessimism
4525,Yijie,https://fred.stlouisfed.org/series/USACSCICP02STSAM,OECD CCI – Standardised,74.67049,Normalised (avg=100),2023-08,OECD via FRED,FRED series USACSCICP02STSAM
4526,Yijie,,Yale – Individual 1yr Stock Confidence,62.58,%,2023-08,Yale ICF – Stock Market Confidence Indices,% of individual investors expecting market higher in 1yr
4527,Yijie,,Yale – Institutional 1yr Stock Confidence,65.52,%,2023-08,Yale ICF – Stock Market Confidence Indices,% of institutional investors expecting market higher in 1yr
4528,Yijie,https://fred.stlouisfed.org/series/T5YIE,5yr Breakeven Inflation Rate,2.17,Percent (%),2023-09,Federal Reserve Bank of St. Louis,FRED series T5YIE
4529,Yijie,https://fred.stlouisfed.org/series/EXPINF10YR,Cleveland Fed – 10yr Inflation Expectations,2.22221813,Percent (%),2023-09,Federal Reserve Bank of Cleveland via FRED,FRED series EXPINF10YR
4530,Yijie,https://fred.stlouisfed.org/series/EXPINF1YR,Cleveland Fed – 1yr Inflation Expectations,2.81243484,Percent (%),2023-09,Federal Reserve Bank of Cleveland via FRED,FRED series EXPINF1YR
4531,Yijie,,Michigan ICS – Overall,67.8,Index Points,2023-09,Univ. of Michigan – Surveys of Consumers,
4532,Yijie,https://fred.stlouisfed.org/series/MICH,Michigan – 1yr Inflation Expectations,3.2,Percent (%),2023-09,University of Michigan – Surveys of Consumers,FRED series MICH
4533,Yijie,,OECD CCI – Amplitude Adjusted,97.7463,Normalised (avg=100),2023-09,OECD via FRED – CSCICP03USM665S,Above 100 = optimism; below 100 = pessimism
4534,Yijie,https://fred.stlouisfed.org/series/USACSCICP02STSAM,OECD CCI – Standardised,72.94898,Normalised (avg=100),2023-09,OECD via FRED,FRED series USACSCICP02STSAM
4535,Yijie,,Yale – Individual 1yr Stock Confidence,64.06,%,2023-09,Yale ICF – Stock Market Confidence Indices,% of individual investors expecting market higher in 1yr
4536,Yijie,,Yale – Institutional 1yr Stock Confidence,70.59,%,2023-09,Yale ICF – Stock Market Confidence Indices,% of institutional investors expecting market higher in 1yr
4537,Yijie,https://fred.stlouisfed.org/series/T5YIE,5yr Breakeven Inflation Rate,2.23,Percent (%),2023-10,Federal Reserve Bank of St. Louis,FRED series T5YIE
4538,Yijie,https://fred.stlouisfed.org/series/EXPINF10YR,Cleveland Fed – 10yr Inflation Expectations,2.36266313,Percent (%),2023-10,Federal Reserve Bank of Cleveland via FRED,FRED series EXPINF10YR
4539,Yijie,https://fred.stlouisfed.org/series/EXPINF1YR,Cleveland Fed – 1yr Inflation Expectations,2.76957367,Percent (%),2023-10,Federal Reserve Bank of Cleveland via FRED,FRED series EXPINF1YR
4540,Yijie,,Michigan ICS – Overall,63.8,Index Points,2023-10,Univ. of Michigan – Surveys of Consumers,
4541,Yijie,https://fred.stlouisfed.org/series/MICH,Michigan – 1yr Inflation Expectations,4.2,Percent (%),2023-10,University of Michigan – Surveys of Consumers,FRED series MICH
4542,Yijie,,OECD CCI – Amplitude Adjusted,97.51254,Normalised (avg=100),2023-10,OECD via FRED – CSCICP03USM665S,Above 100 = optimism; below 100 = pessimism
4543,Yijie,https://fred.stlouisfed.org/series/USACSCICP02STSAM,OECD CCI – Standardised,68.64521,Normalised (avg=100),2023-10,OECD via FRED,FRED series USACSCICP02STSAM
4544,Yijie,,Yale – Individual 1yr Stock Confidence,69.52,%,2023-10,Yale ICF – Stock Market Confidence Indices,% of individual investors expecting market higher in 1yr
4545,Yijie,,Yale – Institutional 1yr Stock Confidence,75.38,%,2023-10,Yale ICF – Stock Market Confidence Indices,% of institutional investors expecting market higher in 1yr
4546,Yijie,https://fred.stlouisfed.org/series/T5YIE,5yr Breakeven Inflation Rate,2.36,Percent (%),2023-11,Federal Reserve Bank of St. Louis,FRED series T5YIE
4547,Yijie,https://fred.stlouisfed.org/series/EXPINF10YR,Cleveland Fed – 10yr Inflation Expectations,2.38411387,Percent (%),2023-11,Federal Reserve Bank of Cleveland via FRED,FRED series EXPINF10YR
4548,Yijie,https://fred.stlouisfed.org/series/EXPINF1YR,Cleveland Fed – 1yr Inflation Expectations,2.7911957,Percent (%),2023-11,Federal Reserve Bank of Cleveland via FRED,FRED series EXPINF1YR
4549,Yijie,,Michigan ICS – Overall,61.3,Index Points,2023-11,Univ. of Michigan – Surveys of Consumers,
4550,Yijie,https://fred.stlouisfed.org/series/MICH,Michigan – 1yr Inflation Expectations,4.5,Percent (%),2023-11,University of Michigan – Surveys of Consumers,FRED series MICH
4551,Yijie,,OECD CCI – Amplitude Adjusted,97.56221,Normalised (avg=100),2023-11,OECD via FRED – CSCICP03USM665S,Above 100 = optimism; below 100 = pessimism
4552,Yijie,https://fred.stlouisfed.org/series/USACSCICP02STSAM,OECD CCI – Standardised,65.95535,Normalised (avg=100),2023-11,OECD via FRED,FRED series USACSCICP02STSAM
4553,Yijie,,Yale – Individual 1yr Stock Confidence,80.0,%,2023-11,Yale ICF – Stock Market Confidence Indices,% of individual investors expecting market higher in 1yr
4554,Yijie,,Yale – Institutional 1yr Stock Confidence,71.93,%,2023-11,Yale ICF – Stock Market Confidence Indices,% of institutional investors expecting market higher in 1yr
4555,Yijie,https://fred.stlouisfed.org/series/T5YIE,5yr Breakeven Inflation Rate,2.12,Percent (%),2023-12,Federal Reserve Bank of St. Louis,FRED series T5YIE
4556,Yijie,https://fred.stlouisfed.org/series/EXPINF10YR,Cleveland Fed – 10yr Inflation Expectations,2.27841034,Percent (%),2023-12,Federal Reserve Bank of Cleveland via FRED,FRED series EXPINF10YR
4557,Yijie,https://fred.stlouisfed.org/series/EXPINF1YR,Cleveland Fed – 1yr Inflation Expectations,3.09166499,Percent (%),2023-12,Federal Reserve Bank of Cleveland via FRED,FRED series EXPINF1YR
4558,Yijie,,Michigan ICS – Overall,69.7,Index Points,2023-12,Univ. of Michigan – Surveys of Consumers,
4559,Yijie,https://fred.stlouisfed.org/series/MICH,Michigan – 1yr Inflation Expectations,3.1,Percent (%),2023-12,University of Michigan – Surveys of Consumers,FRED series MICH
4560,Yijie,,OECD CCI – Amplitude Adjusted,98.1097,Normalised (avg=100),2023-12,OECD via FRED – CSCICP03USM665S,Above 100 = optimism; below 100 = pessimism
4561,Yijie,https://fred.stlouisfed.org/series/USACSCICP02STSAM,OECD CCI – Standardised,74.99328,Normalised (avg=100),2023-12,OECD via FRED,FRED series USACSCICP02STSAM
4562,Yijie,,Yale – Individual 1yr Stock Confidence,79.8,%,2023-12,Yale ICF – Stock Market Confidence Indices,% of individual investors expecting market higher in 1yr
4563,Yijie,,Yale – Institutional 1yr Stock Confidence,72.88,%,2023-12,Yale ICF – Stock Market Confidence Indices,% of institutional investors expecting market higher in 1yr
4564,Yijie,https://fred.stlouisfed.org/series/T5YIE,5yr Breakeven Inflation Rate,2.17,Percent (%),2024-01,Federal Reserve Bank of St. Louis,FRED series T5YIE
4565,Yijie,https://fred.stlouisfed.org/series/EXPINF10YR,Cleveland Fed – 10yr Inflation Expectations,2.16450727,Percent (%),2024-01,Federal Reserve Bank of Cleveland via FRED,FRED series EXPINF10YR
4566,Yijie,https://fred.stlouisfed.org/series/EXPINF1YR,Cleveland Fed – 1yr Inflation Expectations,2.41863256,Percent (%),2024-01,Federal Reserve Bank of Cleveland via FRED,FRED series EXPINF1YR
4567,Yijie,,Michigan ICS – Overall,79.0,Index Points,2024-01,Univ. of Michigan – Surveys of Consumers,
4568,Yijie,https://fred.stlouisfed.org/series/MICH,Michigan – 1yr Inflation Expectations,2.9,Percent (%),2024-01,University of Michigan – Surveys of Consumers,FRED series MICH
4569,Yijie,,OECD CCI – Amplitude Adjusted,98.91297,Normalised (avg=100),2024-01,OECD via FRED – CSCICP03USM665S,Above 100 = optimism; below 100 = pessimism
4570,Yijie,https://fred.stlouisfed.org/series/USACSCICP02STSAM,OECD CCI – Standardised,84.99955,Normalised (avg=100),2024-01,OECD via FRED,FRED series USACSCICP02STSAM
4571,Yijie,,Yale – Individual 1yr Stock Confidence,81.4,%,2024-01,Yale ICF – Stock Market Confidence Indices,% of individual investors expecting market higher in 1yr
4572,Yijie,,Yale – Institutional 1yr Stock Confidence,75.93,%,2024-01,Yale ICF – Stock Market Confidence Indices,% of institutional investors expecting market higher in 1yr
4573,Yijie,https://fred.stlouisfed.org/series/T5YIE,5yr Breakeven Inflation Rate,2.17,Percent (%),2024-02,Federal Reserve Bank of St. Louis,FRED series T5YIE
4574,Yijie,https://fred.stlouisfed.org/series/EXPINF10YR,Cleveland Fed – 10yr Inflation Expectations,2.14620097,Percent (%),2024-02,Federal Reserve Bank of Cleveland via FRED,FRED series EXPINF10YR
4575,Yijie,https://fred.stlouisfed.org/series/EXPINF1YR,Cleveland Fed – 1yr Inflation Expectations,2.42832804,Percent (%),2024-02,Federal Reserve Bank of Cleveland via FRED,FRED series EXPINF1YR
4576,Yijie,,Michigan ICS – Overall,76.9,Index Points,2024-02,Univ. of Michigan – Surveys of Consumers,
4577,Yijie,https://fred.stlouisfed.org/series/MICH,Michigan – 1yr Inflation Expectations,3.0,Percent (%),2024-02,University of Michigan – Surveys of Consumers,FRED series MICH
4578,Yijie,https://fred.stlouisfed.org/series/USACSCICP02STSAM,OECD CCI – Standardised,82.74007,Normalised (avg=100),2024-02,OECD via FRED,FRED series USACSCICP02STSAM
4579,Yijie,,Yale – Individual 1yr Stock Confidence,81.44,%,2024-02,Yale ICF – Stock Market Confidence Indices,% of individual investors expecting market higher in 1yr
4580,Yijie,,Yale – Institutional 1yr Stock Confidence,82.69,%,2024-02,Yale ICF – Stock Market Confidence Indices,% of institutional investors expecting market higher in 1yr
4581,Yijie,https://fred.stlouisfed.org/series/T5YIE,5yr Breakeven Inflation Rate,2.4,Percent (%),2024-03,Federal Reserve Bank of St. Louis,FRED series T5YIE
4582,Yijie,https://fred.stlouisfed.org/series/EXPINF10YR,Cleveland Fed – 10yr Inflation Expectations,2.21875271,Percent (%),2024-03,Federal Reserve Bank of Cleveland via FRED,FRED series EXPINF10YR
4583,Yijie,https://fred.stlouisfed.org/series/EXPINF1YR,Cleveland Fed – 1yr Inflation Expectations,2.08221333,Percent (%),2024-03,Federal Reserve Bank of Cleveland via FRED,FRED series EXPINF1YR
4584,Yijie,,Michigan ICS – Overall,79.4,Index Points,2024-03,Univ. of Michigan – Surveys of Consumers,
4585,Yijie,https://fred.stlouisfed.org/series/MICH,Michigan – 1yr Inflation Expectations,2.9,Percent (%),2024-03,University of Michigan – Surveys of Consumers,FRED series MICH
4586,Yijie,https://fred.stlouisfed.org/series/USACSCICP02STSAM,OECD CCI – Standardised,85.42993,Normalised (avg=100),2024-03,OECD via FRED,FRED series USACSCICP02STSAM
4587,Yijie,,Yale – Individual 1yr Stock Confidence,80.58,%,2024-03,Yale ICF – Stock Market Confidence Indices,% of individual investors expecting market higher in 1yr
4588,Yijie,,Yale – Institutional 1yr Stock Confidence,86.05,%,2024-03,Yale ICF – Stock Market Confidence Indices,% of institutional investors expecting market higher in 1yr
4589,Yijie,https://fred.stlouisfed.org/series/T5YIE,5yr Breakeven Inflation Rate,2.41,Percent (%),2024-04,Federal Reserve Bank of St. Louis,FRED series T5YIE
4590,Yijie,https://fred.stlouisfed.org/series/EXPINF10YR,Cleveland Fed – 10yr Inflation Expectations,2.34296136,Percent (%),2024-04,Federal Reserve Bank of Cleveland via FRED,FRED series EXPINF10YR
4591,Yijie,https://fred.stlouisfed.org/series/EXPINF1YR,Cleveland Fed – 1yr Inflation Expectations,2.70436687,Percent (%),2024-04,Federal Reserve Bank of Cleveland via FRED,FRED series EXPINF1YR
4592,Yijie,,Michigan ICS – Overall,77.2,Index Points,2024-04,Univ. of Michigan – Surveys of Consumers,
4593,Yijie,https://fred.stlouisfed.org/series/MICH,Michigan – 1yr Inflation Expectations,3.2,Percent (%),2024-04,University of Michigan – Surveys of Consumers,FRED series MICH
4594,Yijie,https://fred.stlouisfed.org/series/USACSCICP02STSAM,OECD CCI – Standardised,83.06285,Normalised (avg=100),2024-04,OECD via FRED,FRED series USACSCICP02STSAM
4595,Yijie,,Yale – Individual 1yr Stock Confidence,80.2,%,2024-04,Yale ICF – Stock Market Confidence Indices,% of individual investors expecting market higher in 1yr
4596,Yijie,,Yale – Institutional 1yr Stock Confidence,87.04,%,2024-04,Yale ICF – Stock Market Confidence Indices,% of institutional investors expecting market higher in 1yr
4597,Yijie,https://fred.stlouisfed.org/series/T5YIE,5yr Breakeven Inflation Rate,2.39,Percent (%),2024-05,Federal Reserve Bank of St. Louis,FRED series T5YIE
4598,Yijie,https://fred.stlouisfed.org/series/EXPINF10YR,Cleveland Fed – 10yr Inflation Expectations,2.45150113,Percent (%),2024-05,Federal Reserve Bank of Cleveland via FRED,FRED series EXPINF10YR
4599,Yijie,https://fred.stlouisfed.org/series/EXPINF1YR,Cleveland Fed – 1yr Inflation Expectations,2.93566763,Percent (%),2024-05,Federal Reserve Bank of Cleveland via FRED,FRED series EXPINF1YR
4600,Yijie,,Michigan ICS – Overall,69.1,Index Points,2024-05,Univ. of Michigan – Surveys of Consumers,
4601,Yijie,https://fred.stlouisfed.org/series/MICH,Michigan – 1yr Inflation Expectations,3.3,Percent (%),2024-05,University of Michigan – Surveys of Consumers,FRED series MICH
4602,Yijie,https://fred.stlouisfed.org/series/USACSCICP02STSAM,OECD CCI – Standardised,74.34771,Normalised (avg=100),2024-05,OECD via FRED,FRED series USACSCICP02STSAM
4603,Yijie,,Yale – Individual 1yr Stock Confidence,78.0,%,2024-05,Yale ICF – Stock Market Confidence Indices,% of individual investors expecting market higher in 1yr
4604,Yijie,,Yale – Institutional 1yr Stock Confidence,81.82,%,2024-05,Yale ICF – Stock Market Confidence Indices,% of institutional investors expecting market higher in 1yr
4605,Yijie,https://fred.stlouisfed.org/series/T5YIE,5yr Breakeven Inflation Rate,2.31,Percent (%),2024-06,Federal Reserve Bank of St. Louis,FRED series T5YIE
4606,Yijie,https://fred.stlouisfed.org/series/EXPINF10YR,Cleveland Fed – 10yr Inflation Expectations,2.36706367,Percent (%),2024-06,Federal Reserve Bank of Cleveland via FRED,FRED series EXPINF10YR
4607,Yijie,https://fred.stlouisfed.org/series/EXPINF1YR,Cleveland Fed – 1yr Inflation Expectations,2.7258402,Percent (%),2024-06,Federal Reserve Bank of Cleveland via FRED,FRED series EXPINF1YR
4608,Yijie,,Michigan ICS – Overall,68.2,Index Points,2024-06,Univ. of Michigan – Surveys of Consumers,
4609,Yijie,https://fred.stlouisfed.org/series/MICH,Michigan – 1yr Inflation Expectations,3.0,Percent (%),2024-06,University of Michigan – Surveys of Consumers,FRED series MICH
4610,Yijie,https://fred.stlouisfed.org/series/USACSCICP02STSAM,OECD CCI – Standardised,73.37936,Normalised (avg=100),2024-06,OECD via FRED,FRED series USACSCICP02STSAM
4611,Yijie,,Yale – Individual 1yr Stock Confidence,74.76,%,2024-06,Yale ICF – Stock Market Confidence Indices,% of individual investors expecting market higher in 1yr
4612,Yijie,,Yale – Institutional 1yr Stock Confidence,80.0,%,2024-06,Yale ICF – Stock Market Confidence Indices,% of institutional investors expecting market higher in 1yr
4613,Yijie,https://fred.stlouisfed.org/series/T5YIE,5yr Breakeven Inflation Rate,2.29,Percent (%),2024-07,Federal Reserve Bank of St. Louis,FRED series T5YIE
4614,Yijie,https://fred.stlouisfed.org/series/EXPINF10YR,Cleveland Fed – 10yr Inflation Expectations,2.36818604,Percent (%),2024-07,Federal Reserve Bank of Cleveland via FRED,FRED series EXPINF10YR
4615,Yijie,https://fred.stlouisfed.org/series/EXPINF1YR,Cleveland Fed – 1yr Inflation Expectations,2.55564431,Percent (%),2024-07,Federal Reserve Bank of Cleveland via FRED,FRED series EXPINF1YR
4616,Yijie,,Michigan ICS – Overall,66.4,Index Points,2024-07,Univ. of Michigan – Surveys of Consumers,
4617,Yijie,https://fred.stlouisfed.org/series/MICH,Michigan – 1yr Inflation Expectations,2.9,Percent (%),2024-07,University of Michigan – Surveys of Consumers,FRED series MICH
4618,Yijie,https://fred.stlouisfed.org/series/USACSCICP02STSAM,OECD CCI – Standardised,71.44266,Normalised (avg=100),2024-07,OECD via FRED,FRED series USACSCICP02STSAM
4619,Yijie,,Yale – Individual 1yr Stock Confidence,73.68,%,2024-07,Yale ICF – Stock Market Confidence Indices,% of individual investors expecting market higher in 1yr
4620,Yijie,,Yale – Institutional 1yr Stock Confidence,70.73,%,2024-07,Yale ICF – Stock Market Confidence Indices,% of institutional investors expecting market higher in 1yr
4621,Yijie,https://fred.stlouisfed.org/series/T5YIE,5yr Breakeven Inflation Rate,2.06,Percent (%),2024-08,Federal Reserve Bank of St. Louis,FRED series T5YIE
4622,Yijie,https://fred.stlouisfed.org/series/EXPINF10YR,Cleveland Fed – 10yr Inflation Expectations,2.16406862,Percent (%),2024-08,Federal Reserve Bank of Cleveland via FRED,FRED series EXPINF10YR
4623,Yijie,https://fred.stlouisfed.org/series/EXPINF1YR,Cleveland Fed – 1yr Inflation Expectations,2.3470594,Percent (%),2024-08,Federal Reserve Bank of Cleveland via FRED,FRED series EXPINF1YR
4624,Yijie,,Michigan ICS – Overall,67.9,Index Points,2024-08,Univ. of Michigan – Surveys of Consumers,
4625,Yijie,https://fred.stlouisfed.org/series/MICH,Michigan – 1yr Inflation Expectations,2.8,Percent (%),2024-08,University of Michigan – Surveys of Consumers,FRED series MICH
4626,Yijie,https://fred.stlouisfed.org/series/USACSCICP02STSAM,OECD CCI – Standardised,73.05658,Normalised (avg=100),2024-08,OECD via FRED,FRED series USACSCICP02STSAM
4627,Yijie,,Yale – Individual 1yr Stock Confidence,72.22,%,2024-08,Yale ICF – Stock Market Confidence Indices,% of individual investors expecting market higher in 1yr
4628,Yijie,,Yale – Institutional 1yr Stock Confidence,67.53,%,2024-08,Yale ICF – Stock Market Confidence Indices,% of institutional investors expecting market higher in 1yr
4629,Yijie,https://fred.stlouisfed.org/series/T5YIE,5yr Breakeven Inflation Rate,1.95,Percent (%),2024-09,Federal Reserve Bank of St. Louis,FRED series T5YIE
4630,Yijie,https://fred.stlouisfed.org/series/EXPINF10YR,Cleveland Fed – 10yr Inflation Expectations,2.12450669,Percent (%),2024-09,Federal Reserve Bank of Cleveland via FRED,FRED series EXPINF10YR
4631,Yijie,https://fred.stlouisfed.org/series/EXPINF1YR,Cleveland Fed – 1yr Inflation Expectations,2.23612091,Percent (%),2024-09,Federal Reserve Bank of Cleveland via FRED,FRED series EXPINF1YR
4632,Yijie,,Michigan ICS – Overall,70.1,Index Points,2024-09,Univ. of Michigan – Surveys of Consumers,
4633,Yijie,https://fred.stlouisfed.org/series/MICH,Michigan – 1yr Inflation Expectations,2.7,Percent (%),2024-09,University of Michigan – Surveys of Consumers,FRED series MICH
4634,Yijie,https://fred.stlouisfed.org/series/USACSCICP02STSAM,OECD CCI – Standardised,75.42365,Normalised (avg=100),2024-09,OECD via FRED,FRED series USACSCICP02STSAM
4635,Yijie,,Yale – Individual 1yr Stock Confidence,71.65,%,2024-09,Yale ICF – Stock Market Confidence Indices,% of individual investors expecting market higher in 1yr
4636,Yijie,,Yale – Institutional 1yr Stock Confidence,66.23,%,2024-09,Yale ICF – Stock Market Confidence Indices,% of institutional investors expecting market higher in 1yr
4637,Yijie,https://fred.stlouisfed.org/series/T5YIE,5yr Breakeven Inflation Rate,2.07,Percent (%),2024-10,Federal Reserve Bank of St. Louis,FRED series T5YIE
4638,Yijie,https://fred.stlouisfed.org/series/EXPINF10YR,Cleveland Fed – 10yr Inflation Expectations,2.11629084,Percent (%),2024-10,Federal Reserve Bank of Cleveland via FRED,FRED series EXPINF10YR
4639,Yijie,https://fred.stlouisfed.org/series/EXPINF1YR,Cleveland Fed – 1yr Inflation Expectations,2.25612841,Percent (%),2024-10,Federal Reserve Bank of Cleveland via FRED,FRED series EXPINF1YR
4640,Yijie,,Michigan ICS – Overall,70.5,Index Points,2024-10,Univ. of Michigan – Surveys of Consumers,
4641,Yijie,https://fred.stlouisfed.org/series/MICH,Michigan – 1yr Inflation Expectations,2.7,Percent (%),2024-10,University of Michigan – Surveys of Consumers,FRED series MICH
4642,Yijie,https://fred.stlouisfed.org/series/USACSCICP02STSAM,OECD CCI – Standardised,75.85403,Normalised (avg=100),2024-10,OECD via FRED,FRED series USACSCICP02STSAM
4643,Yijie,,Yale – Individual 1yr Stock Confidence,69.17,%,2024-10,Yale ICF – Stock Market Confidence Indices,% of individual investors expecting market higher in 1yr
4644,Yijie,,Yale – Institutional 1yr Stock Confidence,67.57,%,2024-10,Yale ICF – Stock Market Confidence Indices,% of institutional investors expecting market higher in 1yr
4645,Yijie,https://fred.stlouisfed.org/series/T5YIE,5yr Breakeven Inflation Rate,2.37,Percent (%),2024-11,Federal Reserve Bank of St. Louis,FRED series T5YIE
4646,Yijie,https://fred.stlouisfed.org/series/EXPINF10YR,Cleveland Fed – 10yr Inflation Expectations,2.3321638,Percent (%),2024-11,Federal Reserve Bank of Cleveland via FRED,FRED series EXPINF10YR
4647,Yijie,https://fred.stlouisfed.org/series/EXPINF1YR,Cleveland Fed – 1yr Inflation Expectations,2.4316758,Percent (%),2024-11,Federal Reserve Bank of Cleveland via FRED,FRED series EXPINF1YR
4648,Yijie,,Michigan ICS – Overall,71.8,Index Points,2024-11,Univ. of Michigan – Surveys of Consumers,
4649,Yijie,https://fred.stlouisfed.org/series/MICH,Michigan – 1yr Inflation Expectations,2.6,Percent (%),2024-11,University of Michigan – Surveys of Consumers,FRED series MICH
4650,Yijie,https://fred.stlouisfed.org/series/USACSCICP02STSAM,OECD CCI – Standardised,77.25275,Normalised (avg=100),2024-11,OECD via FRED,FRED series USACSCICP02STSAM
4651,Yijie,,Yale – Individual 1yr Stock Confidence,68.6,%,2024-11,Yale ICF – Stock Market Confidence Indices,% of individual investors expecting market higher in 1yr
4652,Yijie,,Yale – Institutional 1yr Stock Confidence,68.42,%,2024-11,Yale ICF – Stock Market Confidence Indices,% of institutional investors expecting market higher in 1yr
4653,Yijie,https://fred.stlouisfed.org/series/T5YIE,5yr Breakeven Inflation Rate,2.33,Percent (%),2024-12,Federal Reserve Bank of St. Louis,FRED series T5YIE
4654,Yijie,https://fred.stlouisfed.org/series/EXPINF10YR,Cleveland Fed – 10yr Inflation Expectations,2.32446872,Percent (%),2024-12,Federal Reserve Bank of Cleveland via FRED,FRED series EXPINF10YR
4655,Yijie,https://fred.stlouisfed.org/series/EXPINF1YR,Cleveland Fed – 1yr Inflation Expectations,2.65035634,Percent (%),2024-12,Federal Reserve Bank of Cleveland via FRED,FRED series EXPINF1YR
4656,Yijie,,Michigan ICS – Overall,74.0,Index Points,2024-12,Univ. of Michigan – Surveys of Consumers,
4657,Yijie,https://fred.stlouisfed.org/series/MICH,Michigan – 1yr Inflation Expectations,2.8,Percent (%),2024-12,University of Michigan – Surveys of Consumers,FRED series MICH
4658,Yijie,https://fred.stlouisfed.org/series/USACSCICP02STSAM,OECD CCI – Standardised,79.61983,Normalised (avg=100),2024-12,OECD via FRED,FRED series USACSCICP02STSAM
4659,Yijie,,Yale – Individual 1yr Stock Confidence,69.49,%,2024-12,Yale ICF – Stock Market Confidence Indices,% of individual investors expecting market higher in 1yr
4660,Yijie,,Yale – Institutional 1yr Stock Confidence,70.42,%,2024-12,Yale ICF – Stock Market Confidence Indices,% of institutional investors expecting market higher in 1yr
4661,Yijie,https://fred.stlouisfed.org/series/T5YIE,5yr Breakeven Inflation Rate,2.41,Percent (%),2025-01,Federal Reserve Bank of St. Louis,FRED series T5YIE
4662,Yijie,https://fred.stlouisfed.org/series/EXPINF10YR,Cleveland Fed – 10yr Inflation Expectations,2.4442605,Percent (%),2025-01,Federal Reserve Bank of Cleveland via FRED,FRED series EXPINF10YR
4663,Yijie,https://fred.stlouisfed.org/series/EXPINF1YR,Cleveland Fed – 1yr Inflation Expectations,2.62695841,Percent (%),2025-01,Federal Reserve Bank of Cleveland via FRED,FRED series EXPINF1YR
4664,Yijie,,Michigan ICS – Overall,71.7,Index Points,2025-01,Univ. of Michigan – Surveys of Consumers,
4665,Yijie,https://fred.stlouisfed.org/series/MICH,Michigan – 1yr Inflation Expectations,3.3,Percent (%),2025-01,University of Michigan – Surveys of Consumers,FRED series MICH
4666,Yijie,https://fred.stlouisfed.org/series/USACSCICP02STSAM,OECD CCI – Standardised,77.14516,Normalised (avg=100),2025-01,OECD via FRED,FRED series USACSCICP02STSAM
4667,Yijie,,Yale – Individual 1yr Stock Confidence,70.41,%,2025-01,Yale ICF – Stock Market Confidence Indices,% of individual investors expecting market higher in 1yr
4668,Yijie,,Yale – Institutional 1yr Stock Confidence,80.39,%,2025-01,Yale ICF – Stock Market Confidence Indices,% of institutional investors expecting market higher in 1yr
4669,Yijie,https://fred.stlouisfed.org/series/T5YIE,5yr Breakeven Inflation Rate,2.61,Percent (%),2025-02,Federal Reserve Bank of St. Louis,FRED series T5YIE
4670,Yijie,https://fred.stlouisfed.org/series/EXPINF10YR,Cleveland Fed – 10yr Inflation Expectations,2.46766707,Percent (%),2025-02,Federal Reserve Bank of Cleveland via FRED,FRED series EXPINF10YR
4671,Yijie,https://fred.stlouisfed.org/series/EXPINF1YR,Cleveland Fed – 1yr Inflation Expectations,2.72766223,Percent (%),2025-02,Federal Reserve Bank of Cleveland via FRED,FRED series EXPINF1YR
4672,Yijie,,Michigan ICS – Overall,64.7,Index Points,2025-02,Univ. of Michigan – Surveys of Consumers,
4673,Yijie,https://fred.stlouisfed.org/series/MICH,Michigan – 1yr Inflation Expectations,4.3,Percent (%),2025-02,University of Michigan – Surveys of Consumers,FRED series MICH
4674,Yijie,https://fred.stlouisfed.org/series/USACSCICP02STSAM,OECD CCI – Standardised,69.61356,Normalised (avg=100),2025-02,OECD via FRED,FRED series USACSCICP02STSAM
4675,Yijie,,Yale – Individual 1yr Stock Confidence,66.02,%,2025-02,Yale ICF – Stock Market Confidence Indices,% of individual investors expecting market higher in 1yr
4676,Yijie,,Yale – Institutional 1yr Stock Confidence,80.36,%,2025-02,Yale ICF – Stock Market Confidence Indices,% of institutional investors expecting market higher in 1yr
4677,Yijie,https://fred.stlouisfed.org/series/T5YIE,5yr Breakeven Inflation Rate,2.59,Percent (%),2025-03,Federal Reserve Bank of St. Louis,FRED series T5YIE
4678,Yijie,https://fred.stlouisfed.org/series/EXPINF10YR,Cleveland Fed – 10yr Inflation Expectations,2.29565598,Percent (%),2025-03,Federal Reserve Bank of Cleveland via FRED,FRED series EXPINF10YR
4679,Yijie,https://fred.stlouisfed.org/series/EXPINF1YR,Cleveland Fed – 1yr Inflation Expectations,2.18385272,Percent (%),2025-03,Federal Reserve Bank of Cleveland via FRED,FRED series EXPINF1YR
4680,Yijie,,Michigan ICS – Overall,57.0,Index Points,2025-03,Univ. of Michigan – Surveys of Consumers,
4681,Yijie,https://fred.stlouisfed.org/series/MICH,Michigan – 1yr Inflation Expectations,5.0,Percent (%),2025-03,University of Michigan – Surveys of Consumers,FRED series MICH
4682,Yijie,https://fred.stlouisfed.org/series/USACSCICP02STSAM,OECD CCI – Standardised,61.32879,Normalised (avg=100),2025-03,OECD via FRED,FRED series USACSCICP02STSAM
4683,Yijie,,Yale – Individual 1yr Stock Confidence,60.91,%,2025-03,Yale ICF – Stock Market Confidence Indices,% of individual investors expecting market higher in 1yr
4684,Yijie,,Yale – Institutional 1yr Stock Confidence,81.97,%,2025-03,Yale ICF – Stock Market Confidence Indices,% of institutional investors expecting market higher in 1yr
4685,Yijie,https://fred.stlouisfed.org/series/T5YIE,5yr Breakeven Inflation Rate,2.54,Percent (%),2025-04,Federal Reserve Bank of St. Louis,FRED series T5YIE
4686,Yijie,https://fred.stlouisfed.org/series/EXPINF10YR,Cleveland Fed – 10yr Inflation Expectations,2.35127536,Percent (%),2025-04,Federal Reserve Bank of Cleveland via FRED,FRED series EXPINF10YR
4687,Yijie,https://fred.stlouisfed.org/series/EXPINF1YR,Cleveland Fed – 1yr Inflation Expectations,2.88718559,Percent (%),2025-04,Federal Reserve Bank of Cleveland via FRED,FRED series EXPINF1YR
4688,Yijie,,Michigan ICS – Overall,52.2,Index Points,2025-04,Univ. of Michigan – Surveys of Consumers,
4689,Yijie,https://fred.stlouisfed.org/series/MICH,Michigan – 1yr Inflation Expectations,6.5,Percent (%),2025-04,University of Michigan – Surveys of Consumers,FRED series MICH
4690,Yijie,https://fred.stlouisfed.org/series/USACSCICP02STSAM,OECD CCI – Standardised,56.16426,Normalised (avg=100),2025-04,OECD via FRED,FRED series USACSCICP02STSAM
4691,Yijie,,Yale – Individual 1yr Stock Confidence,59.32,%,2025-04,Yale ICF – Stock Market Confidence Indices,% of individual investors expecting market higher in 1yr
4692,Yijie,,Yale – Institutional 1yr Stock Confidence,79.66,%,2025-04,Yale ICF – Stock Market Confidence Indices,% of institutional investors expecting market higher in 1yr
4693,Yijie,https://fred.stlouisfed.org/series/T5YIE,5yr Breakeven Inflation Rate,2.3,Percent (%),2025-05,Federal Reserve Bank of St. Louis,FRED series T5YIE
4694,Yijie,https://fred.stlouisfed.org/series/EXPINF10YR,Cleveland Fed – 10yr Inflation Expectations,2.30900499,Percent (%),2025-05,Federal Reserve Bank of Cleveland via FRED,FRED series EXPINF10YR
4695,Yijie,https://fred.stlouisfed.org/series/EXPINF1YR,Cleveland Fed – 1yr Inflation Expectations,2.69133727,Percent (%),2025-05,Federal Reserve Bank of Cleveland via FRED,FRED series EXPINF1YR
4696,Yijie,,Michigan ICS – Overall,52.2,Index Points,2025-05,Univ. of Michigan – Surveys of Consumers,
4697,Yijie,https://fred.stlouisfed.org/series/MICH,Michigan – 1yr Inflation Expectations,6.6,Percent (%),2025-05,University of Michigan – Surveys of Consumers,FRED series MICH
4698,Yijie,https://fred.stlouisfed.org/series/USACSCICP02STSAM,OECD CCI – Standardised,56.16426,Normalised (avg=100),2025-05,OECD via FRED,FRED series USACSCICP02STSAM
4699,Yijie,,Yale – Individual 1yr Stock Confidence,63.11,%,2025-05,Yale ICF – Stock Market Confidence Indices,% of individual investors expecting market higher in 1yr
4700,Yijie,,Yale – Institutional 1yr Stock Confidence,81.03,%,2025-05,Yale ICF – Stock Market Confidence Indices,% of institutional investors expecting market higher in 1yr
4701,Yijie,https://fred.stlouisfed.org/series/T5YIE,5yr Breakeven Inflation Rate,2.38,Percent (%),2025-06,Federal Reserve Bank of St. Louis,FRED series T5YIE
4702,Yijie,https://fred.stlouisfed.org/series/EXPINF10YR,Cleveland Fed – 10yr Inflation Expectations,2.34697544,Percent (%),2025-06,Federal Reserve Bank of Cleveland via FRED,FRED series EXPINF10YR
4703,Yijie,https://fred.stlouisfed.org/series/EXPINF1YR,Cleveland Fed – 1yr Inflation Expectations,2.38054202,Percent (%),2025-06,Federal Reserve Bank of Cleveland via FRED,FRED series EXPINF1YR
4704,Yijie,,Michigan ICS – Overall,60.7,Index Points,2025-06,Univ. of Michigan – Surveys of Consumers,
4705,Yijie,https://fred.stlouisfed.org/series/MICH,Michigan – 1yr Inflation Expectations,5.0,Percent (%),2025-06,University of Michigan – Surveys of Consumers,FRED series MICH
4706,Yijie,https://fred.stlouisfed.org/series/USACSCICP02STSAM,OECD CCI – Standardised,65.30978,Normalised (avg=100),2025-06,OECD via FRED,FRED series USACSCICP02STSAM
4707,Yijie,,Yale – Individual 1yr Stock Confidence,64.41,%,2025-06,Yale ICF – Stock Market Confidence Indices,% of individual investors expecting market higher in 1yr
4708,Yijie,,Yale – Institutional 1yr Stock Confidence,77.78,%,2025-06,Yale ICF – Stock Market Confidence Indices,% of institutional investors expecting market higher in 1yr
4709,Yijie,https://fred.stlouisfed.org/series/T5YIE,5yr Breakeven Inflation Rate,2.32,Percent (%),2025-07,Federal Reserve Bank of St. Louis,FRED series T5YIE
4710,Yijie,https://fred.stlouisfed.org/series/EXPINF10YR,Cleveland Fed – 10yr Inflation Expectations,2.33880069,Percent (%),2025-07,Federal Reserve Bank of Cleveland via FRED,FRED series EXPINF10YR
4711,Yijie,https://fred.stlouisfed.org/series/EXPINF1YR,Cleveland Fed – 1yr Inflation Expectations,2.78904728,Percent (%),2025-07,Federal Reserve Bank of Cleveland via FRED,FRED series EXPINF1YR
4712,Yijie,,Michigan ICS – Overall,61.7,Index Points,2025-07,Univ. of Michigan – Surveys of Consumers,
4713,Yijie,https://fred.stlouisfed.org/series/MICH,Michigan – 1yr Inflation Expectations,4.5,Percent (%),2025-07,University of Michigan – Surveys of Consumers,FRED series MICH
4714,Yijie,https://fred.stlouisfed.org/series/USACSCICP02STSAM,OECD CCI – Standardised,66.38573,Normalised (avg=100),2025-07,OECD via FRED,FRED series USACSCICP02STSAM
4715,Yijie,,Yale – Individual 1yr Stock Confidence,66.92,%,2025-07,Yale ICF – Stock Market Confidence Indices,% of individual investors expecting market higher in 1yr
4716,Yijie,,Yale – Institutional 1yr Stock Confidence,75.81,%,2025-07,Yale ICF – Stock Market Confidence Indices,% of institutional investors expecting market higher in 1yr
4717,Yijie,https://fred.stlouisfed.org/series/T5YIE,5yr Breakeven Inflation Rate,2.38,Percent (%),2025-08,Federal Reserve Bank of St. Louis,FRED series T5YIE
4718,Yijie,https://fred.stlouisfed.org/series/EXPINF10YR,Cleveland Fed – 10yr Inflation Expectations,2.27835771,Percent (%),2025-08,Federal Reserve Bank of Cleveland via FRED,FRED series EXPINF10YR
4719,Yijie,https://fred.stlouisfed.org/series/EXPINF1YR,Cleveland Fed – 1yr Inflation Expectations,2.68936045,Percent (%),2025-08,Federal Reserve Bank of Cleveland via FRED,FRED series EXPINF1YR
4720,Yijie,,Michigan ICS – Overall,58.2,Index Points,2025-08,Univ. of Michigan – Surveys of Consumers,
4721,Yijie,https://fred.stlouisfed.org/series/MICH,Michigan – 1yr Inflation Expectations,4.8,Percent (%),2025-08,University of Michigan – Surveys of Consumers,FRED series MICH
4722,Yijie,https://fred.stlouisfed.org/series/USACSCICP02STSAM,OECD CCI – Standardised,62.61992,Normalised (avg=100),2025-08,OECD via FRED,FRED series USACSCICP02STSAM
4723,Yijie,https://fred.stlouisfed.org/series/T5YIE,5yr Breakeven Inflation Rate,2.48,Percent (%),2025-09,Federal Reserve Bank of St. Louis,FRED series T5YIE
4724,Yijie,https://fred.stlouisfed.org/series/EXPINF10YR,Cleveland Fed – 10yr Inflation Expectations,2.29884242,Percent (%),2025-09,Federal Reserve Bank of Cleveland via FRED,FRED series EXPINF10YR
4725,Yijie,https://fred.stlouisfed.org/series/EXPINF1YR,Cleveland Fed – 1yr Inflation Expectations,2.80359931,Percent (%),2025-09,Federal Reserve Bank of Cleveland via FRED,FRED series EXPINF1YR
4726,Yijie,,Michigan ICS – Overall,55.1,Index Points,2025-09,Univ. of Michigan – Surveys of Consumers,
4727,Yijie,https://fred.stlouisfed.org/series/MICH,Michigan – 1yr Inflation Expectations,4.7,Percent (%),2025-09,University of Michigan – Surveys of Consumers,FRED series MICH
4728,Yijie,https://fred.stlouisfed.org/series/USACSCICP02STSAM,OECD CCI – Standardised,59.2845,Normalised (avg=100),2025-09,OECD via FRED,FRED series USACSCICP02STSAM
4729,Yijie,https://fred.stlouisfed.org/series/T5YIE,5yr Breakeven Inflation Rate,2.39,Percent (%),2025-10,Federal Reserve Bank of St. Louis,FRED series T5YIE
4730,Yijie,https://fred.stlouisfed.org/series/EXPINF10YR,Cleveland Fed – 10yr Inflation Expectations,2.29642109,Percent (%),2025-10,Federal Reserve Bank of Cleveland via FRED,FRED series EXPINF10YR
4731,Yijie,https://fred.stlouisfed.org/series/EXPINF1YR,Cleveland Fed – 1yr Inflation Expectations,2.72759763,Percent (%),2025-10,Federal Reserve Bank of Cleveland via FRED,FRED series EXPINF1YR
4732,Yijie,,Michigan ICS – Overall,53.6,Index Points,2025-10,Univ. of Michigan – Surveys of Consumers,
4733,Yijie,https://fred.stlouisfed.org/series/MICH,Michigan – 1yr Inflation Expectations,4.6,Percent (%),2025-10,University of Michigan – Surveys of Consumers,FRED series MICH
4734,Yijie,https://fred.stlouisfed.org/series/USACSCICP02STSAM,OECD CCI – Standardised,57.67058,Normalised (avg=100),2025-10,OECD via FRED,FRED series USACSCICP02STSAM
4735,Yijie,https://fred.stlouisfed.org/series/T5YIE,5yr Breakeven Inflation Rate,2.41,Percent (%),2025-11,Federal Reserve Bank of St. Louis,FRED series T5YIE
4736,Yijie,https://fred.stlouisfed.org/series/EXPINF10YR,Cleveland Fed – 10yr Inflation Expectations,2.30712971,Percent (%),2025-11,Federal Reserve Bank of Cleveland via FRED,FRED series EXPINF10YR
4737,Yijie,https://fred.stlouisfed.org/series/EXPINF1YR,Cleveland Fed – 1yr Inflation Expectations,2.70387514,Percent (%),2025-11,Federal Reserve Bank of Cleveland via FRED,FRED series EXPINF1YR
4738,Yijie,,Michigan ICS – Overall,51.0,Index Points,2025-11,Univ. of Michigan – Surveys of Consumers,
4739,Yijie,https://fred.stlouisfed.org/series/MICH,Michigan – 1yr Inflation Expectations,4.5,Percent (%),2025-11,University of Michigan – Surveys of Consumers,FRED series MICH
4740,Yijie,https://fred.stlouisfed.org/series/USACSCICP02STSAM,OECD CCI – Standardised,54.87313,Normalised (avg=100),2025-11,OECD via FRED,FRED series USACSCICP02STSAM
4741,Yijie,https://fred.stlouisfed.org/series/T5YIE,5yr Breakeven Inflation Rate,2.31,Percent (%),2025-12,Federal Reserve Bank of St. Louis,FRED series T5YIE
4742,Yijie,https://fred.stlouisfed.org/series/EXPINF10YR,Cleveland Fed – 10yr Inflation Expectations,2.347133,Percent (%),2025-12,Federal Reserve Bank of Cleveland via FRED,FRED series EXPINF10YR
4743,Yijie,https://fred.stlouisfed.org/series/EXPINF1YR,Cleveland Fed – 1yr Inflation Expectations,3.19286884,Percent (%),2025-12,Federal Reserve Bank of Cleveland via FRED,FRED series EXPINF1YR
4744,Yijie,,Michigan ICS – Overall,52.9,Index Points,2025-12,Univ. of Michigan – Surveys of Consumers,
4745,Yijie,https://fred.stlouisfed.org/series/MICH,Michigan – 1yr Inflation Expectations,4.2,Percent (%),2025-12,University of Michigan – Surveys of Consumers,FRED series MICH
4746,Yijie,https://fred.stlouisfed.org/series/USACSCICP02STSAM,OECD CCI – Standardised,56.91742,Normalised (avg=100),2025-12,OECD via FRED,FRED series USACSCICP02STSAM
4747,Yijie,https://fred.stlouisfed.org/series/T5YIE,5yr Breakeven Inflation Rate,2.28,Percent (%),2026-01,Federal Reserve Bank of St. Louis,FRED series T5YIE
4748,Yijie,https://fred.stlouisfed.org/series/EXPINF10YR,Cleveland Fed – 10yr Inflation Expectations,2.33188071,Percent (%),2026-01,Federal Reserve Bank of Cleveland via FRED,FRED series EXPINF10YR
4749,Yijie,https://fred.stlouisfed.org/series/EXPINF1YR,Cleveland Fed – 1yr Inflation Expectations,2.58639537,Percent (%),2026-01,Federal Reserve Bank of Cleveland via FRED,FRED series EXPINF1YR
4750,Yijie,,Michigan ICS – Overall,56.4,Index Points,2026-01,Univ. of Michigan – Surveys of Consumers,
4751,Yijie,https://fred.stlouisfed.org/series/MICH,Michigan – 1yr Inflation Expectations,4.0,Percent (%),2026-01,University of Michigan – Surveys of Consumers,FRED series MICH
4752,Yijie,https://fred.stlouisfed.org/series/USACSCICP02STSAM,OECD CCI – Standardised,60.68322,Normalised (avg=100),2026-01,OECD via FRED,FRED series USACSCICP02STSAM
4753,Yijie,https://fred.stlouisfed.org/series/T5YIE,5yr Breakeven Inflation Rate,2.52,Percent (%),2026-02,Federal Reserve Bank of St. Louis,FRED series T5YIE
4754,Yijie,https://fred.stlouisfed.org/series/EXPINF10YR,Cleveland Fed – 10yr Inflation Expectations,2.37049821,Percent (%),2026-02,Federal Reserve Bank of Cleveland via FRED,FRED series EXPINF10YR
4755,Yijie,https://fred.stlouisfed.org/series/EXPINF1YR,Cleveland Fed – 1yr Inflation Expectations,2.58569815,Percent (%),2026-02,Federal Reserve Bank of Cleveland via FRED,FRED series EXPINF1YR
4756,Yijie,https://fred.stlouisfed.org/series/UMCSENT,Michigan ICS – Overall,56.6,Index (1966 Q1 = 100),2026-02,Univ. of Michigan – Surveys of Consumers,Monthly final reading via FRED (UMCSENT)
4757,Yijie,https://fred.stlouisfed.org/series/MICH,Michigan – 1yr Inflation Expectations,3.4,Percent (%),2026-02,University of Michigan – Surveys of Consumers,FRED series MICH
4758,Yijie,https://fred.stlouisfed.org/series/USACSCICP02STSAM,OECD CCI – Standardised,60.89841,Normalised (avg=100),2026-02,OECD via FRED,FRED series USACSCICP02STSAM
4759,Yijie,https://fred.stlouisfed.org/series/T5YIE,5yr Breakeven Inflation Rate,2.46,Percent (%),2026-03,Federal Reserve Bank of St. Louis,FRED series T5YIE
4760,Yijie,https://fred.stlouisfed.org/series/EXPINF10YR,Cleveland Fed – 10yr Inflation Expectations,2.19472618,Percent (%),2026-03,Federal Reserve Bank of Cleveland via FRED,FRED series EXPINF10YR
4761,Yijie,https://fred.stlouisfed.org/series/EXPINF1YR,Cleveland Fed – 1yr Inflation Expectations,2.29529521,Percent (%),2026-03,Federal Reserve Bank of Cleveland via FRED,FRED series EXPINF1YR
4762,Yijie,https://fred.stlouisfed.org/series/UMCSENT,Michigan ICS – Overall,53.3,Index (1966 Q1 = 100),2026-03,University of Michigan – Surveys of Consumers,FRED series UMCSENT
4763,Yijie,https://fred.stlouisfed.org/series/MICH,Michigan – 1yr Inflation Expectations,3.8,Percent (%),2026-03,University of Michigan – Surveys of Consumers,FRED series MICH
4764,Yijie,https://fred.stlouisfed.org/series/USACSCICP02STSAM,OECD CCI – Standardised,57.3478,Normalised (avg=100),2026-03,OECD via FRED,FRED series USACSCICP02STSAM
4765,Yijie,https://fred.stlouisfed.org/series/T5YIE,5yr Breakeven Inflation Rate,2.55,Percent (%),2026-04,Federal Reserve Bank of St. Louis,FRED series T5YIE
4766,Yijie,https://fred.stlouisfed.org/series/EXPINF10YR,Cleveland Fed – 10yr Inflation Expectations,2.40190126,Percent (%),2026-04,Federal Reserve Bank of Cleveland via FRED,FRED series EXPINF10YR
4767,Yijie,https://fred.stlouisfed.org/series/EXPINF1YR,Cleveland Fed – 1yr Inflation Expectations,3.25872162,Percent (%),2026-04,Federal Reserve Bank of Cleveland via FRED,FRED series EXPINF1YR
4768,Yijie,https://fred.stlouisfed.org/series/T5YIE,5yr Breakeven Inflation Rate,2.69,Percent (%),2026-05,Federal Reserve Bank of St. Louis,FRED series T5YIE
